id,actor_slug,system,source_kind,source_url,dimension,signal_type,inserted_at,observed_at,confidence,defense_engagement,defense_ambivalence
f90afd54-0522-4a76-aaaa-7be64cbe7e19,qnami,masfactory,website,https://qnami.ch/newsletter-collection/,educational_outreach,legitimacy,2026-07-01 04:19:00.394118+00:00,,0.85,False,False
4f1ae80d-5b7a-4419-962f-234e2c8a212a,ionq,masfactory,manual,https://investors.ionq.com/news/news-details/2026/IonQ-Introduces-Clavis-XG-Multiplex-Making-Quantum-Security-Deployable-at-Scale-in-Metro-Networks/default.aspx,milestones,future_trajectory,2026-07-01 04:19:00.394118+00:00,,0.9,False,False
de16857d-56e6-4780-9658-e04ac71a4d1d,ionq,masfactory,news,http://www.bing.com/news/apiclick.aspx?ref=FexRss&aid=&tid=6a44759fe7664a7984f28ef08df34547&url=https%3a%2f%2fseekingalpha.com%2farticle%2f4862649-ionq-inc-ionq-m-and-a-call-transcript&c=18143702768628912734&mkt=de-de,industry_partnerships,community_ecosystem,2026-07-01 04:19:00.394118+00:00,,0.7,False,False
e2f00a88-2046-4fa6-90bc-383d2087fe1b,fhnw,masfactory,website,https://www.fhnw.ch/de/aktuelles/news-storys,leadership_expertise,legitimacy,2026-07-01 04:41:27.103537+00:00,,0.95,False,False
b925b299-4258-4ed0-8b66-99e3df4f4d70,ionq,masfactory,news,http://www.bing.com/news/apiclick.aspx?ref=FexRss&aid=&tid=6a447592246645bd9cda9cc05dcb5b38&url=https%3a%2f%2fseekingalpha.com%2farticle%2f4862649-ionq-inc-ionq-m-and-a-call-transcript&c=18143702768628912734&mkt=de-de,industry_partnerships,community_ecosystem,2026-07-01 04:41:27.103537+00:00,,0.7,False,False
1fbb78ee-d00c-4b42-a185-a9f55cc38438,fhnw,masfactory,website,https://www.fhnw.ch/,academic_partnerships,community_ecosystem,2026-07-01 04:41:27.103537+00:00,,0.85,False,False
80cee807-7a2c-4157-97b1-39869cb343e2,fhnw,masfactory,website,https://www.fhnw.ch/en/news-events/news-stories,educational_outreach,legitimacy,2026-07-01 04:41:27.103537+00:00,,0.85,False,False
96fa42d0-0c87-4d93-966b-84430c49ff44,nccr-spin,hermes,website,https://qudev.phys.ethz.ch/nccr_spin,leadership_credentials,legitimacy,2026-07-01 05:14:02.925377+00:00,2026-03-19 00:00:00+00:00,0.7,False,False
87772c7f-27df-4d68-a6fa-a410319750a6,nccr-spin,hermes,website,https://www.snf.ch/en/7zxL0ygtXFDuDCSe/page/nccr/spin,funding_event,legitimacy,2026-07-01 05:14:02.925377+00:00,2024-01-01 00:00:00+00:00,0.75,False,False
4f1226d8-7abf-4cd4-ba24-6700ad8735bd,nccr-spin,hermes,website,https://www.nccr-spin.ch/industry-internship-grant,industry_partnership,customer_cocreation,2026-07-01 05:14:02.925377+00:00,2026-04-01 00:00:00+00:00,0.7,False,False
4bb9fdde-c1d3-4a5d-b5f5-ae983ff159dc,nccr-spin,hermes,website,https://www.nccr-spin.ch/publications,publication,legitimacy,2026-07-01 05:14:02.925377+00:00,2026-02-01 00:00:00+00:00,0.85,False,False
887a7f54-d48e-45f5-b799-50da0a388419,nccr-spin,hermes,website,https://www.nccr-spin.ch/publications,publication,legitimacy,2026-07-01 05:14:02.925377+00:00,2026-01-01 00:00:00+00:00,0.85,False,False
994e6118-f371-4d39-8901-ef143aa6f526,nccr-spin,hermes,news,https://www.linkedin.com/posts/nccr-spin_quantumcomputing-sps2026-nccrspin-activity-7451955177533792256-OLFX,conference_organization,community_ecosystem,2026-07-01 05:14:02.925377+00:00,2026-06-01 00:00:00+00:00,0.6,False,False
f8403cf8-85d8-4ff0-84d9-00ef892e1783,nccr-spin,hermes,website,https://static1.squarespace.com/static/5fca0f9a0d28ee679b50ab54/t/6964c15e08dd6a3366dcfcc3/1768210782347/20260109_WinterSchool2026_Program.pdf,young_researcher_training,community_ecosystem,2026-07-01 05:14:02.925377+00:00,2026-01-19 00:00:00+00:00,0.7,False,False
e672a36a-19d9-49b0-a1a6-bdf73b431a81,nccr-spin,hermes,website,https://www.nccr-spin.ch/news/nccr-spin-annual-meeting-2026-science-innovation-and-collaboration-in-pontresina,annual_meeting,community_ecosystem,2026-07-01 05:14:02.925377+00:00,2026-06-03 00:00:00+00:00,0.75,False,False
75df1b02-9f62-47fd-9e4b-6399845a2533,nccr-spin,hermes,arxiv,https://arxiv.org/abs/2602.09179,publication,legitimacy,2026-07-01 05:14:02.925377+00:00,2026-02-14 00:00:00+00:00,0.8,False,False
923765e0-01b3-4598-8a02-2388f12d44b9,metas,hermes,website,https://www.metas.ch/metas/en/home/fabe/hochfrequenz/projects.html,lab_opening,future_trajectory,2026-07-01 05:23:02.388621+00:00,2026-04-24 00:00:00+00:00,0.85,False,False
0f181969-0704-420b-ac24-85dd74607712,metas,hermes,website,https://www.rhf.admin.ch/metas/en/home/fue/quantenkompetenzzentrum.html,infrastructure_development,future_trajectory,2026-07-01 05:23:02.388621+00:00,2026-05-13 00:00:00+00:00,0.85,False,False
0cb546d4-5a8a-45bc-a445-37af80fbe739,metas,hermes,news,https://ggba.swiss/en/switzerlands-guardian-of-measurement-steps-into-the-quantum-era,strategic_positioning,future_trajectory,2026-07-01 05:23:02.388621+00:00,2026-05-01 00:00:00+00:00,0.75,False,False
ad60d2b5-05d2-474b-be3e-7777c4254c7b,basel-quantum-center,hermes,website,https://bqc.unibas.ch/en/news/details/industry-night-2026/,industry_engagement,community_ecosystem,2026-07-01 05:34:44.886565+00:00,2026-04-24 00:00:00+00:00,0.85,False,False
d69a542f-d19f-4090-addb-5d39a6257a9b,basel-quantum-center,hermes,website,https://bqc.unibas.ch/en/news/details/tunbasel-2026-1/,outreach,community_ecosystem,2026-07-01 05:34:44.886565+00:00,2026-03-15 00:00:00+00:00,0.78,False,False
c15857b1-ca8f-4f72-a484-59dca0136960,basel-quantum-center,hermes,website,https://bqc.unibas.ch/en/event/details/quantum-industry-chat-and-upquantval-conference/,conference_organization,community_ecosystem,2026-07-01 05:34:44.886565+00:00,2026-07-01 00:00:00+00:00,0.82,False,False
c86f0876-481d-42a5-98cf-40ceeffa0182,basel-quantum-center,hermes,arxiv,https://arxiv.org/html/2606.20123,publication,legitimacy,2026-07-01 05:34:44.886565+00:00,2026-06-25 00:00:00+00:00,0.88,False,False
dea71da0-e6dc-4fbf-98e6-a6087d8ac6b5,basel-quantum-center,hermes,arxiv,https://arxiv.org/html/2603.29971v1,publication,legitimacy,2026-07-01 05:34:44.886565+00:00,2026-03-31 00:00:00+00:00,0.92,False,False
e0046a44-0943-4938-a1f8-2b879aa6a49e,basel-quantum-center,hermes,website,https://www.snf.ch/en/N01wa8jzDaYFaPca/news/swiss-quantum-call-2026,funding_event,legitimacy,2026-07-01 05:34:44.886565+00:00,2026-01-15 00:00:00+00:00,0.75,False,False
c5aec2ad-8d46-4b89-a5b5-40c09eb2bc7d,basel-quantum-center,hermes,website,https://bqc.unibas.ch/en/news/details/acs-nano-impact-award-for-publication-on-controllable-quantum-effects/,award_recognition,legitimacy,2026-07-01 05:34:44.886565+00:00,2026-06-09 00:00:00+00:00,0.88,True,False
927a1c0a-2379-4153-b078-093b51a9847a,basel-quantum-center,hermes,website,https://bqc.unibas.ch/en/news/details/our-bqc-mission-clip-is-out-now/,strategic_positioning,community_ecosystem,2026-07-01 05:34:44.886565+00:00,2026-03-03 00:00:00+00:00,0.85,False,False
8747805f-1fa4-4851-9c8a-41034b9ceb0b,basel-quantum-center,hermes,website,https://portal-cdn.scnat.ch/asset/82ad4e80-2106-5371-9cb6-9db2b9c959c8/COM_Quantum_Strategy_online.pdf,strategic_positioning,community_ecosystem,2026-07-01 05:34:44.886565+00:00,2026-01-01 00:00:00+00:00,0.92,False,False
462fed8b-6153-4719-a95f-3c6bc3319836,swiss-nanoscience-institute,hermes,website,https://nano.swiss/news/acs-nano-impact-award-fuer-veroeffentlichung-ueber-steuerbare-quanteneffekte,award_recognition,legitimacy,2026-07-01 05:39:05.200423+00:00,2026-06-09 00:00:00+00:00,0.9,False,False
9091bfd7-b12e-4210-9228-21928868fb25,swiss-nanoscience-institute,hermes,website,https://nanoscience.unibas.ch/en/news/details/quanten-startup-yquantum-erhaelt-anschubfinanzierung,spinout_funding,customer_cocreation,2026-07-01 05:39:05.200423+00:00,2025-11-10 00:00:00+00:00,0.85,False,False
e5a505d4-9695-4020-9316-ac342d85014b,swiss-nanoscience-institute,hermes,website,https://nanoscience.unibas.ch/en/forschungs-news/p/5628/2,publication,legitimacy,2026-07-01 05:39:05.200423+00:00,2025-11-25 00:00:00+00:00,0.75,False,False
2948140a-6980-4e95-af12-a2a29036330f,swiss-nanoscience-institute,hermes,website,https://nanoscience.unibas.ch/en/forschungs-news/p/5628/2,publication,legitimacy,2026-07-01 05:39:05.200423+00:00,2025-11-17 00:00:00+00:00,0.75,False,False
5577f691-292a-4fd5-9926-4e771e6460c5,swiss-nanoscience-institute,hermes,website,https://nanoscience.unibas.ch/en/forschungs-news/p/5628/2,technological_advance,future_trajectory,2026-07-01 05:39:05.200423+00:00,2025-08-18 00:00:00+00:00,0.7,False,False
36ed66e3-63b5-43be-a240-fe05ada29069,swiss-nanoscience-institute,hermes,website,https://nanoscience.unibas.ch/en/ueber-uns/menschen/ehrungen,funding_event,legitimacy,2026-07-01 05:39:05.200423+00:00,2025-09-04 00:00:00+00:00,0.85,False,False
feb8a5a1-ef0d-4e48-aec5-0cc7229a8dbd,swiss-nanoscience-institute,hermes,website,https://nanoscience.unibas.ch/en/forschung/angewandte-forschung/argovia-projects-2025,consortium_funding,community_ecosystem,2026-07-01 05:39:05.200423+00:00,2025-01-01 00:00:00+00:00,0.8,False,False
58b4001e-1913-4f81-a763-4c318a04d985,swiss-nanoscience-institute,hermes,website,https://nanoscience.unibas.ch/en/forschung/angewandte-forschung/argovia-projects-2025,consortium_membership,community_ecosystem,2026-07-01 05:39:05.200423+00:00,2025-01-01 00:00:00+00:00,0.7,False,False
9b632660-01b8-48f6-918b-52d54543f1ab,empa,hermes,website,https://www.empa.ch/web/s604/carboquant-wss,funding_event,legitimacy,2026-07-01 06:33:43.041480+00:00,2025-01-30 00:00:00+00:00,0.85,True,False
d7efae1d-df5c-4795-a1fb-64cd4e105ce0,empa,hermes,website,https://www.empa.ch/web/s604/caboquant-lab-inauguration,funding_event,legitimacy,2026-07-01 06:33:43.041480+00:00,2025-01-30 00:00:00+00:00,0.75,False,False
2a1f9aab-c1c0-4ef3-a561-6a455b228c86,empa,hermes,website,https://www.empa.ch/web/s604/caboquant-lab-inauguration,lab_infrastructure_opening,future_trajectory,2026-07-01 06:33:43.041480+00:00,2025-01-30 00:00:00+00:00,0.9,False,False
6ad6c4f2-1a14-49bc-8b3f-fe50ebb963c0,empa,hermes,website,https://www.empa.ch/web/s604/nature-superfluorescence,joint_publication,community_ecosystem,2026-07-01 06:33:43.041480+00:00,2025-01-01 00:00:00+00:00,0.65,False,False
e146b76e-a068-4c56-842f-2b60c9f7b042,empa,hermes,website,https://www.empa.ch/web/s205/quantum-magnetism,technological_advances,future_trajectory,2026-07-01 06:33:43.041480+00:00,2025-06-01 00:00:00+00:00,0.6,False,False
387570bf-cd35-486e-9306-96aa1e58f8b1,empa,hermes,website,https://www.empa.ch/web/s205/aqe2d,roadmap_statement,future_trajectory,2026-07-01 06:33:43.041480+00:00,2025-06-01 00:00:00+00:00,0.55,False,False
525973dc-1944-4352-868d-28f063a624d1,empa,hermes,news,https://www.admin.ch/en/newnsb/DKcpsboVuvixgbywNoLgu,spinout_founding,customer_cocreation,2026-07-01 06:33:43.041480+00:00,2026-05-07 00:00:00+00:00,0.8,False,False
a8cd1a62-10c3-4ad7-8dff-e5cb4639c638,empa,hermes,website,https://www.empa.ch/web/s205/publications-2026,publication,legitimacy,2026-07-01 06:33:43.041480+00:00,2026-01-01 00:00:00+00:00,0.6,False,False
700af6c0-6b86-4f14-b5f4-02af5c0011fb,empa,hermes,website,https://www.empa.ch/web/s405/qd,technological_advances,future_trajectory,2026-07-01 06:33:43.041480+00:00,2026-04-01 00:00:00+00:00,0.55,False,False
b9698874-fb53-4300-8a4a-2d6bac0783e5,empa,hermes,news,https://www.edoeb.admin.ch/en/nsb?id=104507,technological_advances,future_trajectory,2026-07-01 06:33:43.041480+00:00,2025-06-01 00:00:00+00:00,0.7,False,False
4e36e54e-4f92-4216-b66e-fc5db7a3d257,usi,hermes,arxiv,https://arxiv.org/abs/2410.18735,publication,legitimacy,2026-07-01 07:02:20.811506+00:00,2024-10-24 00:00:00+00:00,0.9,False,False
b57171e3-cf26-4be4-80f6-73eea1630fe1,usi,hermes,website,https://www.usi.ch/en/feeds/35268,funding_event,legitimacy,2026-07-01 07:02:20.811506+00:00,2025-01-01 00:00:00+00:00,0.75,False,False
5a502bcc-14ab-4ebc-8427-bab75c884187,usi,hermes,website,https://www.usi.ch/en/feeds/33849,funding_event,legitimacy,2026-07-01 07:02:20.811506+00:00,2025-12-01 00:00:00+00:00,0.75,False,False
9f9addc7-2797-4660-a0e7-1d8de603b7cc,usi,hermes,website,https://www.usi.ch/en/feeds/32561,consortium_funding,community_ecosystem,2026-07-01 07:02:20.811506+00:00,2025-06-01 00:00:00+00:00,0.6,True,False
881bd9e3-b97c-425c-8f5c-db8473d2f200,usi,hermes,website,https://www.usi.ch/en/feeds/32265,conference_role,community_ecosystem,2026-07-01 07:02:20.811506+00:00,2025-06-01 00:00:00+00:00,0.65,False,False
fd8e337c-79ca-4608-8ccf-6e4485cb66e4,usi,hermes,website,https://www.usi.ch/it/feeds/33290,conference_role,community_ecosystem,2026-07-01 07:02:20.811506+00:00,2025-10-21 00:00:00+00:00,0.8,False,False
8f955495-3437-4eda-835e-0aa161af4b2f,usi,hermes,arxiv,https://arxiv.org/abs/2506.20484,publication,legitimacy,2026-07-01 07:02:20.811506+00:00,2025-06-26 00:00:00+00:00,0.9,False,False
4ee73c8b-c462-45ad-87d7-9e264f465edf,usi,hermes,arxiv,https://arxiv.org/abs/2502.13807,publication,legitimacy,2026-07-01 07:02:20.811506+00:00,2025-02-19 00:00:00+00:00,0.85,False,False
31dca506-fa11-4fe6-ad3f-b3d04d9c122c,usi,hermes,arxiv,https://arxiv.org/abs/2412.17551,publication,legitimacy,2026-07-01 07:02:20.811506+00:00,2024-12-26 00:00:00+00:00,0.9,False,False
ad4d46b4-68b6-45f9-b0f3-168e6e29f225,usi,hermes,arxiv,https://arxiv.org/abs/2511.22552,publication,legitimacy,2026-07-01 07:02:20.811506+00:00,2025-11-28 00:00:00+00:00,0.85,False,False
7e48a71a-19be-44ac-80b1-da6da2eae93e,gesda,hermes,news,https://www.xprize.org/news/from-wildcard-entry-to-impact-xprize-quantum-applications-wildcard-finalists-advancing-to-next-phase,consortium_funding,customer_cocreation,2026-07-01 07:51:36.918638+00:00,2026-03-01 00:00:00+00:00,0.6,True,False
b48cd5ce-85c4-40a5-abcb-3b57e707a2da,gesda,hermes,news,https://www.dsti.gov.za/index.php/media-room/latest-news/5033-statement-on-the-occasion-of-the-signing-of-a-letter-of-intent-between-the-south-african-department-of-science-technology-and-innovation-dsti-and-the-geneva-science-diplomacy-anticipator-gesda,government_partnership,community_ecosystem,2026-07-01 07:51:36.918638+00:00,2026-04-07 00:00:00+00:00,0.6,False,False
aeef1fcd-dc6f-4c62-b042-eb37431a496e,gesda,hermes,website,https://www.gesda.global/gesda-science-breakthrough-radar/high-level-review,strategic_positioning,future_trajectory,2026-07-01 07:51:36.918638+00:00,2026-02-01 00:00:00+00:00,0.55,False,False
37907a58-ad53-4bc8-9e62-b5629d664dbd,gesda,hermes,website,https://open-quantum-institute.cern/algorithmiq-prize-2026,ecosystem_member_achievement,community_ecosystem,2026-07-01 07:51:36.918638+00:00,2026-04-29 00:00:00+00:00,0.6,False,False
34f1d33f-23d5-4b2b-98ee-b48e8adb8c50,gesda,hermes,website,https://www.gesda.global/news-centre-events,capacity_building_event,community_ecosystem,2026-07-01 07:51:36.918638+00:00,2026-06-01 00:00:00+00:00,0.5,False,False
b23a7b41-0f82-485b-9a3d-035c582e72e3,gesda,hermes,website,https://www.gesda.global/press-release-33-the-board-of-the-gesda-foundation-approves-its-2025-2026-work-programme-welcomes-three-new-personalities-and-adapts-its-organization,governance_update,future_trajectory,2026-07-01 07:51:36.918638+00:00,2026-01-15 00:00:00+00:00,0.45,False,False
89cbe30d-72c7-4042-8c58-22ef1f7be2b3,gesda,hermes,website,https://www.gesda.global/Press%20Release%2048_EN.pdf?_t=1778046958,security_policy_engagement,community_ecosystem,2026-07-01 07:51:36.918638+00:00,2026-05-07 00:00:00+00:00,0.6,True,True
7c8bc2fc-97fe-4523-85d4-cf9b0fda0862,gesda,hermes,website,https://www.gesda.global/Press%20Release%2048_EN.pdf?_t=1778046958,multilateral_convening,community_ecosystem,2026-07-01 07:51:36.918638+00:00,2026-05-06 00:00:00+00:00,0.65,True,False
ca2ace37-aab9-407a-b260-ad45ac5a230c,open-quantum-institute-cern,hermes,website,https://open-quantum-institute.cern/three-years-on-the-open-quantum-institutes-role-has-never-been-more-critical,strategic_positioning,future_trajectory,2026-07-01 07:59:18.636573+00:00,2026-06-19 00:00:00+00:00,0.8,False,False
5854bd66-539b-4ed4-9e81-de3509371941,open-quantum-institute-cern,hermes,website,https://open-quantum-institute.cern/algorithmiq-prize-2026,award_prize,legitimacy,2026-07-01 07:59:18.636573+00:00,2026-04-29 00:00:00+00:00,0.85,False,False
26b68a9b-9a4e-4243-9733-7b9bd86a5b19,open-quantum-institute-cern,hermes,arxiv,https://arxiv.org/abs/2606.03919,publication,legitimacy,2026-07-01 07:59:18.636573+00:00,2026-06-01 00:00:00+00:00,0.75,False,False
a9c6eb26-5896-4f9d-93ee-ce912b0c77a4,open-quantum-institute-cern,hermes,arxiv,https://arxiv.org/abs/2602.21311,publication,legitimacy,2026-07-01 07:59:18.636573+00:00,2026-02-01 00:00:00+00:00,0.7,False,False
d5ff54bc-8b43-44d2-b545-fb202fc50f33,open-quantum-institute-cern,hermes,arxiv,https://arxiv.org/abs/2606.03864,publication,legitimacy,2026-07-01 07:59:18.636573+00:00,2026-06-01 00:00:00+00:00,0.75,False,False
9074fb0a-62d8-44b9-aa4b-e8b7b7d8a434,ibm-research-zurich,hermes,arxiv,https://arxiv.org/abs/2603.13536,publication,legitimacy,2026-07-01 08:14:44.617400+00:00,2026-03-17 00:00:00+00:00,0.6,False,False
19732751-b9dd-47f6-be4c-f877f440d3da,ibm-research-zurich,hermes,website,https://www.ibm.com/quantum/blog/qiskit-summer-school-2026,community_event,community_ecosystem,2026-07-01 08:14:44.617400+00:00,2026-05-26 00:00:00+00:00,0.65,False,False
fbb4baaa-0198-49fb-88b5-a0be61797373,ibm-research-zurich,hermes,website,https://www.ibm.com/quantum/blog/qiskit-fall-fest-2026,community_event,community_ecosystem,2026-07-01 08:14:44.617400+00:00,2026-06-03 00:00:00+00:00,0.65,False,False
4e5a5466-970b-4474-96be-79a953b4957b,ibm-research-zurich,hermes,website,https://research.ibm.com/blog/ibm-eth-zurich-next-chapter,strategic_positioning,community_ecosystem,2026-07-01 08:14:44.617400+00:00,2026-04-01 00:00:00+00:00,0.6,True,False
022738f1-50b1-4214-993a-1bc678144d3a,ibm-research-zurich,hermes,news,https://newsroom.ibm.com/press-releases-research-and-innovation?l=50,funding_event,future_trajectory,2026-07-01 08:14:44.617400+00:00,2026-06-02 00:00:00+00:00,0.7,True,False
9772044b-b319-42fc-a7d8-12c31133b72e,ibm-research-zurich,hermes,website,https://www.ibm.com/quantum/blog/large-scale-ftqc,roadmap_statement,future_trajectory,2026-07-01 08:14:44.617400+00:00,2026-06-02 00:00:00+00:00,0.7,False,False
cb1326e8-aee9-4307-8a46-514a61def43f,ibm-research-zurich,hermes,arxiv,https://arxiv.org/abs/2601.16637,publication,legitimacy,2026-07-01 08:14:44.617400+00:00,2026-01-28 00:00:00+00:00,0.65,False,False
2792cf52-4a6b-4b2d-b4d5-79e56d56aa34,ibm-research-zurich,hermes,website,https://research.ibm.com/publications/quantum-computing-toward-large-scale-920-am-fault-tolerant-quantum-computing,conference_role,legitimacy,2026-07-01 08:14:44.617400+00:00,2026-02-01 00:00:00+00:00,0.6,False,False
7ee59384-9e5d-4059-b2e9-ed511fc1ebdf,ibm-research-zurich,hermes,news,https://newsroom.ibm.com/2026-03-31-IBM-and-ETH-Zurich-join-forces-to-shape-the-future-of-algorithms-for-the-AI-and-quantum-era,consortium_membership,community_ecosystem,2026-07-01 08:14:44.617400+00:00,2026-03-31 00:00:00+00:00,0.85,True,False
4ab8d6be-67d2-4426-b4a9-967d4bf0f6f0,ibm-research-zurich,hermes,news,https://content.redhat.com/content/dam/field-marketing/emea/summit-connect-2024/2025/260114-zurich/track-3-devsecops/The%20journey%20to%20quantum%20safety_Marc%20St%C3%B6cklin_Manuel%20Schindler.pdf,conference_role,community_ecosystem,2026-07-01 08:14:44.617400+00:00,2026-01-14 00:00:00+00:00,0.55,False,False
2215c164-65e4-444b-b36a-4dd1748e93de,ibm-research-zurich,hermes,website,https://www.ibm.com/quantum/blog/allstate-quantum-insurance-portfolio,pilot_announcement,customer_cocreation,2026-07-01 08:14:44.617400+00:00,2026-06-18 00:00:00+00:00,0.75,False,False
a0753176-b5d9-416f-8505-f28665802267,zurich-instruments,hermes,website,https://www.zhinst.com/en/news/zurich-instruments-launches-zqcs-quantum-control-system-master-long-lived-logical-qubit,product_launch,future_trajectory,2026-07-01 08:30:59.053255+00:00,2026-03-09 00:00:00+00:00,0.85,False,False
ffbd720e-8dbe-49ae-a815-ad24805f8e0b,zurich-instruments,hermes,website,https://www.zhinst.com/en/news/iqm-and-zurich-instruments-launch-real-time-quantum-error-correction-demonstrator-nvidia,joint_development,customer_cocreation,2026-07-01 08:30:59.053255+00:00,2026-03-16 00:00:00+00:00,0.8,False,False
9e957528-1689-47cd-b238-22965815545d,zurich-instruments,hermes,website,https://info.zhinst.com/gps-2026,conference_participation,community_ecosystem,2026-07-01 08:30:59.053255+00:00,2026-03-17 00:00:00+00:00,0.75,False,False
92a6c9b4-429d-4820-8b95-1a3b1c4cde0a,zurich-instruments,hermes,news,https://www.linkedin.com/posts/zurich-instruments-ag_zurich-instruments-quantum-korea-2026-activity-7477526453157400576-Ycfj,conference_participation,community_ecosystem,2026-07-01 08:30:59.053255+00:00,2026-06-15 00:00:00+00:00,0.55,False,False
ef33a5d1-96fb-4b98-b2e0-1b980ceb3b47,csem,hermes,website,https://www.csem.ch/en/press/csem-earto-award-2026-solubility-testing,award_recognition,legitimacy,2026-07-01 08:38:03.546134+00:00,2026-06-10 00:00:00+00:00,0.65,False,False
f40e3fed-dfae-4897-9616-711eefa0a07b,csem,hermes,website,https://www.csem.ch/en/working-at-csem,strategic_hiring,future_trajectory,2026-07-01 08:38:03.546134+00:00,2026-01-01 00:00:00+00:00,0.45,False,False
dc876207-98c1-4992-b0f7-6a378630b925,csem,hermes,website,https://arctic-kdt.eu/partner/csem-2,consortium_membership,community_ecosystem,2026-07-01 08:38:03.546134+00:00,2026-01-01 00:00:00+00:00,0.4,False,False
77f4c75e-3027-46fa-8009-71c2235933d1,csem,hermes,news,https://www.optica.org/events/webinar/2026/03_-_march/quantum_sensing_atomic_clocks,conference_presentation,community_ecosystem,2026-07-01 08:38:03.546134+00:00,2026-03-01 00:00:00+00:00,0.55,False,False
9e42a642-c64f-4fc7-9546-e36a5c2f3d63,csem,hermes,website,https://portal-cdn.scnat.ch/asset/82ad4e80-2106-5371-9cb6-9db2b9c959c8/COM_Quantum_Strategy_online.pdf,strategic_positioning,community_ecosystem,2026-07-01 08:38:03.546134+00:00,2026-01-01 00:00:00+00:00,0.6,False,False
8e98a8a3-49b0-4390-9988-b6f074c0474b,csem,hermes,news,https://www.snf.ch/en/N01wa8jzDaYFaPca/news/swiss-quantum-call-2026,funding_event,community_ecosystem,2026-07-01 08:38:03.546134+00:00,2026-01-01 00:00:00+00:00,0.5,False,False
3846fd01-b0fc-403a-b250-fd1e009f4b4d,basel-precision-instruments,hermes,news,https://www.linkedin.com/posts/basel-precision-instruments_switzerland-quantumcomputing-digitalshapers2026-activity-7442888130027913216-hGEp,leadership_appointment,legitimacy,2026-07-01 08:44:26.411735+00:00,2026-04-15 00:00:00+00:00,0.75,False,False
d42ef5c2-257c-4170-8b9f-306921118289,basel-precision-instruments,hermes,website,https://bluefors.com/news/bluefors-collaborates-with-basel-precision-instruments-on-cryogenic-filtering-solutions,partnership_announcement,customer_cocreation,2026-07-01 08:44:26.411735+00:00,2026-05-29 00:00:00+00:00,0.9,False,False
2133918c-5ae5-4773-9e4a-459a433425ce,basel-precision-instruments,hermes,news,https://www.linkedin.com/posts/basel-precision-instruments_swissquantumdays-quantumtechnology-baspi-activity-7422768007195779072-kx5X,conference_participation,community_ecosystem,2026-07-01 08:44:26.411735+00:00,2026-03-15 00:00:00+00:00,0.6,False,False
e17f6463-6600-454f-bfa4-2e37969942e4,basel-precision-instruments,hermes,arxiv,https://arxiv.org/html/2603.03166v1,publication,legitimacy,2026-07-01 08:44:26.411735+00:00,2026-03-04 00:00:00+00:00,0.85,False,False
8180f2eb-444c-4585-9945-682cea601bc8,basel-precision-instruments,hermes,news,https://www.linkedin.com/posts/qutech_basel-precision-instruments-ag-is-a-silver-activity-7467923071945932801-clI1,strategic_positioning,community_ecosystem,2026-07-01 08:44:26.411735+00:00,2026-06-20 00:00:00+00:00,0.7,False,False
2dbc0906-22ee-49f7-8aa8-dabae5dd1bc1,swissphotonics,hermes,news,https://www.snf.ch/en/N01wa8jzDaYFaPca/news/swiss-quantum-call-2026,funding_event,legitimacy,2026-07-01 08:50:18.186839+00:00,2026-01-01 00:00:00+00:00,0.55,True,False
f2b63666-b5c1-4df3-9578-1d489a29740e,swissphotonics,hermes,website,https://www.swissphotonics.net/home?event_id=4574,consortium_membership,community_ecosystem,2026-07-01 08:50:18.186839+00:00,2026-06-17 00:00:00+00:00,0.6,True,False
b69b16cd-451e-4c4c-acc3-2cf18a2fe053,swissphotonics,hermes,website,https://www.swissphotonics.net/home?event_id=4545,strategic_positioning,community_ecosystem,2026-07-01 08:50:18.186839+00:00,2026-04-21 00:00:00+00:00,0.75,False,False
05342a4a-2b5f-4fb1-a849-0053fd7bdc10,swissphotonics,hermes,website,https://www.swissphotonics.net/events-news/news_95?4543=,strategic_positioning,community_ecosystem,2026-07-01 08:50:18.186839+00:00,2026-03-01 00:00:00+00:00,0.65,False,False
a071b9c6-9184-49be-aad8-3565e1ea2ef5,swissphotonics,hermes,website,https://www.swissphotonics.net?item=4561,funding_event,future_trajectory,2026-07-01 08:50:18.186839+00:00,2026-07-01 00:00:00+00:00,0.55,True,False
dd80c7f7-7460-46da-a6f0-857dc7f1f459,swissphotonics,hermes,website,https://www.swissphotonics.net/events-news/news_95?4564=,consortium_funding,community_ecosystem,2026-07-01 08:50:18.186839+00:00,2026-05-27 00:00:00+00:00,0.7,False,False
743df2ac-9a7f-4e0f-babf-5ef3bf4267cb,swissphotonics,hermes,website,https://www.swissphotonics.net/home?event_id=4573,strategic_positioning,community_ecosystem,2026-07-01 08:50:18.186839+00:00,2026-06-17 00:00:00+00:00,0.7,True,False
ad00e495-af64-4ac4-adc1-0c5c4676acd4,swissphotonics,hermes,website,https://www.swissphotonics.net/swiss/swiss-pic,technological_advances,future_trajectory,2026-07-01 08:50:18.186839+00:00,2026-05-01 00:00:00+00:00,0.65,False,False
4ad5075d-3482-4c9c-b690-bbb5fd127447,miraex,hermes,news,https://www.globenewswire.com/news-release/2026/06/02/3304827/0/en/sealsq-acquires-miraex-sa-cementing-its-quantum-sovereign-vertical-stack-and-quantum-orbital-space-cloud-qosc.html,m_a,future_trajectory,2026-07-01 08:54:04.794251+00:00,2026-06-02 00:00:00+00:00,0.55,False,False
aef742e3-d60e-48b0-a356-ae2fcdfd3805,miraex,hermes,news,https://www.globenewswire.com/news-release/2026/03/24/3261391/0/en/sealsq-signs-letter-of-intent-to-acquire-100-of-miraex-a-swiss-quantum-interconnect-platform-company.html,m_a,future_trajectory,2026-07-01 08:54:04.794251+00:00,2026-03-24 00:00:00+00:00,0.55,False,False
f379903b-701b-4226-abb2-c32cfc55a1c5,miraex,hermes,website,https://miraex.com/q-modus-snsf-bridge-quantum-call,consortium_membership,community_ecosystem,2026-07-01 08:54:04.794251+00:00,2026-04-07 00:00:00+00:00,0.5,False,False
4889165e-5aa5-44c5-9800-3416392ca427,qnami,hermes,news,https://thequantuminsider.com/2026/06/04/quantum-design-acquires-quantum-sensing-company-qnami,m_a_acquisition,future_trajectory,2026-07-01 08:59:22.122424+00:00,2026-06-04 00:00:00+00:00,0.95,False,False
fa5d8950-5169-4792-9ef4-fda05176cbfe,qnami,hermes,website,https://qnami.ch/qnami-proteusq-delivered-to-lab-of-nobel-laureate-albert-fert,customer_win,customer_cocreation,2026-07-01 08:59:22.122424+00:00,,0.45,False,False
074c38d8-6ae7-4198-a9c2-eeae60ebef1e,qnami,hermes,arxiv,https://arxiv.org/abs/2603.09871,publication,legitimacy,2026-07-01 08:59:22.122424+00:00,2026-03-16 00:00:00+00:00,0.85,False,False
e089f86a-f167-415a-9e0b-88d64a3fc4a5,qnami,hermes,website,https://qnami.ch/qnami-joins-quantum-design-to-accelerate-the-future-of-quantum-sensing,m_a_acquisition,future_trajectory,2026-07-01 08:59:22.122424+00:00,2026-05-28 00:00:00+00:00,0.9,False,False
29e3e55f-ffb9-4fdf-8145-63bc85896a86,terra-quantum,hermes,news,https://www.reuters.com/technology/swiss-based-terra-quantum-lands-us-air-force-deal-ahead-nasdaq-listing-2026-05-07,defense_contract,customer_cocreation,2026-07-01 09:08:16.716462+00:00,2026-05-07 00:00:00+00:00,0.55,True,False
cfb3edb4-3af3-4a90-8cd6-628a05e4b886,terra-quantum,hermes,news,https://www.sec.gov/Archives/edgar/data/2094265/000121390026041722/ea028561301ex99-1.htm,fundraising_event,future_trajectory,2026-07-01 09:08:16.716462+00:00,2026-04-09 00:00:00+00:00,0.5,False,False
cbac9da8-75dc-4f8d-a455-681433286234,terra-quantum,hermes,news,https://www.prnewswire.com/news-releases/terra-quantum-and-axiom-intelligence-acquisition-corp-1-announce-definitive-business-combination-agreement-at-a-3-5-billion-equity-valuation-302781704.html,fundraising_event,future_trajectory,2026-07-01 09:08:16.716462+00:00,2026-05-26 00:00:00+00:00,0.55,False,False
8ae768f6-f018-4f0e-9348-985ec8549737,terra-quantum,hermes,website,https://terraquantum.swiss/news/terra-quantum-and-unilever-collaborate-to-advance-skin-microbiome-research,research_collaboration,customer_cocreation,2026-07-01 09:08:16.716462+00:00,2026-03-10 00:00:00+00:00,0.35,False,False
dc8f5373-29e9-485c-bf27-9c4af82b9d07,terra-quantum,hermes,website,https://terraquantum.swiss/news/terra-quantum-announces-strategic-partnership-with-siemens-unlocking-quantum-advantage-for-sovereign-automotive-and-drone-systems,strategic_partnership,customer_cocreation,2026-07-01 09:08:16.716462+00:00,2026-02-20 00:00:00+00:00,0.35,False,False
1ab0c84c-f822-42c7-a0c7-81cd911077c5,terra-quantum,hermes,website,https://terraquantum.swiss/news/terra-quantum-and-bbva-complete-pilot-for-advanced-exotic-derivatives-pricing-solution,pilot_announcement,customer_cocreation,2026-07-01 09:08:16.716462+00:00,2026-01-15 00:00:00+00:00,0.35,False,False
f43e0f8b-318f-4b8c-9439-177f268c37fd,ionq,hermes,website,https://www.ionq.com/news/ionq-and-university-of-maryland-expand-qlab-collaboration-to-advance-quantum-networking-and-research,consortium_membership,community_ecosystem,2026-07-01 09:16:44.750435+00:00,2026-04-13 00:00:00+00:00,0.85,True,False
11d8912a-27c1-422a-800a-c26c05f0228c,ionq,hermes,website,https://investors.ionq.com/news/news-details/2026/IonQ-Introduces-Clavis-XG-Multiplex-Making-Quantum-Security-Deployable-at-Scale-in-Metro-Networks/default.aspx,product_launch,future_trajectory,2026-07-01 09:16:44.750435+00:00,2026-06-17 00:00:00+00:00,0.9,False,False
bc389593-6d10-40a6-9b4b-254ae2196edd,ionq,hermes,website,https://www.ionq.com/news/ionq-and-the-university-of-cambridge-announce-landmark-agreement-to-establish-innovation-centre-for-quantum-technology-commercialization,consortium_membership,community_ecosystem,2026-07-01 09:16:44.750435+00:00,2026-03-11 00:00:00+00:00,0.85,False,False
2450485b-d408-465b-b01a-6bd5a4d4cbcc,ionq,hermes,website,https://investors.ionq.com/news/news-details/2026/IonQ-Announces-First-Quarter-2026-Financial-Results/default.aspx,funding_event,future_trajectory,2026-07-01 09:16:44.750435+00:00,2026-05-06 00:00:00+00:00,0.85,True,False
20507197-825a-4d0e-9b61-f537ead5ee07,ionq,hermes,website,https://www.ionq.com/news/ionq-selected-for-darpas-heterogeneous-architectures-for-quantum-harq-program,consortium_funding,customer_cocreation,2026-07-01 09:16:44.750435+00:00,2026-04-14 00:00:00+00:00,0.9,True,True
86d9779b-8eb6-41c3-96bb-992fac25ac2b,ionq,hermes,website,https://www.ionq.com/news/ionq-achieves-key-photonic-interconnect-milestone-demonstrating-networked-quantum-systems-using-entanglement,pilot_announcement,customer_cocreation,2026-07-01 09:16:44.750435+00:00,2026-04-14 00:00:00+00:00,0.85,True,True
c6f78649-dec8-4501-85fa-e3296e46c05e,ionq,hermes,website,https://www.ionq.com/news/ionq-and-kisti-forge-strategic-alliance-to-advance-quantum-hpc-hybrid-technologies-in-south-korea-with-nvidia-nvqlink,consortium_membership,community_ecosystem,2026-07-01 09:16:44.750435+00:00,2026-03-17 00:00:00+00:00,0.85,False,False
fb63122b-ad36-4006-a44f-53db59f9e9e9,ionq,hermes,news,https://q-ctrl.com/blog/ionq-and-q-ctrl-partner-to-unlock-the-full-potential-of-quantum-optimization-with-fire-opal-on-forte-quantum-processors,strategic_positioning,community_ecosystem,2026-07-01 09:16:44.750435+00:00,2026-04-23 00:00:00+00:00,0.8,False,False
8f346706-9375-43d4-b20f-e659169e613b,ionq,hermes,website,https://www.ionq.com/news/ionq-worlds-leading-quantum-platform-company-opens-new-quantum-computing-r-d-lab-in-boulder,new_lab_site_opening,future_trajectory,2026-07-01 09:16:44.750435+00:00,2026-05-12 00:00:00+00:00,0.85,False,False
17d379ba-7f32-4ded-a547-5af64f10a95f,ionq,hermes,website,https://investors.ionq.com/news/news-details/2026/IonQ-to-Acquire-AI-Software-and-Technology--RD-Specialist--Seed-Innovations-/default.aspx,M&A,future_trajectory,2026-07-01 09:16:44.750435+00:00,2026-01-28 00:00:00+00:00,0.9,False,False
f7557684-821c-44b1-aed1-e3a6c427c64d,ionq,hermes,arxiv,https://arxiv.org/abs/2604.19481,publication,legitimacy,2026-07-01 09:16:44.750435+00:00,2026-04-23 00:00:00+00:00,0.95,False,False
0022b92b-add7-4105-9077-5ed426b13feb,qzabre,hermes,website,https://www.qzabre.com/news,conference_participation,community_ecosystem,2026-07-01 09:36:47.679058+00:00,2026-01-17 00:00:00+00:00,0.55,False,False
4e48da05-cdae-4363-8062-1963eef2d05d,qzabre,hermes,website,https://indico.cern.ch/event/1690723/contributions/7109289/attachments/3282788/5866892/O15%20Quantum%20Edukit%20an%20experimental%20toolkit%20to%20learn%20quantum%20mechanics.pdf,product_launch,customer_cocreation,2026-07-01 09:36:47.679058+00:00,2026-05-27 00:00:00+00:00,0.6,False,False
12fd4cac-421c-459e-86cc-4bf76038d5ef,qzabre,hermes,website,https://www.facebook.com/groups/1224780037886516/posts/2656436178054221,product_launch,customer_cocreation,2026-07-01 09:36:47.679058+00:00,2026-05-01 00:00:00+00:00,0.45,False,False
9ce08fd8-8390-42c5-a3d0-9efaac04e0c1,zuriq,hermes,website,https://zuriq.com/news/zuriq-and-infineon-join-forces-to-advance-ion-trap-chip-technology,partnership_announcement,customer_cocreation,2026-07-01 09:52:43.658304+00:00,2025-05-01 00:00:00+00:00,0.85,False,False
e1f27299-fed5-42e7-8eaa-4fe55003b691,zuriq,hermes,website,https://zuriq.com/news/zuriq-enters-corporate-partnership-with-eth-quantum-center,consortium_membership,community_ecosystem,2026-07-01 09:52:43.658304+00:00,2024-12-09 00:00:00+00:00,0.8,False,False
4ed71df4-54b1-436a-b6b9-b82d5dd1b4ae,zuriq,hermes,website,https://zuriq.com/news/qai-ventures-graduation,accelerator_graduation,legitimacy,2026-07-01 09:52:43.658304+00:00,2024-11-19 00:00:00+00:00,0.75,True,False
13455d6d-1cd6-4b8b-9739-5d9ef2ebcce8,zuriq,hermes,arxiv,https://arxiv.org/abs/2412.17528,publication,legitimacy,2026-07-01 09:52:43.658304+00:00,2024-12-23 00:00:00+00:00,0.9,False,False
16789496-9859-4d15-b108-254a2cb29a09,zuriq,hermes,website,https://zuriq.com/all/zuriq-raises-3-8m-chf-in-first-financing-round-from-vc-consortium,funding_event,future_trajectory,2026-07-01 09:52:43.658304+00:00,2025-01-23 00:00:00+00:00,0.85,False,False
f1c75a96-56f2-425e-96fc-63545ac1e3c1,yquantum,hermes,website,https://yquantum.ch/university-of-napoli-federico-ii/,consortium_membership,community_ecosystem,2026-07-01 10:02:21.242113+00:00,2026-02-13 00:00:00+00:00,0.85,False,False
e1a07b85-08d9-4f46-a5cb-7e8859aa73f3,yquantum,hermes,website,https://yquantum.ch/rhonexum/,consortium_membership,community_ecosystem,2026-07-01 10:02:21.242113+00:00,2026-01-07 00:00:00+00:00,0.8,False,False
e0d63d5a-cb15-4dea-811a-dcdd81688426,yquantum,hermes,news,https://www.startupticker.ch/en/news/startups-rely-on-each-other-s-strengths,strategic_positioning,community_ecosystem,2026-07-01 10:02:21.242113+00:00,2026-01-20 00:00:00+00:00,0.55,False,False
38557168-4a79-4ad1-904f-c68af709adba,yquantum,hermes,website,https://yquantum.ch/university-of-sydney/,consortium_membership,community_ecosystem,2026-07-01 10:02:21.242113+00:00,2026-03-03 00:00:00+00:00,0.85,False,False
2e4a340f-68d0-4bc1-b4a1-f35be6977a79,swissnex,hermes,news,https://open-quantum-institute.cern/swiss-embassy-and-swissnex-launch-the-international-year-of-quantum-and-oqis-quantum-diplomacy-game-in-washington-d-c,strategic_positioning,community_ecosystem,2026-07-01 10:08:02.168784+00:00,2025-02-05 00:00:00+00:00,0.5,True,False
768c6b71-c497-4019-9d8a-c9ca558af392,swissnex,hermes,website,https://swissnex.org/boston/event/quantum-policy-at-the-crossroads,strategic_positioning,community_ecosystem,2026-07-01 10:08:02.168784+00:00,2025-02-01 00:00:00+00:00,0.45,False,False
7529f330-c4ef-4ad9-a0aa-4ef985f5eb1d,swissnex,hermes,website,https://swissnex.org/news/swiss-quantum-strategy-released,strategic_positioning,community_ecosystem,2026-07-01 10:08:02.168784+00:00,2026-03-04 00:00:00+00:00,0.55,False,False
c0884cae-35de-44f0-9145-f1af7ddeca9c,swissnex,hermes,website,https://swissnex.org/news/quantum-moc-signing-sts-forum-2025,consortium_membership,community_ecosystem,2026-07-01 10:08:02.168784+00:00,2025-10-05 00:00:00+00:00,0.6,False,False
3a0d1294-23d7-4cc8-8339-f1c25fe99c67,swissnex,hermes,website,https://swissnex.org/event/2025-swissnex-quantum-summit,consortium_membership,community_ecosystem,2026-07-01 10:08:02.168784+00:00,2025-10-13 00:00:00+00:00,0.55,False,False
dcdf25c9-a9ea-472c-844d-efb794ec4187,swissnex,hermes,website,https://swissnex.org/news/swissnex-report-on-quantum-in-the-asia-pacific,strategic_positioning,future_trajectory,2026-07-01 10:08:02.168784+00:00,2025-04-01 00:00:00+00:00,0.5,False,False
629dade8-5460-4117-b1be-854e1a9db81d,swissnex,hermes,news,https://www.eda.admin.ch/en/newnsb/6Lf6PKQX94xl-VJ_Gau8M,strategic_positioning,future_trajectory,2026-07-01 10:08:02.168784+00:00,2026-04-14 00:00:00+00:00,0.5,True,False
6c358654-adbd-4d7f-ac90-a5e1c57a9ca5,gesda,hermes,website,https://www.gesda.global/wp-content/uploads/2025/11/Press-release_42_EN.pdf,consortium_membership,community_ecosystem,2026-07-02 06:37:42.692149+00:00,2025-11-13 00:00:00+00:00,0.75,False,False
7b119f2f-64e3-4776-8eaa-a3bea5578cf6,gesda,hermes,website,https://www.gesda.global/gesda-at-davos-2026-science-diplomacy-for-future-governance,strategic_positioning,community_ecosystem,2026-07-02 06:37:42.692149+00:00,2026-01-19 00:00:00+00:00,0.65,True,False
0b13070a-6b6b-4dfe-abf7-d202d97e5eeb,gesda,hermes,website,https://home.cern/international-geneva-celebrates-international-year-quantum,strategic_positioning,community_ecosystem,2026-07-02 06:37:42.692149+00:00,2025-02-21 00:00:00+00:00,0.65,True,False
8d4bedde-ab46-4ec9-9e4b-38916b2a477d,gesda,hermes,website,https://unidir.org/publication/2024-innovations-dialogue-quantum-technologies-and-their-implications-for-international-peace-and-security,consortium_membership,community_ecosystem,2026-07-02 06:37:42.692149+00:00,2024-11-22 00:00:00+00:00,0.7,True,False
2ea7d6c5-296d-4c24-9504-43e8926fa19b,gesda,hermes,website,https://home.cern/open-quantum-institute-launches-its-pilot-phase-cern,pilot_announcement,future_trajectory,2026-07-02 06:37:42.692149+00:00,2025-11-01 00:00:00+00:00,0.7,True,False
bce8aebf-33ee-49af-99cc-6d9e19a043f9,gesda,hermes,news,https://www.linkedin.com/posts/kadir-tas-a1106a22_quantum-diplomacy-in-action-2025-2026-activity-7402246898633486336-qh4X,publication,legitimacy,2026-07-02 06:37:42.692149+00:00,2025-12-01 00:00:00+00:00,0.5,False,False
2313abb5-8fd9-47b5-b9b2-2471dc22ad37,gesda,hermes,news,https://www.youtube.com/watch?v=i9hjzgunJ30,publication,legitimacy,2026-07-02 06:37:42.692149+00:00,2025-10-15 00:00:00+00:00,0.6,False,False
33dc43ce-d891-4b23-9078-1f159eb676bb,zurich-instruments,hermes,website,https://www.zhinst.com/en/news/iqm-and-zurich-instruments-launch-real-time-quantum-error-correction-demonstrator-nvidia,partnership_announcement,customer_cocreation,2026-07-02 07:19:10.015791+00:00,2026-03-16 00:00:00+00:00,0.9,False,False
43253c1c-f0d0-494a-8485-64117808da19,zurich-instruments,hermes,website,https://www.zhinst.com/en/news/zurich-instruments-gives-researchers-freedom-innovate-new-multipurpose-instrument,product_launch,future_trajectory,2026-07-02 07:19:10.015791+00:00,2026-01-12 00:00:00+00:00,0.85,False,False
a2a39848-e13a-4309-ad8d-990b98e14ced,cern-quantum-technology-initiative,masfactory,website,https://quantum.cern/,roadmaps,future_trajectory,2026-07-02 18:15:31.451065+00:00,,0.9,False,False
e50060cb-5f3c-46be-b9f1-2ce207002df1,cscs,masfactory,website,https://www.cscs.ch/about/history,milestones,future_trajectory,2026-07-03 00:12:03.224269+00:00,,0.9,False,False
70a1a127-4ea1-4adc-8749-47620ae50eed,cscs,masfactory,website,https://www.cscs.ch/publications,pilots_pocs,customer_cocreation,2026-07-03 00:12:03.224269+00:00,,0.85,False,False
790755f0-d0c0-4ff1-b686-ee4b2cdc7bc2,cscs,masfactory,website,https://www.cscs.ch/,awards,legitimacy,2026-07-03 00:12:03.224269+00:00,,0.9,False,False
e809fcd2-4959-4bee-bcb9-3b30c9f5c598,swissphotonics,masfactory,website,https://www.swissphotonics.net/events-news/partner-events,academic_partnerships,community_ecosystem,2026-07-03 00:51:32.037071+00:00,,0.75,False,False
810eed46-a18c-47bb-ad9b-f664b91186b5,eth-zurich-quantum-center,hermes,website,https://qec.amiv.ethz.ch/qhack26,talent_development,community_ecosystem,2026-07-03 05:23:48.507579+00:00,2026-05-08 00:00:00+00:00,0.8,False,False
c5ecc269-f82f-45b3-b32a-e558ad561621,eth-zurich-quantum-center,hermes,website,https://qc.ethz.ch/news-events/conferences---symposia/quantum-center-retreat/qc-retreat2026.html,conference_event,community_ecosystem,2026-07-03 05:23:48.507579+00:00,2026-06-30 00:00:00+00:00,0.75,False,False
4d51b006-9a37-4df4-9faa-bd195f1454b1,eth-zurich-quantum-center,hermes,news,https://newsroom.ibm.com/2026-03-31-IBM-and-ETH-Zurich-join-forces-to-shape-the-future-of-algorithms-for-the-AI-and-quantum-era,strategic_partnership,customer_cocreation,2026-07-03 05:23:48.507579+00:00,2026-03-31 00:00:00+00:00,0.9,True,False
56df67df-79e6-4cfa-adce-c27ce11bf7a3,eth-zurich-quantum-center,hermes,website,https://ethz.ch/en/news-and-events/eth-news/news/2026/06/twelve-top-research-projects-win-millions-in-european-funding.html,funding_event,legitimacy,2026-07-03 05:23:48.507579+00:00,2026-06-23 00:00:00+00:00,0.9,False,False
41897394-4321-49fc-8f2a-78d766aae1ca,eth-zurich-quantum-center,hermes,news,https://www.greaterzuricharea.com/en/news/us-funds-quantum-research-eth-participation,consortium_funding,customer_cocreation,2026-07-03 05:23:48.507579+00:00,2026-06-01 00:00:00+00:00,0.8,True,False
9588e687-cf7d-49c9-bb3d-d6bc809adeca,eth-zurich-quantum-center,hermes,website,https://ethz.ch/en/news-and-events/eth-news/news/2026/04/a-new-trick-brings-stability-to-quantum-operations.html,technological_advances,future_trajectory,2026-07-03 05:23:48.507579+00:00,2026-04-08 00:00:00+00:00,0.85,False,False
aeecd33d-7abf-4e4f-b292-d31fda38ec8e,eth-zurich-quantum-center,hermes,website,https://www.phys.ethz.ch/news-and-events/d-phys-news/2026/05/best-of-two-worlds-superconducting-qubits-and-mechanical-resonators-for-quantum-computing.html,technological_advances,future_trajectory,2026-07-03 05:23:48.507579+00:00,2026-05-01 00:00:00+00:00,0.85,True,False
f1c5e5cf-4ccd-48c7-b05f-f925734b9289,huber-suhner,masfactory,news,http://www.bing.com/news/apiclick.aspx?ref=FexRss&aid=&tid=6a486a1843b44395bfdfc4e971f46876&url=https%3a%2f%2fwww.finanznachrichten.de%2fnachrichten-aktien%2fhuber-suhner-ag.htm&c=6575299905870223911&mkt=de-de,industry_partnerships,community_ecosystem,2026-07-04 03:51:02.727232+00:00,,0.85,False,False
416bdc0d-1b4f-40a0-a87a-19f06375369d,basel-precision-instruments,masfactory,website,https://www.baspi.ch/publications,publications,legitimacy,2026-07-04 03:53:43.828176+00:00,,0.95,False,False
36a5786e-7e46-438e-be7b-3284d60b4a64,swiss-quantum-initiative,masfactory,website,https://quantum.scnat.ch/de/news_and_events,funding_event,legitimacy,2026-07-04 03:53:43.828176+00:00,,0.95,False,False
82352b9c-754e-474b-a7ac-a7cad88a67c0,swiss-quantum-initiative,masfactory,website,https://quantum.scnat.ch/fr/news_and_events,funding_event,legitimacy,2026-07-05 04:16:59.176133+00:00,,0.9,False,False
c96086d1-2d3d-4e56-b4b8-4c0d11e32487,geneva-quantum-centre,masfactory,website,https://www.unige.ch/gap/qic/qtech/news/welcome-viros-sriskaran,leadership_expertise,legitimacy,2026-07-05 04:16:59.176133+00:00,,0.7,False,False
91a2b9bf-f0e4-4b64-97f4-4ea08c183821,geneva-quantum-centre,masfactory,website,https://www.unige.ch/gap/qic/qtech/news/welcome-fadri-grunenfelder,leadership_expertise,legitimacy,2026-07-05 04:16:59.176133+00:00,,0.6,False,False
1574f198-ca1f-4395-a774-25d9ca408b54,epfl-qse,masfactory,news,https://www.epfl.ch/research/domains/quantum-center/center-for-quantum-science-and-engineering/news/,hpc_collaborations,community_ecosystem,2026-07-05 04:16:59.176133+00:00,,0.85,False,False
840d76a0-a642-40d7-b5fa-754a635f6ca7,nccr-spin,masfactory,website,https://www.nccr-spin.ch/news/nccr-spin-annual-meeting-2026-science-innovation-and-collaboration-in-pontresina,educational_outreach,legitimacy,2026-07-05 04:16:59.176133+00:00,,0.85,False,False
96d81dfa-ec76-443b-ba35-7cd7673102ba,hslu,masfactory,website,https://news.hslu.ch/,publications,legitimacy,2026-07-05 04:16:59.176133+00:00,,0.85,False,False
35f9ca35-331f-47cd-b1d0-2f0fadac5d1e,nccr-spin,masfactory,website,https://www.nccr-spin.ch/news/new-professor-of-theoretical-quantum-computing,leadership_expertise,legitimacy,2026-07-05 04:16:59.176133+00:00,,0.95,False,False
e4610533-308c-4087-b919-c5e372ee3c6b,cern-quantum-technology-initiative,masfactory,website,https://quantum.cern/index.php/news-events,educational_outreach,legitimacy,2026-07-05 04:35:08.945899+00:00,,0.7,False,False
44fa7a13-ddfc-4f6a-bd34-3c234d2ff082,hslu,masfactory,website,https://news.hslu.ch/rueckenschmerzen-forschung/,educational_outreach,legitimacy,2026-07-05 04:35:08.945899+00:00,,0.4,False,False
5c8838d7-0003-446d-88e1-cb062f49aeac,fhnw,masfactory,website,https://www.fhnw.ch/de/aktuelles/news-storys/alle,awards,legitimacy,2026-07-05 04:35:08.945899+00:00,,0.9,True,False
3f6fbc67-eb97-457c-ace1-34af03915cd2,nccr-spin,masfactory,website,https://www.nccr-spin.ch/news,academic_partnerships,community_ecosystem,2026-07-06 04:49:59.616544+00:00,,0.9,False,False
52c67e83-6c12-425c-a6bf-0e04b7e48a2a,zhaw,masfactory,website,https://www.zhaw.ch/de/ueber-uns/aktuell/news,leadership_expertise,legitimacy,2026-07-06 04:49:59.616544+00:00,,0.9,False,False
475cc86c-4d77-4caf-93d2-d8ac4ce3b931,geneva-quantum-centre,masfactory,website,https://www.unige.ch/gap/qic/qtech/news,academic_partnerships,community_ecosystem,2026-07-07 04:59:55.934223+00:00,,0.85,False,False
844be191-88a2-4005-99e1-a1c0ff8c2ce8,geneva-quantum-centre,masfactory,website,https://www.unige.ch/gap/qic/qtech/news,publications,legitimacy,2026-07-07 04:59:55.934223+00:00,,0.95,False,False
fa18a697-69f6-4e5e-b4a5-7aeaab5d2e21,swiss-quantum-initiative,hermes,website,https://www.snf.ch/en/N01wa8jzDaYFaPca/news/swiss-quantum-call-2026,funding_event,legitimacy,2026-07-07 19:40:02.732212+00:00,2026-06-01 00:00:00+00:00,0.65,False,False
d3be15d1-4604-42c5-928f-a6c153410c58,swiss-quantum-initiative,hermes,news,https://postquantum.com/industry-news/switzerland-quantum-strategy/,strategic_positioning,community_ecosystem,2026-07-07 19:40:02.732212+00:00,2026-03-04 00:00:00+00:00,0.7,False,False
122be855-9f86-473a-b3cf-0aa415676424,swiss-quantum-initiative,hermes,website,https://scnat.ch/en/uuid/i/0eb38501-a60e-5dfd-aa7c-02a0a8156846-Invited_Call_for_Proposals_under_the_Swiss_Quantum_Initiative,roadmap_statement,future_trajectory,2026-07-07 19:40:02.732212+00:00,2026-03-12 00:00:00+00:00,0.5,False,False
3cc3024f-a4bb-47c9-bd3e-0b09354d6fb4,swiss-quantum-initiative,hermes,website,https://ch.linkedin.com/company/swiss-quantum-initiative,strategic_positioning,community_ecosystem,2026-07-07 19:40:02.732212+00:00,2026-06-01 00:00:00+00:00,0.5,False,False
a5a0714a-2279-4fd9-8d83-add147dd9a03,swiss-quantum-initiative,hermes,news,https://www.swiss.tech/news/switzerland-maintains-world-class-quantum-ecosystem,consortium_membership,community_ecosystem,2026-07-07 19:40:02.732212+00:00,2026-05-01 00:00:00+00:00,0.45,False,False
23efe18e-7191-4581-b823-f3b676f000a9,swiss-quantum-initiative,hermes,news,https://srfz.ch/quantum-ai-in-der-schweiz-stand-der-dinge-ende-2025-innovationen-forschung-und-schutz-vor-betrug/,funding_event,future_trajectory,2026-07-07 19:53:06.083189+00:00,2025-12-28 00:00:00+00:00,0.5,False,False
c4658c84-dd7b-4564-850c-24584c11ca42,swiss-quantum-initiative,hermes,news,https://www.qureca.com/quantum-initiatives-worldwide/,strategic_positioning,community_ecosystem,2026-07-07 19:53:06.083189+00:00,2026-01-15 00:00:00+00:00,0.45,False,False
9c13f319-005f-4a00-892c-097e18ed700b,swiss-quantum-initiative,hermes,news,https://swissnex.org/news/swiss-quantum-strategy-released/,strategic_positioning,community_ecosystem,2026-07-07 19:53:06.083189+00:00,2026-03-06 00:00:00+00:00,0.55,False,False
6b51132c-8147-4677-b313-cd1e2cab4440,swiss-quantum-initiative,hermes,website,https://www.snf.ch/en/N01wa8jzDaYFaPca/news/swiss-quantum-call-2026,funding_event,legitimacy,2026-07-07 19:53:06.083189+00:00,2026-01-09 00:00:00+00:00,0.55,False,False
37008df6-8946-4b7a-840d-d132249f7991,swiss-quantum-initiative,hermes,website,https://ch.linkedin.com/company/swiss-quantum-initiative,voucher_program,customer_cocreation,2026-07-07 19:53:06.083189+00:00,2026-06-22 00:00:00+00:00,0.5,False,False
a612c080-4e63-4088-b40c-b3d91e6e7ddc,swiss-quantum-initiative,hermes,website,https://scnat.ch/en/uuid/i/263722c0-2019-55cd-b1d1-07eb97410997-Swiss_Quantum_Days_2026,conference_role,community_ecosystem,2026-07-07 19:53:06.083189+00:00,2026-01-28 00:00:00+00:00,0.5,False,False
73855a0c-5a1a-4f5b-9023-661ce47e6b01,fhnw,manual,manual,https://digitaltrust-competence.ch/introduction-to-quantum-technologies-and-the-swiss-ecosystem/,manual_entry,community_ecosystem,2026-07-08 04:23:12.144030+00:00,2026-07-07 21:40:51.238474+00:00,1.0,False,False
38e41a75-4d29-4975-a1a4-760087ecdbeb,swiss-quantum-initiative,manual,manual,https://www.swissinfo.ch/eng/research-frontiers/strategy-urges-switzerland-to-create-international-quantum-technology-hub/91035319,manual_entry,,2026-07-08 04:23:12.255527+00:00,2026-07-07 21:42:27.065664+00:00,1.0,False,False
22f7a8d3-795e-4be1-94bb-fd163141dd14,ibm-research-zurich,manual,manual,https://www.bluewin.ch/en/news/ibm-switzerland-boss-expects-breakthrough-in-quantum-computing-in-li.3265162,manual_entry,future_trajectory,2026-07-08 04:23:12.370276+00:00,2026-07-07 21:43:25.221406+00:00,1.0,False,False
ce265b22-0a30-4bba-bfbe-bb1df733e2aa,psi,manual,manual,https://www.psi.ch/de/news/medienmitteilungen/zusammenarbeit-metas-und-psi,manual_entry,,2026-07-08 04:23:12.628519+00:00,2026-07-07 21:44:40.595715+00:00,1.0,False,False
821e7983-1a81-4c85-bd4f-205d5fde2247,qzabre,manual,manual,https://www.linkedin.com/posts/qzabre-llc_qzabre-qsm-paleomagnetism-activity-7478112478158299136-OA9e?utm_source=share&utm_medium=member_desktop&rcm=ACoAADPFoNgBlHtFncAqTELC16L7slMGlUW3Nns,manual_entry,,2026-07-08 04:23:12.746263+00:00,2026-07-07 21:47:03.101060+00:00,1.0,False,False
3895ff61-93f4-4dc3-bc90-1e9c030d84bd,qzabre,manual,manual,https://www.linkedin.com/posts/qzabre-llc_qzabre-quantumedukit-reddotaward-activity-7476565527394705408-TvpH?utm_source=share&utm_medium=member_desktop&rcm=ACoAADPFoNgBlHtFncAqTELC16L7slMGlUW3Nns,manual_entry,,2026-07-08 04:23:12.833978+00:00,2026-07-07 21:47:42.256880+00:00,1.0,False,False
2d4aad57-c2ff-4bbf-b418-1b5da0291de6,swiss-quantum-initiative,hermes,website,https://quantum.scnat.ch/en/uuid/i/263722c0-2019-55cd-b1d1-07eb97410997-Swiss_Quantum_Days_2026,conference_role,community_ecosystem,2026-07-08 05:08:24.856260+00:00,2026-01-08 00:00:00+00:00,0.5,False,False
0f0ecba8-1b3f-4762-94c2-eef14abedf5e,swiss-quantum-initiative,hermes,website,https://www.swissphotonics.net/libraries.files/com_quantum_strategy_online1.pdf,leadership_appointment,legitimacy,2026-07-08 05:08:24.856260+00:00,2026-03-04 00:00:00+00:00,0.45,False,False
4613e0ed-56cf-4b58-99ad-a12f8fd697d9,swiss-quantum-initiative,hermes,website,https://quantum.scnat.ch/de/news_and_events,consortium_funding,customer_cocreation,2026-07-08 05:08:24.856260+00:00,2026-03-12 00:00:00+00:00,0.5,False,False
7a8753e9-eee8-48f3-9abb-d9c137b9d02f,swiss-quantum-initiative,hermes,website,https://quantum.scnat.ch/en,funding_event,future_trajectory,2026-07-08 05:08:24.856260+00:00,2026-01-06 00:00:00+00:00,0.6,False,False
dd573678-aa87-43c2-af9f-1b06a0053945,swiss-quantum-initiative,hermes,website,https://www.snf.ch/en/N01wa8jzDaYFaPca/news/swiss-quantum-call-2026,funding_event,legitimacy,2026-07-08 05:08:24.856260+00:00,2026-01-09 00:00:00+00:00,0.55,False,False
0f7185be-c539-4259-abd6-d15efb10ba40,swiss-quantum-initiative,hermes,news,https://swissnex.org/news/swiss-quantum-strategy-released/,strategic_positioning,community_ecosystem,2026-07-08 05:08:24.856260+00:00,2026-03-04 00:00:00+00:00,0.55,False,False
1ef5f661-618f-46fe-96d8-d1bb5a0de7b2,swiss-quantum-initiative,hermes,news,https://actu.epfl.ch/news/switzerland-hosts-its-inaugural-swiss-quantum-week/,strategic_positioning,community_ecosystem,2026-07-08 05:08:24.856260+00:00,2025-12-19 00:00:00+00:00,0.5,True,False
f96b8a72-6bb4-4d9b-b018-fc7fb098f77c,epfl-qse,hermes,website,https://www.epfl.ch/research/domains/quantum-center/funding/qse-postdoctoral-fellowships-2024/,funding_event,future_trajectory,2026-07-08 05:36:01.569391+00:00,2025-03-18 00:00:00+00:00,0.6,False,False
12e8b834-89f8-48a4-8d58-96a80b9a85e5,epfl-qse,hermes,website,https://actu.epfl.ch/news/quantum-and-molecular-plumbing,publication,legitimacy,2026-07-08 05:36:01.569391+00:00,2026-06-22 00:00:00+00:00,0.55,False,False
ee774383-83f0-4c24-80c5-b019f33c8598,epfl-qse,hermes,website,https://actu.epfl.ch/news/quantum-excellence-swiss-precision/,consortium_membership,community_ecosystem,2026-07-08 05:36:01.569391+00:00,2025-11-14 00:00:00+00:00,0.55,False,False
e70dc339-e620-4a11-a10b-3a9da3c9f01c,epfl-qse,hermes,website,https://memento.epfl.ch/event/snsf-swiss-quantum-call-2026/,strategic_positioning,community_ecosystem,2026-07-08 05:36:01.569391+00:00,2026-01-09 00:00:00+00:00,0.5,False,False
1723f5f7-11a8-431d-8505-e922ee474b3c,epfl-qse,hermes,website,https://actu.epfl.ch/news/qse-assembly-brings-together-epfl-faculty-in-quant/,conference_role,community_ecosystem,2026-07-08 05:36:01.569391+00:00,2025-01-07 00:00:00+00:00,0.45,False,False
7e745a3b-7e4e-4726-8cea-303cc53f9af7,epfl-qse,hermes,website,https://actu.epfl.ch/news/epfl-launches-cloud-access-to-real-quantum-compute/,pilot_announcement,customer_cocreation,2026-07-08 05:36:01.569391+00:00,2026-05-29 00:00:00+00:00,0.7,False,False
0cde23bf-16c6-406f-acb7-c84446a8be1f,psi,hermes,website,https://www.psi.ch/en/swissfel/bernina/scientific-highlights-and-news,scientific_highlight,legitimacy,2026-07-08 05:49:31.303825+00:00,2025-08-29 00:00:00+00:00,0.5,False,False
12202a08-5eef-4d12-8ed9-3bd1633067bf,psi,hermes,website,https://www.psi.ch/en/news/science-features/stabilising-fleeting-quantum-states-with-light,joint_publication,community_ecosystem,2026-07-08 05:49:31.303825+00:00,2025-06-05 00:00:00+00:00,0.65,False,False
c10fbb8b-bd9b-4a7f-891e-2945fef7cb5d,psi,hermes,website,https://www.psi.ch/en/news/science-features/correcting-quantum-errors-with-neutral-atom-architectures,technological_roadmap,future_trajectory,2026-07-08 05:49:31.303825+00:00,2025-05-19 00:00:00+00:00,0.6,False,False
f6fc6e57-cdde-4ed8-969d-b61791bebead,psi,hermes,website,https://www.psi.ch/en/news/media-releases/unique-quantum-simulator-opens-door-to-new-research,joint_announcement,customer_cocreation,2026-07-08 05:49:31.303825+00:00,2025-02-06 00:00:00+00:00,0.7,False,False
8f3a4718-dc45-4af4-a0dc-3ebede640a6d,psi,hermes,website,https://www.psi.ch/en/news/media-releases/quantum-material-under-pressure,publication,legitimacy,2026-07-08 05:49:31.303825+00:00,2026-07-07 00:00:00+00:00,0.65,False,False
8bb144fb-1128-4ee5-be92-cbe9e933e056,psi,hermes,website,https://www.psi.ch/en/news/media-releases/esa-centre-of-excellence-opens-in-switzerland,consortium_membership,community_ecosystem,2026-07-08 05:49:31.303825+00:00,2025-05-27 00:00:00+00:00,0.65,False,False
8771de56-15a5-4053-b8cb-1e547995f1c6,psi,hermes,website,https://www.psi.ch/en/news/science-features/peering-into-matter-with-ultrashort-x-ray-ripples,joint_publication,community_ecosystem,2026-07-08 05:49:31.303825+00:00,2025-07-17 00:00:00+00:00,0.55,False,False
ed3c1812-dc0b-4ff0-9af4-4988f5ab8d26,psi,hermes,news,https://www.phys.ethz.ch/news-and-events/d-phys-news/2025/01/breaking-new-ground-doubling-down-on-neutral-atom-quantum-computing.html,leadership_appointment,future_trajectory,2026-07-08 05:49:31.303825+00:00,2025-09-01 00:00:00+00:00,0.55,False,False
a3f678b1-f540-4d16-80f0-50bede5d60ca,eth-psi-quantum-computing-hub,hermes,arxiv,https://arxiv.org/abs/2606.31864,publication,legitimacy,2026-07-08 05:58:57.364669+00:00,2026-07-01 00:00:00+00:00,0.65,False,False
f5a937a5-448d-421f-9c06-a2bba6bc9e2d,eth-psi-quantum-computing-hub,hermes,news,https://swissnex.org/app/uploads/2025/10/Switzerland_Hub_Quantum_Oct2025_web.pdf,strategic_positioning,community_ecosystem,2026-07-08 05:58:57.364669+00:00,2025-10-01 00:00:00+00:00,0.6,False,False
761dc6e5-59a2-4e18-9303-f411bfbc9eb5,eth-psi-quantum-computing-hub,hermes,website,https://www.nature.com/nature-index/institution-outputs/switzerland/ethz-psi-quantum-computing-hub/685368590746511b7609d514,consortium_membership,community_ecosystem,2026-07-08 05:58:57.364669+00:00,2025-03-01 00:00:00+00:00,0.75,False,False
b4f868da-232b-4585-9aaa-fda178d5e653,eth-psi-quantum-computing-hub,hermes,website,https://www.psi.ch/en/lnq/news-and-highlights-archive,consortium_funding,future_trajectory,2026-07-08 05:58:57.364669+00:00,2025-12-17 00:00:00+00:00,0.7,True,False
ceef1795-3442-4d02-b3eb-dea00df17eb9,eth-psi-quantum-computing-hub,hermes,arxiv,https://arxiv.org/pdf/2503.04610v1,publication,legitimacy,2026-07-08 05:58:57.364669+00:00,2025-03-06 00:00:00+00:00,0.85,False,False
b6058130-e068-48e4-a6a9-970dde01183f,zhaw,hermes,website,https://www.zhaw.ch/en/about-us/news/news-releases/news-detail/event-news/when-does-quantum-machine-learning-actually-help-first-doctoral-thesis-on-quantum-machine-learning-at-zhaw,doctoral_thesis,legitimacy,2026-07-08 06:20:06.725678+00:00,2026-03-26 00:00:00+00:00,0.8,False,False
a73b7425-7482-426e-97b6-a74797b4f267,zhaw,hermes,website,https://www.zhaw.ch/en/engineering/institutes-centres/init/news,technological_advances,future_trajectory,2026-07-08 06:20:06.725678+00:00,2026-03-26 00:00:00+00:00,0.75,False,False
ad403b0b-a4d7-4cad-a531-70197cc2e681,zhaw,hermes,website,https://www.zhaw.ch/en/engineering/institutes-centres/init/news/news/event-news/keynote-on-quantum-computing-for-data-management-at-sigmod-workshop-q-data-2026,conference_keynote,legitimacy,2026-07-08 06:20:06.725678+00:00,2026-06-01 00:00:00+00:00,0.8,False,False
f2ce6055-398d-4a46-a694-41e5c3507d21,zhaw,hermes,website,https://data-innovation.org/mec-category/expert-group-meeting/,consortium_membership,community_ecosystem,2026-07-08 06:20:06.725678+00:00,2026-04-16 00:00:00+00:00,0.7,False,False
5efbb885-2b07-4112-95c5-48eb1370562e,zhaw,hermes,website,https://github.com/sulimovp/nacht_der_technik,public_engagement_education,community_ecosystem,2026-07-08 06:20:06.725678+00:00,2026-07-03 00:00:00+00:00,0.75,False,False
6c846469-aeb1-450d-86d0-fabcf24dada1,zhaw,hermes,website,https://www.zhaw.ch/en/about-us/news/news-releases/news-detail/event-news/neue-plattform-buendelt-expertise-in-der-quantenforschung,platform_launch,community_ecosystem,2026-07-08 06:20:06.725678+00:00,2026-05-27 00:00:00+00:00,0.85,False,False
6829922c-3af6-4ab8-b13e-3c702e1401a2,open-quantum-institute-cern,hermes,website,https://open-quantum-institute.cern/three-years-on-the-open-quantum-institutes-role-has-never-been-more-critical/,third_party_validation,legitimacy,2026-07-08 07:05:25.540633+00:00,2026-06-19 00:00:00+00:00,0.6,True,False
264dd9fb-6f33-43f8-93c1-7556d34d1d67,open-quantum-institute-cern,hermes,website,https://indico.cern.ch/event/1631283/overview,public_collaboration,community_ecosystem,2026-07-08 07:05:25.540633+00:00,2026-06-16 00:00:00+00:00,0.55,False,False
c895647a-9e70-46e7-9f04-44edb97a9c36,open-quantum-institute-cern,hermes,website,https://open-quantum-institute.cern/from-iyq-to-global-quantum-initiative-oqis-role-in-shaping-an-inclusive-and-responsible-quantum-future/,consortium_membership,community_ecosystem,2026-07-08 07:05:25.540633+00:00,2026-02-24 00:00:00+00:00,0.55,True,False
ffd17888-1b20-48cf-be33-af8608c26c90,open-quantum-institute-cern,hermes,website,https://repository.cern/records/8dabm-zq450/files/OQI-Intelligence-Report.pdf?download=1,publication,legitimacy,2026-07-08 07:05:25.540633+00:00,2026-01-01 00:00:00+00:00,0.45,False,False
cf38100b-5303-4b05-85ed-0f19b33dd0ac,open-quantum-institute-cern,hermes,website,https://open-quantum-institute.cern/swiss-quantum-week/,conference_role,community_ecosystem,2026-07-08 07:05:25.540633+00:00,2026-01-01 00:00:00+00:00,0.4,False,False
0cdc5de1-b124-4712-bb9a-cc060cee0ea6,open-quantum-institute-cern,hermes,website,https://indico.cern.ch/event/1503196/attachments/3023880/5340480/OQI+Engagement+Opportunities+Information+Package.docx+(002).pdf,roadmap_statement,future_trajectory,2026-07-08 07:05:25.540633+00:00,2026-01-01 00:00:00+00:00,0.4,False,False
f30d56ad-57a5-44b3-bbca-58e962e855d3,verve-ventures,hermes,news,https://www.linkedin.com/posts/verveventures_we-are-thrilled-to-announce-our-investment-activity-7351516124598992897-DluG,portfolio_funding_event,customer_cocreation,2026-07-08 07:13:50.925195+00:00,2025-07-17 00:00:00+00:00,0.55,False,False
89e22a4e-cca7-4b5e-894c-05d150d00503,verve-ventures,hermes,news,https://www.qidis25.com/participants/3182453,conference_participation,community_ecosystem,2026-07-08 07:13:50.925195+00:00,2025-10-14 00:00:00+00:00,0.5,False,False
b6290910-bf04-428d-8043-bfca9269d3ed,verve-ventures,hermes,news,https://www.linkedin.com/posts/chemeurope-com_nanoscale-magnetic-imaging-once-confined-activity-7470020258469257216-6SZX,portfolio_exit,future_trajectory,2026-07-08 07:13:50.925195+00:00,2026-06-04 00:00:00+00:00,0.5,False,False
437af863-6b99-43cf-946f-a25e7556f7c9,verve-ventures,hermes,news,https://www.optica.org/events/industry_events/2025/optica_2025_quantum_industry_summit_-_fourth-edition/speakers/pepijn_rot/,conference_speaking,community_ecosystem,2026-07-08 07:13:50.925195+00:00,2025-11-12 00:00:00+00:00,0.5,False,False
cf52ca9f-d96e-42b8-8c03-b39d6919d481,verve-ventures,hermes,news,https://www.linkedin.com/posts/verveventures_2025-a-strong-year-for-european-deep-activity-7416737380042444801-VlVb,strategic_positioning,future_trajectory,2026-07-08 07:13:50.925195+00:00,2025-01-15 00:00:00+00:00,0.45,False,False
bee7b420-fc59-476f-a0fd-e1ff2136675e,verve-ventures,hermes,website,https://www.verve.vc/blog/quantum-investments-in-the-age-of-ai/,strategic_positioning,future_trajectory,2026-07-08 07:13:50.925195+00:00,2025-12-01 00:00:00+00:00,0.45,False,False
ac031fb3-11ed-4f42-a681-8a13b48754c8,verve-ventures,hermes,news,https://nordic9.com/news/groove-quantum-raised-a-16m-seed-with-delft-e/,portfolio_funding_event,customer_cocreation,2026-07-08 07:13:50.925195+00:00,2026-04-20 00:00:00+00:00,0.6,False,False
7cfd6519-53c2-428e-8e22-bf926215e43e,verve-ventures,hermes,website,https://www.verve.vc/blog/groove-quantum-germanium-scalable-quantum-computing/,strategic_positioning,future_trajectory,2026-07-08 07:13:50.925195+00:00,2026-04-30 00:00:00+00:00,0.55,False,False
7b3aedae-5e04-4db7-9769-0ba43a53e5d9,verve-ventures,hermes,news,https://www.linkedin.com/posts/verveventures_were-happy-to-announce-that-our-portfolio-activity-7379453312133386240-MuiH,portfolio_funding_event,customer_cocreation,2026-07-08 07:13:50.925195+00:00,2025-10-02 00:00:00+00:00,0.55,False,False
bed5d20d-c162-47a2-9980-a9efe09f6c42,ibm-research-zurich,hermes,news,https://zuerich.ai/news/ibm-research-zurich-quantum-ai/,strategic_positioning,community_ecosystem,2026-07-08 07:18:23.147765+00:00,2026-02-12 00:00:00+00:00,0.55,False,False
1b35016a-9503-41c1-8667-6881148987c5,ibm-research-zurich,hermes,news,https://quantumzeitgeist.com/ibm-algorithmic-research-eth-zurich/,talent_pipeline,community_ecosystem,2026-07-08 07:18:23.147765+00:00,2026-04-02 00:00:00+00:00,0.5,False,False
04ae913d-b4f6-4e53-a293-88b0e54de9a9,ibm-research-zurich,hermes,news,https://www.networkworld.com/article/4131660/ibm-research-when-ai-and-quantum-merge.html,roadmap_statement,future_trajectory,2026-07-08 07:18:23.147765+00:00,2026-02-12 00:00:00+00:00,0.5,False,False
28cb2262-6b9c-4c53-9cb4-7c0bbf1967f4,ibm-research-zurich,hermes,website,https://newsroom.ibm.com/2026-03-31-IBM-and-ETH-Zurich-join-forces-to-shape-the-future-of-algorithms-for-the-AI-and-quantum-era,consortium_membership,community_ecosystem,2026-07-08 07:18:23.147765+00:00,2026-03-31 00:00:00+00:00,0.85,True,False
b4f9bbf6-50d2-4e15-85dd-fe5f862636c6,ibm-research-zurich,hermes,news,https://www.bluewin.ch/en/news/ibm-switzerland-boss-expects-breakthrough-in-quantum-computing-in-li.3265162,roadmap_statement,future_trajectory,2026-07-08 07:18:23.147765+00:00,2026-05-06 00:00:00+00:00,0.65,False,False
fba8c37a-cc40-406e-9bf0-a23de9cd4542,ibm-research-zurich,hermes,website,"https://newsroom.ibm.com/2026-06-02-ibm-commits-more-than-10-billion-to-quantum-computing,-funding-its-roadmap-from-todays-leading-systems-to-the-worlds-first-fault-tolerant-quantum-computers",funding_event,future_trajectory,2026-07-08 07:18:23.147765+00:00,2026-06-02 00:00:00+00:00,0.85,False,False
ed73a3ab-3a77-4704-9581-9af80c26ceba,csem,hermes,website,https://www.csem.ch/en/technical-focus/quantum-technologies/,strategic_positioning,future_trajectory,2026-07-08 07:37:41.158137+00:00,2026-01-01 00:00:00+00:00,0.5,False,False
a3e040f3-dcb0-4782-94ab-04750c2ed087,csem,hermes,website,https://www.csem.ch/en/annual-report/2025/when-watchmaking-meets-world-timekeeping/,technological_advances,future_trajectory,2026-07-08 07:37:41.158137+00:00,2026-01-01 00:00:00+00:00,0.65,False,False
bfa4706b-6885-400b-9579-a79a1378f43f,csem,hermes,news,https://www.startupticker.ch/index.php/en/news/ccraft-closes-usd-7-8-million-funding-round-to-scale-up-its-photonic-chips-foundry,technology_transfer,community_ecosystem,2026-07-08 07:37:41.158137+00:00,2026-07-04 00:00:00+00:00,0.7,False,False
78526954-341c-423c-a161-93f8ecac169f,csem,hermes,news,https://navisp.esa.int/project/details/408/show,consortium_funding,customer_cocreation,2026-07-08 07:37:41.158137+00:00,2026-01-01 00:00:00+00:00,0.65,False,False
abda73a2-a397-412d-b3ac-7b0fb90b94f2,csem,hermes,website,https://www.csem.ch/en/press/,award,legitimacy,2026-07-08 07:37:41.158137+00:00,2026-06-22 00:00:00+00:00,0.7,False,False
1a181a63-8127-4b4b-97ca-5318bde420a0,qnami,hermes,website,https://qnami.ch/qnami-joins-quantum-design-to-accelerate-the-future-of-quantum-sensing/,ma_acquisition,future_trajectory,2026-07-08 07:54:09.324809+00:00,2026-06-02 00:00:00+00:00,0.85,False,False
2593f423-df8a-4ed2-9d6a-8842ef972fc7,femtoprint,hermes,website,https://www.linkedin.com/posts/femtoprint-sa_quantum-activity-7430257631069642752-yOwG,consortium_membership,community_ecosystem,2026-07-08 08:25:46.564532+00:00,2026-04-15 00:00:00+00:00,0.5,False,False
943cd273-6f67-4784-b38c-1d5551985c64,femtoprint,hermes,website,https://www.femtoprint.ch/media/femtoprint-leading-the-future-of-swiss-innovation/,funding_event,legitimacy,2026-07-08 08:25:46.564532+00:00,2026-01-15 00:00:00+00:00,0.55,False,False
eee52061-1394-4434-9672-d894fec177d1,femtoprint,hermes,news,https://journals.spiedigitallibrary.org/conference-proceedings-of-spie/PC13903/PC139030G/Glass-microcomponents-for-fiber-connectivity-in-co-packaged-optics-and/10.1117/12.3080635.full,publication,legitimacy,2026-07-08 08:25:46.564532+00:00,2026-03-04 00:00:00+00:00,0.6,False,False
d66c2151-eaeb-4c57-b6a5-73a0538516b7,femtoprint,hermes,website,https://www.femtoprint.ch/media/is-the-future-of-quantum-written-in-glass/,technological_advances,future_trajectory,2026-07-08 08:25:46.564532+00:00,2026-02-20 00:00:00+00:00,0.45,False,False
d4e183ca-260d-48bd-a387-00d63c4ab95d,femtoprint,hermes,website,https://www.linkedin.com/posts/femtoprint-sa_quantumtechnology-optica2026-glassmicrofabrication-activity-7470414976290295809-Sfbs,strategic_positioning,community_ecosystem,2026-07-08 08:25:46.564532+00:00,2026-06-17 00:00:00+00:00,0.5,False,False
882f3f77-e2c9-4316-9388-14eca7e932cb,zuriq,hermes,website,https://startupintros.com/orgs/zuriq,roadmap_statement,future_trajectory,2026-07-08 08:31:53.407827+00:00,2026-04-16 00:00:00+00:00,0.4,False,False
1418396c-8a24-4426-9694-f12c61fd40f3,zuriq,hermes,website,https://miraex.com/q-modus-snsf-bridge-quantum-call,consortium_membership,community_ecosystem,2026-07-08 08:31:53.407827+00:00,2026-04-07 00:00:00+00:00,0.55,False,False
f86cd05a-8da8-4ccd-87a2-aa57d14ed1e1,swissnex,hermes,news,https://www.admin.ch/en/newnsb/6Lf6PKQX94xl-VJ_Gau8M,publication,legitimacy,2026-07-08 08:51:22.812374+00:00,2026-04-14 00:00:00+00:00,0.65,True,False
c746b2ae-0ca0-4b95-a4f2-10b714c052a7,swissnex,hermes,website,https://swissnex.org/our-impact/quantum/swissnex-quantum-summit-2025/,consortium_membership,community_ecosystem,2026-07-08 08:51:22.812374+00:00,2025-10-13 00:00:00+00:00,0.75,False,False
9293b2e3-eb97-4157-8188-ccac9de12bdb,swissnex,hermes,website,https://swissnex.org/news/swissnex-quantum-summit-2025-key-insights/,publication,community_ecosystem,2026-07-08 08:51:22.812374+00:00,2025-11-10 00:00:00+00:00,0.6,False,False
46d9eb9a-feec-4dbb-ad5c-4698de68e4dd,swissnex,hermes,website,https://swissnex.org/our-impact/quantum/,strategic_positioning,future_trajectory,2026-07-08 08:51:22.812374+00:00,2026-01-15 00:00:00+00:00,0.6,False,False
838b0c49-0780-4bbf-8f03-94a3cfa7d8e7,swissnex,hermes,website,https://quantum.scnat.ch/en/science_and_innovation,certification,legitimacy,2026-07-08 08:51:22.812374+00:00,2025-10-13 00:00:00+00:00,0.65,False,False
3e3dfba0-d42e-439b-b14f-348c5d95e3ce,swissnex,hermes,news,https://www.publicnow.com/view/E0AB4C33A2C13946A0ECCADE6A8A93FE19151992,consortium_membership,community_ecosystem,2026-07-08 08:51:22.812374+00:00,2025-10-01 00:00:00+00:00,0.55,False,False
28a8cea1-7d00-4503-9e48-35d343e2350d,zhaw,manual,manual,https://www.zhaw.ch/en/engineering/institutes-centres/init/news/news/event-news/neue-plattform-buendelt-expertise-in-der-quantenforschung,manual_entry,,2026-07-09 02:03:35.612975+00:00,2026-07-08 16:05:21.844545+00:00,1.0,False,False
11fa981d-d9ed-4b24-9d85-096d885b9859,swiss-quantum-initiative,hermes,website,https://www.snf.ch/en/N01wa8jzDaYFaPca/news/swiss-quantum-call-2026,funding_event,legitimacy,2026-07-09 05:04:17.310215+00:00,2026-06-01 00:00:00+00:00,0.7,False,False
df811d21-d9a9-4949-944e-fa10aefb4c61,swiss-quantum-initiative,hermes,news,https://www.swissinfo.ch/eng/research-frontiers/strategy-urges-switzerland-to-create-international-quantum-technology-hub/91035319,strategic_positioning,community_ecosystem,2026-07-09 05:04:17.310215+00:00,2026-03-04 00:00:00+00:00,0.75,False,False
a6bb6566-5575-404b-934e-7bc70bda7e4f,swiss-quantum-initiative,hermes,website,https://www.bridge.ch/en/Z4n14npZV0xK4Yxg/news/bridge-quantum-call-2025-9-projects-approved,funding_event,legitimacy,2026-07-09 05:04:17.310215+00:00,2026-03-27 00:00:00+00:00,0.7,False,False
8c7ae1df-6a1c-4c20-a06e-c18b4714ffa1,swiss-quantum-initiative,hermes,news,https://bqc.unibas.ch/en/news/details/swiss-quantum-days-2026-in-engelberg/,conference_role,community_ecosystem,2026-07-09 05:04:17.310215+00:00,2026-02-02 00:00:00+00:00,0.7,False,False
6dbbdfb2-a1ea-41ba-b786-5c062bb8349e,swiss-quantum-initiative,hermes,website,https://scnat.ch/fr/uuid/i/cb2cab25-06e8-5752-abf4-438886bd3c11-Call_for_Proposals_%E2%80%93_2026_Quantum_Voucher_Model,pilot_announcement,customer_cocreation,2026-07-09 05:04:17.310215+00:00,2026-05-26 00:00:00+00:00,0.75,False,False
3db4e851-e1f2-47c5-9739-eab986ab36df,swiss-quantum-initiative,hermes,website,https://www8.cao.go.jp/cstp/stmain/20251005ryoshi_en.html,consortium_membership,community_ecosystem,2026-07-09 05:04:17.310215+00:00,2025-10-05 00:00:00+00:00,0.65,False,False
58565ec1-710d-4a3e-8f25-2cd5c6dd85b7,swiss-quantum-initiative,hermes,website,https://swissquantumweek.ch/,conference_role,community_ecosystem,2026-07-09 05:04:17.310215+00:00,2026-06-01 00:00:00+00:00,0.6,False,False
e72606d4-9f57-4c24-925f-7ca0b7a405fd,swiss-quantum-initiative,hermes,arxiv,https://arxiv.org/abs/2605.05347,publication,legitimacy,2026-07-09 05:04:17.310215+00:00,2026-05-06 00:00:00+00:00,0.55,False,False
883e1cec-1998-4d3f-a8d3-85620e95d8ee,metas,hermes,arxiv,https://arxiv.org/abs/2603.10553,publication,legitimacy,2026-07-09 05:08:11.746493+00:00,2026-03-12 00:00:00+00:00,0.7,False,False
91ae4f3e-22e3-4707-abe9-51e373363efe,metas,hermes,website,https://www.rhf.admin.ch/metas/en/home/fue/quantenkompetenzzentrum.html,strategic_positioning,legitimacy,2026-07-09 05:08:11.746493+00:00,2026-05-13 00:00:00+00:00,0.6,False,False
f4322ee8-c4fe-42ee-b73d-374ce4eec0f2,metas,hermes,news,https://ggba.swiss/en/top-stories-from-western-switzerland-may-2026/,strategic_positioning,community_ecosystem,2026-07-09 05:08:11.746493+00:00,2026-05-27 00:00:00+00:00,0.55,False,False
fed1a4d2-a80a-4c51-a725-83b05923f990,metas,hermes,news,https://www.euramet.org/research-innovation/search-research-projects/details/project/graphene-impedance-quantum-standard,consortium_membership,community_ecosystem,2026-07-09 05:08:11.746493+00:00,2026-01-15 00:00:00+00:00,0.55,False,False
a79656ca-5aad-4a93-91c9-5efb5da90bc7,metas,hermes,news,https://www.euramet.org/research-innovation/search-research-projects/details/project/quantum-anomalous-hall-effect-materials-and-devices-for-metrology,consortium_membership,community_ecosystem,2026-07-09 05:08:11.746493+00:00,2026-01-15 00:00:00+00:00,0.55,False,False
02842818-083e-475a-8333-2146da171716,metas,hermes,news,https://www.euramet.org/research-innovation/search-research-projects/details/project/cryogenic-rf-measurements-for-quantum-and-semiconductor-technologies,consortium_membership,community_ecosystem,2026-07-09 05:08:11.746493+00:00,2026-01-15 00:00:00+00:00,0.55,False,False
186602e0-db25-435d-a6a2-f00e053a596d,metas,hermes,news,https://nanoscience.unibas.ch/en/news/details/universitaet-basel-uebernimmt-co-leitung-im-neuen-nationalen-forschungsschwerpunkt-precision/,consortium_membership,community_ecosystem,2026-07-09 05:08:11.746493+00:00,2026-02-02 00:00:00+00:00,0.6,False,False
c051c366-13e8-4d30-9db0-ce1701cd125a,metas,hermes,website,https://www.metas.ch/metas/en/home/metas/institut/strategie_metas.html,strategic_positioning,future_trajectory,2026-07-09 05:08:11.746493+00:00,2026-03-13 00:00:00+00:00,0.5,False,False
d1acc45d-852f-4d23-90d7-5227258dd742,metas,hermes,news,https://www.esdi.ch/quantum-2/,consortium_funding,customer_cocreation,2026-07-09 05:08:11.746493+00:00,2026-04-01 00:00:00+00:00,0.55,False,False
f15cac8d-4b7e-4058-9dcf-9c51050a5266,metas,hermes,news,https://ggba.swiss/en/switzerlands-guardian-of-measurement-steps-into-the-quantum-era/,strategic_positioning,community_ecosystem,2026-07-09 05:08:11.746493+00:00,2026-05-01 00:00:00+00:00,0.55,False,False
79ca1035-d569-4a70-bf18-fa91780d2fe9,swissnex,hermes,website,https://swissnex.org/quantum,strategic_positioning,community_ecosystem,2026-07-09 05:33:47.711082+00:00,2026-07-09 00:00:00+00:00,0.45,False,False
061fc285-4473-4af3-b3a9-c11355c90723,swissnex,hermes,news,https://en.wikipedia.org/wiki/Dominik_Zumb%C3%BChl,strategic_positioning,community_ecosystem,2026-07-09 05:33:47.711082+00:00,2026-07-09 00:00:00+00:00,0.35,False,False
9263608a-f292-4205-88b7-3b6fe79fe585,swiss-quantum-initiative,hermes,website,https://www.snf.ch/en/2ELbCYYdYNkwWZz0/news/swiss-quantum-call-2026,funding_event,legitimacy,2026-07-11 19:57:38.181835+00:00,2026-05-01 00:00:00+00:00,0.8,False,False
974752a0-bd63-45c7-9c07-6b94559ae521,swiss-quantum-initiative,hermes,website,https://www.swissphotonics.net/home?news_id=4564,pilot_announcement,customer_cocreation,2026-07-11 19:57:38.181835+00:00,2026-05-26 00:00:00+00:00,0.8,False,False
a63bc8f3-c1e7-4376-a93b-ce26a44aa9f3,swiss-quantum-initiative,hermes,website,https://quantum.scnat.ch/de,leadership_appointment,legitimacy,2026-07-11 19:57:38.181835+00:00,2026-07-07 00:00:00+00:00,0.75,False,False
29637d48-b1b4-474b-9996-ad797580eaeb,swiss-quantum-initiative,hermes,website,https://www.swissnex.org/swissquantumweek2026,conference_organization,community_ecosystem,2026-07-11 19:57:38.181835+00:00,2026-06-01 00:00:00+00:00,0.75,False,False
dee200b3-bf79-4461-8f0e-66cec5ce309d,swiss-quantum-initiative,hermes,news,https://e2-news.ch/en/news/swiss-quantum-shows-its-strengths-to-the-world,conference_organization,community_ecosystem,2026-07-11 19:57:38.181835+00:00,2025-12-09 00:00:00+00:00,0.75,False,False
acce7aad-0e52-41fa-97cf-abf7dd276c19,swiss-quantum-initiative,hermes,arxiv,https://arxiv.org/abs/2605.05347,publication,legitimacy,2026-07-11 19:57:38.181835+00:00,2026-05-06 00:00:00+00:00,0.65,False,False
8c37f31b-f65e-4a65-b403-1de89d987c05,swiss-quantum-initiative,hermes,website,https://swiss-pic.ch/news?10430,pilot_announcement,customer_cocreation,2026-07-11 19:57:38.181835+00:00,2026-04-26 00:00:00+00:00,0.7,False,False
a3122e42-f3ab-494e-93f9-3c0ced0c200c,swiss-quantum-initiative,hermes,news,https://www.swissinfo.ch/eng/research-frontiers/strategy-urges-switzerland-to-create-international-quantum-technology-hub/91035319,strategic_positioning,community_ecosystem,2026-07-11 19:57:38.181835+00:00,2026-03-04 00:00:00+00:00,0.85,False,False
eca119c9-4c3b-4249-b359-e5b22a43a50b,swiss-quantum-initiative,hermes,website,https://scnat.ch/de/uuid/i/263722c0-2019-55cd-b1d1-07eb97410997-Swiss_Quantum_Days_2026,conference_organization,community_ecosystem,2026-07-11 19:57:38.181835+00:00,2026-01-08 00:00:00+00:00,0.7,False,False
f9647b40-d10c-42b1-b373-753198217fc0,open-quantum-institute-cern,masfactory,news,https://ideasquare.cern/taxonomy/term/262,educational_outreach,legitimacy,2026-07-11 20:58:49.929138+00:00,,0.85,False,False
e2b500a0-4417-44fd-b7d6-c208c0396e6c,zhaw,masfactory,news,https://scholar.google.com/citations?user=IIW4rykAAAAJ&hl=en,publications,legitimacy,2026-07-11 20:58:49.929138+00:00,,0.9,False,False
3f13e1a6-84f4-4e03-adb5-391a52c04e11,zuriq,masfactory,news,https://ch.linkedin.com/company/zuriq,industry_partnerships,community_ecosystem,2026-07-11 20:58:49.929138+00:00,,0.9,False,False
1985feef-68f3-4db9-a4a0-0a9c746ead0a,csem,masfactory,news,https://www.csem.ch/en/annual-report/2025/when-watchmaking-meets-world-timekeeping/,technological_advances,future_trajectory,2026-07-11 20:58:49.929138+00:00,,0.85,False,False
e4251604-007d-4a9a-9009-44f251f70ef4,qai-ventures,masfactory,news,https://qai-ventures.com/hackathon,educational_outreach,legitimacy,2026-07-11 20:58:49.929138+00:00,,0.9,False,False
b8474c47-ce4c-4420-a220-453147386a45,qai-ventures,masfactory,news,https://qai-ventures.com/venture-building,pilots_pocs,customer_cocreation,2026-07-11 20:58:49.929138+00:00,,0.8,False,False
dd4b988d-ff19-4346-8377-853ade4e9e31,qnami,masfactory,news,https://qd-europe.com/de/de/neuigkeiten/aktuelles/newsdetails/quantum-design-completes-acquisition-of-qnami--2608/,funding_event,legitimacy,2026-07-11 20:58:49.929138+00:00,,0.95,False,False
d8de8049-b6d7-451e-85b2-d95f265f0ccf,qzabre,masfactory,news,https://www.qzabre.com/quantum-computing,technological_advances,future_trajectory,2026-07-11 20:58:49.929138+00:00,,0.85,False,False
048b47b9-b5e6-427f-8015-d42ddc26d260,qzabre,masfactory,news,https://www.qzabre.com/QSM,technological_advances,future_trajectory,2026-07-11 20:58:49.929138+00:00,,0.85,False,False
42638806-603d-4670-8a35-af37be2e41a8,qzabre,masfactory,news,https://www.iaf.fraunhofer.de/content/dam/iaf/documents/Presse/infomaterial/flyer-quantum-sensing_fraunhofer-iaf.pdf,pilots_pocs,customer_cocreation,2026-07-11 20:58:49.929138+00:00,,0.85,False,False
61be3a99-7045-4224-956c-e6ffe6caa6b4,qzabre,masfactory,news,https://spin.ethz.ch/quantum-technology.html,technological_advances,future_trajectory,2026-07-11 20:58:49.929138+00:00,,0.9,False,False
c721946a-91e3-4c3f-94a6-c953536a4c78,qzabre,masfactory,news,https://www.qzabre.com/news,milestones,future_trajectory,2026-07-11 20:58:49.929138+00:00,,0.9,True,False
008e3bbf-308e-4895-997d-e1f8ff308101,quantumbasel,masfactory,news,https://www.unibas.ch/de/Aktuell/News/Uni-Info/Universitaet-Basel-und-QuantumBasel-buendeln-Kraefte-fuer-Quantum-Computing-Innovation-in-der-Schweiz.html,academic_partnerships,community_ecosystem,2026-07-11 20:58:49.929138+00:00,,0.9,False,False
03f61120-94bf-4eb4-8e59-d5b046570c5a,quantumbasel,masfactory,news,https://www.s-ge.com/invest/de/artikel/news/quantumbasel-schafft-zugang-zu-weltbesten-quantencomputern,industry_partnerships,community_ecosystem,2026-07-11 20:58:49.929138+00:00,,0.85,False,False
d249f1ae-d4ba-445f-81c2-573f359bda73,quantumbasel,masfactory,news,https://www.technische-rundschau.ch/quantumbasel-ein-quantenprojekt-nimmt-fahrt-auf,milestones,future_trajectory,2026-07-11 20:58:49.929138+00:00,,0.8,False,False
fb6b72eb-a41a-4d76-a6ad-61e3cc66564a,quantumbasel,masfactory,news,https://www.datacenter-insider.de/ionq-bleibt-fuer-weitere-4-jahre-bei-quantum-basel-a-1753ac26c77ceb35826ef2c1de133896/,industry_partnerships,community_ecosystem,2026-07-11 20:58:49.929138+00:00,,0.9,False,False
a0ed2fde-ddde-4e0a-b690-e4db8fd2983e,swiss-quantum-initiative,masfactory,news,https://www.mem-innovation.ch/elektroindustrie?tx_news_pi1%5Baction%5D=detail&tx_news_pi1%5Bcontroller%5D=News&tx_news_pi1%5Bnews%5D=8926&cHash=0ba308e74586170a6bbe1eb530fbe40b,funding_event,legitimacy,2026-07-11 20:58:49.929138+00:00,,0.95,False,False
81f97775-aedd-45b7-a039-c94c3af31002,verve-ventures,masfactory,news,https://www.linkedin.com/posts/pepijnrot_the-news-is-out-verve-ventures-is-proud-activity-7455518815305781248-LlB1,funding_event,legitimacy,2026-07-11 20:58:49.929138+00:00,,0.95,False,False
a38cc1c5-72ca-43a0-8922-672ca8e35ecf,zhaw,masfactory,news,https://ch.linkedin.com/in/sulimovp,leadership_expertise,legitimacy,2026-07-11 20:58:49.929138+00:00,,0.9,False,False
a240dda1-6055-43fd-975e-23699c4e96b9,ligentec,masfactory,news,https://www.swissphotonics.net/libraries.files/Ligentec_Stroganov.pdf,technological_advances,future_trajectory,2026-07-11 20:58:49.929138+00:00,,0.7,False,False
81695cee-b391-442a-8a48-1254ea95d379,basel-quantum-center,masfactory,news,https://bqc.unibas.ch/en/,regulatory_recognition,legitimacy,2026-07-11 20:58:49.929138+00:00,,0.7,False,False
26a234d2-e3d5-4f20-90bd-1fcf346334e1,eth-zurich-quantum-center,masfactory,news,https://www.quantiki.org/position/quantum-center-research-fellowship-eth-zurich,educational_outreach,legitimacy,2026-07-11 20:58:49.929138+00:00,,0.85,False,False
2118732b-0c2e-4529-81cf-7e4ebdcc8e8a,eth-zurich-quantum-center,masfactory,news,https://qc.ethz.ch/the-center/members.html,academic_partnerships,community_ecosystem,2026-07-11 20:58:49.929138+00:00,,0.9,False,False
71608951-7d15-4ce8-8629-3b4daf91c9ae,basel-precision-instruments,masfactory,news,https://www.linkedin.com/posts/basel-precision-instruments_baspi-quantumtechnology-cryogenics-activity-7457368498575425536-ikPo,academic_partnerships,community_ecosystem,2026-07-11 20:58:49.929138+00:00,,0.85,False,False
316cb14b-b6b6-4fcc-8e1b-1f4af6a79b5b,cern-quantum-technology-initiative,masfactory,news,https://quantum.cern/,roadmaps,future_trajectory,2026-07-11 20:58:49.929138+00:00,,0.95,False,False
6735f272-83b8-4c49-a26d-32fe73d9d3a1,cern-quantum-technology-initiative,masfactory,news,https://indico.cern.ch/event/1499357/contributions/6651915/attachments/3170058/5635562/CERN%20QTI%20CDT%202025.pdf,long_horizon_claims,future_trajectory,2026-07-11 20:58:49.929138+00:00,,0.8,False,False
715fe5e0-1c04-412e-b578-6d3e88c456f8,cern-quantum-technology-initiative,masfactory,news,https://cerncourier.com/a/cern-and-quantum-technologies/,roadmaps,future_trajectory,2026-07-11 20:58:49.929138+00:00,,0.85,False,False
6f19a008-6294-4ca9-a14b-6ee99c64cb50,cern-quantum-technology-initiative,masfactory,news,https://quantum.cern/resources,roadmaps,future_trajectory,2026-07-11 20:58:49.929138+00:00,,0.9,False,False
8baf90ee-756f-4624-95dd-ded6ac64a325,cern-quantum-technology-initiative,masfactory,news,https://www.quantumx.washington.edu/uw-physicquantum-technologies-for-high-energy-physics-the-cern-quantum-technology-initiative/,long_horizon_claims,future_trajectory,2026-07-11 20:58:49.929138+00:00,,0.7,False,False
4e02db13-a095-471b-9757-1a596ec6279c,csem,masfactory,news,https://www.csem.ch/en/technical-focus/quantum-technologies/,technological_advances,future_trajectory,2026-07-11 20:58:49.929138+00:00,,0.9,False,False
5fef95e3-ce2c-427d-8a36-2b5eb3bd29dc,csem,masfactory,news,https://www.csem.ch/en/technical-focus/iot-and-vision/embedded-cybersecurity/,technological_advances,future_trajectory,2026-07-11 20:58:49.929138+00:00,,0.9,False,False
e51c5278-cd87-493b-b8ad-c73cef39f67b,csem,masfactory,news,https://www.csem.ch/en/press/quantum-dot-cmos-image-sensor/,technological_advances,future_trajectory,2026-07-11 20:58:49.929138+00:00,,0.95,False,False
1a86daa7-c6fa-416e-8160-7f4bbf844d59,empa,masfactory,news,https://carboquant.empa.ch/de/,technological_advances,future_trajectory,2026-07-11 20:58:49.929138+00:00,,0.8,False,False
54add9ed-7726-4c03-abf8-1bc96bd7bad9,empa,masfactory,news,https://www.empa.ch/web/s604/caboquant-lab-inauguration,funding_event,legitimacy,2026-07-11 20:58:49.929138+00:00,,0.9,False,False
1c68c76d-549b-4ab6-bad4-5d898fbb239e,eth-psi-quantum-computing-hub,masfactory,news,https://www.nature.com/nature-index/institution-outputs/switzerland/ethz-psi-quantum-computing-hub/685368590746511b7609d514,academic_partnerships,community_ecosystem,2026-07-11 20:58:49.929138+00:00,,0.9,False,False
f4cba5f8-edb4-454a-a3e2-0d918c7a4395,fhnw,masfactory,news,https://www.fhnw.ch/en/life-sciences/continuing-education/offerings/programmes/seminar-quantum-computing-for-life-sciences-and-industry,educational_outreach,legitimacy,2026-07-11 20:58:49.929138+00:00,,0.95,False,False
02f3bf98-65c3-48b8-bc6c-4b56463566c2,fhnw,masfactory,news,https://www.fhnw.ch/en/life-sciences/research-services/research/fields/applied-quantum-computing-in-life-sciences,collaborations_applications,customer_cocreation,2026-07-11 20:58:49.929138+00:00,,0.8,False,False
6fceda0c-0ece-43a5-8b54-7c4f36a44f57,femtoprint,masfactory,website,https://www.femtoprint.ch/applications/quantum/traps-for-quantum-sensing.html,technological_advances,future_trajectory,2026-07-11 20:58:49.929138+00:00,,0.9,False,False
dee7a334-66bf-4e30-9cd5-807b05cb2923,gesda,masfactory,news,https://www.gesda.global/the-quantum-diplomacy-symposium/,educational_outreach,legitimacy,2026-07-11 20:58:49.929138+00:00,,0.8,False,False
bb57348a-456a-46ed-9abf-1ad8f53475e9,gesda,masfactory,news,https://www.gesda.global/a-new-report-by-gesda-anticipatory-science-diplomacy-a-global-framework-for-action/,educational_outreach,legitimacy,2026-07-11 20:58:49.929138+00:00,,0.7,False,False
f4100450-853c-4ce5-a82a-46aba43a1c48,hslu,masfactory,news,https://www.hslu.ch/en/lucerne-school-of-information-technology/research/labs/applied-cyber-security/quantumlab,technological_advances,future_trajectory,2026-07-11 20:58:49.929138+00:00,,0.85,False,False
64e83cdc-daa0-41a6-a717-95148efa5952,hslu,masfactory,news,https://quantum.scnat.ch/en/commission,leadership_expertise,legitimacy,2026-07-11 20:58:49.929138+00:00,,0.9,False,False
f02686f6-fc96-4992-8614-0f2e39263d60,hslu,masfactory,news,https://www.hslu.ch/en/lucerne-university-of-applied-sciences-and-arts/research/projects/detail/?pid=6296,technological_advances,future_trajectory,2026-07-11 20:58:49.929138+00:00,,0.85,False,False
beea5753-07e8-4b17-9066-915a3a66e6e6,huber-suhner,masfactory,news,https://www.polatis.com/quantum_networking_QKD_optical_circuit_switches_ultra_low_loss_photonic_cross_connects.asp,technological_advances,future_trajectory,2026-07-11 20:58:49.929138+00:00,,0.9,False,False
14e238d7-0d03-4fa3-82eb-b0eb09857150,huber-suhner,masfactory,news,https://www.polatis.com/Role_of_All-Optical_Switches_in_Quantum_Networking.asp,educational_outreach,legitimacy,2026-07-11 20:58:49.929138+00:00,,0.8,False,False
0816c1c5-66db-4e90-9d7d-89c110200c80,huber-suhner,masfactory,news,https://www.hubersuhner.com/Asset/eyJpZGVudGlmaWVyIjoxMjk0MTEsInR5cGUiOiJhc3NldCJ9/FF2H6gza30iFBSSW/POLATIS_SERIES_6000_ULTRA_Q_QUANTUM_SWITCH_DATA_SHEET.pdf,technological_advances,future_trajectory,2026-07-11 20:58:49.929138+00:00,,0.9,False,False
c792dfbc-cd43-42cd-9a8e-85552fcc5271,huber-suhner,masfactory,news,https://www.hubersuhner.com/en/markets/industry/general-industrials/quantum-computing,technological_advances,future_trajectory,2026-07-11 20:58:49.929138+00:00,,0.9,False,False
0a7e0972-3830-44ef-b4b8-48405cf4bf5b,id-quantique,masfactory,news,http://optics.org/news/6/9/46,collaborations_applications,customer_cocreation,2026-07-11 20:58:49.929138+00:00,,0.85,False,False
034d2a22-4596-4d8e-bd90-bdee7fb6b71a,id-quantique,masfactory,news,https://executivebiz.com/tag/id-quantique/,industry_partnerships,community_ecosystem,2026-07-11 20:58:49.929138+00:00,,0.8,True,False
e9e62209-6db2-48be-b402-890a90fed480,ligentec,masfactory,news,https://www.xfab.com/news/details/article/ligentec-and-x-fab-expand-integrated-photonics-offering-with-soi-and-thin-film-lithium-niobate-volume-scaling,industry_partnerships,community_ecosystem,2026-07-11 20:58:49.929138+00:00,,0.9,False,False
e15d96d7-9357-47c9-ba0f-ff9a02747265,ligentec,masfactory,news,https://www.ligentec.com/about-us-2/news/ligentec-joins-swiss-quantum-hub/,industry_partnerships,community_ecosystem,2026-07-11 20:58:49.929138+00:00,,0.85,False,False
959e22aa-8983-4885-9578-0f9b5ba7ed21,ligentec,masfactory,news,https://www.ligentec.com/ligentec-qpic1550-quantum-photonics/,technological_advances,future_trajectory,2026-07-11 20:58:49.929138+00:00,,0.95,False,False
004233fd-2168-492a-9472-800bdfb501c8,qai-ventures,masfactory,news,https://qai-ventures.com/portfolio,funding_event,legitimacy,2026-07-11 20:58:49.929138+00:00,,0.92,False,False
1d35f806-6cea-44a9-bbd3-2e50d9d00540,ligentec,masfactory,news,https://www.ligentec.com/professor-kippenberg-marcel-benoist-prize-quantum-optomechanics/,testimonials,legitimacy,2026-07-11 20:58:49.929138+00:00,,0.8,False,False
a1859286-d58e-43f1-9b12-1c71ee4c760d,metas,masfactory,news,https://www.rhf.admin.ch/metas/en/home/fue/quantenkompetenzzentrum.html,regulatory_recognition,legitimacy,2026-07-11 20:58:49.929138+00:00,,0.8,False,False
eb0f503a-aabd-4e80-a9b7-d961e37fcb53,metas,masfactory,news,https://www.metas.ch/metas/en/home/metas/managementsystem/internationale-anerkennung.html,awards,legitimacy,2026-07-11 20:58:49.929138+00:00,,0.9,False,False
7b7d44ee-7210-4abe-be96-1ec75d6bd6fb,metas,masfactory,news,https://iopscience.iop.org/article/10.1088/1361-6501/ae57c8/pdf,publications,legitimacy,2026-07-11 20:58:49.929138+00:00,,0.9,False,False
57869125-d1a6-4d38-ba0c-b8af26d6d82e,miraex,masfactory,news,https://www.sealsq.com/investors/news-releases/sealsq-acquires-miraex-sa-cementing-its-quantum-sovereign-vertical-stack-and-quantum-orbital-space-cloud-qosc,funding_event,legitimacy,2026-07-11 20:58:49.929138+00:00,,0.9,False,False
7301b896-dba2-4dcf-ac32-dd9b3f785942,miraex,masfactory,news,https://www.ansys.com/blog/transforming-quantum-computing-with-photonics-simulation,technological_advances,future_trajectory,2026-07-11 20:58:49.929138+00:00,,0.6,False,False
7ada577b-ccfe-4300-95bc-837bb1d9b75c,miraex,masfactory,news,https://miraex.com/quantum-networking,technological_advances,future_trajectory,2026-07-11 20:58:49.929138+00:00,,0.8,False,False
55af0fd8-0965-45dd-bf91-2fe4d9b2e10b,miraex,masfactory,news,https://miraex.com/quantum-sensing,technological_advances,future_trajectory,2026-07-11 20:58:49.929138+00:00,,0.8,False,False
87fa706d-11f1-46aa-bc4f-570243c7c2dc,open-quantum-institute-cern,masfactory,news,https://www.gesda.global/open-quantum-institute/,funding_event,legitimacy,2026-07-11 20:58:49.929138+00:00,,0.9,False,False
a7ef0d6f-39a8-49b4-a893-22d1d4932e80,open-quantum-institute-cern,masfactory,news,https://quantum.cern/collaboration,academic_partnerships,community_ecosystem,2026-07-11 20:58:49.929138+00:00,,0.9,False,False
7ab527fb-c39d-46c7-8571-db6567486d71,psi,masfactory,news,http://sciencebusiness.net/network-updates/eth-zurich-and-psi-found-quantum-computing-hub,academic_partnerships,community_ecosystem,2026-07-11 20:58:49.929138+00:00,,0.9,False,False
f0f6b1fa-89c2-4f29-9186-33cb7acb8737,swiss-quantum-initiative,hermes,arxiv,https://arxiv.org/abs/2605.05347,publication,legitimacy,2026-07-11 21:02:21.170787+00:00,2026-05-06 00:00:00+00:00,0.85,False,False
e5d3130a-046c-4684-8242-8263d4ab24ce,swiss-quantum-initiative,hermes,news,https://www.swissinfo.ch/eng/research-frontiers/strategy-urges-switzerland-to-create-international-quantum-technology-hub/91035319,strategic_positioning,community_ecosystem,2026-07-11 21:02:21.170787+00:00,2026-03-04 00:00:00+00:00,0.85,False,False
f0be3d29-bfc5-4c77-9d63-d33d4c572b5c,swiss-quantum-initiative,hermes,arxiv,https://arxiv.org/abs/2603.13030v2,publication,legitimacy,2026-07-11 21:02:21.170787+00:00,2026-07-01 00:00:00+00:00,0.9,True,False
953c4b5c-35d0-451c-b172-62b35a62f38e,swiss-quantum-initiative,hermes,website,https://www.snf.ch/en/N01wa8jzDaYFaPca/news/swiss-quantum-call-2026,funding_event,legitimacy,2026-07-11 21:02:21.170787+00:00,2026-06-01 00:00:00+00:00,0.85,False,False
f0438b75-fc7b-4ba2-b8b5-91fcbff9c1c7,swiss-quantum-initiative,hermes,website,https://swissquantumdays.ch/swiss-quantum-days-2026/,conference_participation,community_ecosystem,2026-07-11 21:02:21.170787+00:00,2026-01-28 00:00:00+00:00,0.8,False,False
e4d34d0c-cfdd-426f-b178-93f96c2b1831,swiss-quantum-initiative,hermes,news,https://www.mem-innovation.ch/elektroindustrie?tx_news_pi1%5Baction%5D=detail&tx_news_pi1%5Bcontroller%5D=News&tx_news_pi1%5Bnews%5D=8926&cHash=0ba308e745a60170a6bbe1eb530fbe40b,funding_event,customer_cocreation,2026-07-11 21:02:21.170787+00:00,2026-05-29 00:00:00+00:00,0.85,False,False
753ddfbd-e35a-44f3-9986-c88f8b2284ea,nccr-spin,hermes,news,https://swissnex.org/news/nccr-spin-and-project-quantum-at-expo-2025/,international_collaboration,community_ecosystem,2026-07-11 21:04:59.974019+00:00,2025-06-30 00:00:00+00:00,0.7,False,False
db25ea00-e094-4b43-ab27-d59bd17069d1,nccr-spin,hermes,website,https://www.nccr-spin.ch/news/new-professor-of-theoretical-quantum-computing,leadership_appointment,future_trajectory,2026-07-11 21:04:59.974019+00:00,2026-07-02 00:00:00+00:00,0.75,False,False
d074c6d1-10e8-4547-b7e6-63bf1deb9c3f,nccr-spin,hermes,website,https://physik.unibas.ch/de/event/details/quantum-industry-chat-and-upquantval-conference-1/,industry_engagement,customer_cocreation,2026-07-11 21:04:59.974019+00:00,2026-07-11 00:00:00+00:00,0.65,False,False
54905a9a-1fe8-4271-96fd-e6e6ee67c9f0,nccr-spin,hermes,website,https://www.nccr-spin.ch/news/nccr-spin-annual-meeting-2026-science-innovation-and-collaboration-in-pontresina,award,legitimacy,2026-07-11 21:04:59.974019+00:00,2026-06-18 00:00:00+00:00,0.7,False,False
d00bb41b-4826-431f-a874-73c6cbec230c,nccr-spin,hermes,website,https://www.nccr-spin.ch/news/nccr-spin-annual-meeting-2026-science-innovation-and-collaboration-in-pontresina,community_event,community_ecosystem,2026-07-11 21:04:59.974019+00:00,2026-06-18 00:00:00+00:00,0.8,False,False
8f1e0583-52b2-4be5-abaa-020faf20bf4b,nccr-spin,hermes,website,https://www.nccr-spin.ch/events/nccr-spin-qubits-winter-school,talent_development,future_trajectory,2026-07-11 21:04:59.974019+00:00,2026-01-19 00:00:00+00:00,0.8,False,False
66bf5197-e300-48c4-ac97-e171ca9c6b4f,nccr-spin,hermes,news,https://www.instagram.com/p/DXrSMEVF7Cr/,conference_role,community_ecosystem,2026-07-11 21:04:59.974019+00:00,2026-04-28 00:00:00+00:00,0.55,False,False
5d22d382-9d7e-4225-9358-6354ae5d3050,nccr-spin,hermes,arxiv,https://arxiv.org/abs/2602.09179,publication,legitimacy,2026-07-11 21:04:59.974019+00:00,2026-02-09 00:00:00+00:00,0.75,True,False
19e95684-de22-46cf-9bf4-27442c8711b6,nccr-spin,hermes,news,https://www.nature.com/articles/s41586-026-10423-9,publication,legitimacy,2026-07-11 21:04:59.974019+00:00,2026-05-06 00:00:00+00:00,0.9,False,False
ad054c8b-697d-4445-8e20-b9e53fe87bef,nccr-spin,hermes,website,https://www.nccr-spin.ch/inspire-potentials,talent_development,future_trajectory,2026-07-11 21:04:59.974019+00:00,2026-07-11 00:00:00+00:00,0.6,False,False
10048698-cd51-46ac-a37a-d35225e4f1cb,basel-quantum-center,hermes,arxiv,https://arxiv.org/html/2606.28762v1,publication,legitimacy,2026-07-11 21:11:15.046015+00:00,2026-06-27 00:00:00+00:00,0.85,True,False
15632234-8f3c-4102-ade6-b0ab96aa55b5,basel-quantum-center,hermes,website,https://qc.ethz.ch/news-events/conferences---symposia/swiss-quantum-days/swiss-quantum-days-2025.html,consortium_membership,community_ecosystem,2026-07-11 21:11:15.046015+00:00,2025-01-29 00:00:00+00:00,0.75,False,False
fc2e74c9-14a5-492d-ac87-d70b960b7fb8,basel-quantum-center,hermes,website,https://physik.unibas.ch/en/news/details/gen-q-generation-quantum/,funding_event,future_trajectory,2026-07-11 21:11:15.046015+00:00,2025-07-01 00:00:00+00:00,0.85,False,False
97a48824-9e91-4ad1-a9a8-8dfafbc55e09,basel-quantum-center,hermes,website,https://bqc.unibas.ch/en/news-events/,strategic_positioning,community_ecosystem,2026-07-11 21:11:15.046015+00:00,2026-03-03 00:00:00+00:00,0.7,False,False
beee6de9-f46f-4909-bcee-9582e1ea14bc,basel-quantum-center,hermes,website,https://bqc.unibas.ch/en/news-events/,prestigious_award,legitimacy,2026-07-11 21:11:15.046015+00:00,2026-06-09 00:00:00+00:00,0.75,True,False
899ee3b5-9fe6-4423-a3e1-9ec605fb6557,basel-quantum-center,hermes,website,https://www.unibas.ch/en/News-Events/Awards-Honors/Article/Quantum-startup-YQuantum-receives-seed-funding.html,spinout_funding,customer_cocreation,2026-07-11 21:11:15.046015+00:00,2025-11-10 00:00:00+00:00,0.85,False,False
c0d2e332-a934-48b1-9091-1411280f57ab,basel-quantum-center,hermes,news,https://www.nature.com/articles/s42005-025-02216-9,publication,legitimacy,2026-07-11 21:11:15.046015+00:00,2025-07-23 00:00:00+00:00,0.8,False,False
61d25e67-1793-4c8c-b190-6d3bd30fa4f9,basel-quantum-center,hermes,website,https://bqc.unibas.ch/en/news-events/,ecosystem_event,community_ecosystem,2026-07-11 21:11:15.046015+00:00,2026-04-24 00:00:00+00:00,0.7,False,False
2126cc8d-399b-4a4b-ba44-afc7ef73f15a,basel-quantum-center,hermes,website,https://bqc.unibas.ch/en/news-events/,conference_hosting,community_ecosystem,2026-07-11 21:11:15.046015+00:00,2026-09-10 00:00:00+00:00,0.7,False,False
ebf1142a-a96c-45f6-9128-b47f63fb2aaf,basel-quantum-center,hermes,news,https://swissnex.org/app/uploads/2025/10/Switzerland_Hub_Quantum_Oct2025_web.pdf,strategic_positioning,community_ecosystem,2026-07-11 21:11:15.046015+00:00,2025-10-01 00:00:00+00:00,0.6,False,False
66f53e0c-6fc6-4c1c-a393-351a00921eba,basel-quantum-center,hermes,arxiv,https://arxiv.org/pdf/2506.20466,publication,legitimacy,2026-07-11 21:11:15.046015+00:00,2026-02-03 00:00:00+00:00,0.8,False,False
59361a04-fce0-4ed9-a55b-36718c65c69f,psi,hermes,website,https://www.psi.ch/en/news/media-releases/quantum-material-under-pressure,technological_advances,future_trajectory,2026-07-11 21:15:09.944388+00:00,2026-07-07 00:00:00+00:00,0.9,False,False
a37e6945-928a-48b1-90b5-040f91957e6c,psi,hermes,arxiv,https://arxiv.org/abs/2512.15330,publication,legitimacy,2026-07-11 21:15:09.944388+00:00,2026-01-13 00:00:00+00:00,0.8,False,False
d2fba259-9f87-4509-b192-6882993a765f,psi,hermes,arxiv,https://arxiv.org/abs/2606.20238,publication,legitimacy,2026-07-11 21:15:09.944388+00:00,2026-06-18 00:00:00+00:00,0.85,True,False
92b59df4-f190-4007-895c-5090c19bb72e,psi,hermes,website,https://www.psi.ch/de/news/science-features/terbium-duett-stabile-qubits-aus-terbium-ionen,leadership_appointment,legitimacy,2026-07-11 21:15:09.944388+00:00,2026-03-18 00:00:00+00:00,0.7,False,False
3e448bdd-efaa-4aa1-b1a9-b735aeec320d,psi,hermes,website,https://www.psi.ch/en/news/psi-stories/psi-year-in-review-2025,consortium_membership,community_ecosystem,2026-07-11 21:15:09.944388+00:00,2026-01-02 00:00:00+00:00,0.75,True,False
d9947886-4dce-4f30-ba15-327526a086b0,psi,hermes,website,https://www.psi.ch/de/news/medienmitteilungen/zusammenarbeit-metas-und-psi,certification,legitimacy,2026-07-11 21:15:09.944388+00:00,2025-06-06 00:00:00+00:00,0.8,False,False
9b49f12d-afa9-419a-8b99-24dc673de0c8,psi,hermes,news,https://www.fz-juelich.de/en/news/archive/press-release/2026/when-one-becomes-two-qubit-splitting-for-stable-computing,joint_publication,community_ecosystem,2026-07-11 21:15:09.944388+00:00,2026-01-30 00:00:00+00:00,0.85,False,False
cf4da5a6-cda3-4bd9-a086-4999c7fefb3a,eth-psi-quantum-computing-hub,hermes,website,https://qc.ethz.ch/news-events/conferences---symposia/quantum-center-retreat/qc-retreat2026.html,conference_event,community_ecosystem,2026-07-11 21:16:40.559534+00:00,2026-06-30 00:00:00+00:00,0.6,False,False
98104dd3-e663-4cf2-9258-9b02f9040a1a,eth-psi-quantum-computing-hub,hermes,website,https://www.psi.ch/de/visit/public-tours/quantentechnologie,public_outreach,community_ecosystem,2026-07-11 21:16:40.559534+00:00,2026-03-10 00:00:00+00:00,0.65,False,False
dc08c36b-3b4c-4afe-a743-ecf2105a857c,eth-psi-quantum-computing-hub,hermes,website,https://www.psi.ch/de/research/news/mdq-delegation-visit,strategic_positioning,community_ecosystem,2026-07-11 21:16:40.559534+00:00,2026-04-20 00:00:00+00:00,0.75,False,False
a25996ac-cbcf-4dec-9e31-38e9c08deedb,quantumbasel,hermes,news,https://www.ionq.com/news/ionq-and-quantumbasel-expand-long-term-partnership-in-next-generation-quantum-systems,funding_event,future_trajectory,2026-07-11 21:40:34.888656+00:00,2025-12-17 00:00:00+00:00,0.85,True,False
ae0a7e71-8fb2-4411-9cb4-c1c1ed3ab5f3,quantumbasel,hermes,news,https://thequantuminsider.com/2026/03/16/syngenta-quantumbasel-quantum-computing-agriculture-research/,pilot_announcement,customer_cocreation,2026-07-11 21:40:34.888656+00:00,2026-03-16 00:00:00+00:00,0.8,False,False
8a294374-1eb5-432b-8bdc-1aab5b4de33e,quantumbasel,hermes,news,https://www.s-ge.com/invest/en/articles/news/quantumbasel-home-switzerlands-first-physical-quantum-computer,technological_milestone,legitimacy,2026-07-11 21:40:34.888656+00:00,2025-11-04 00:00:00+00:00,0.75,False,False
bc075a7e-b6b4-4f3b-8a61-878ab1bb0b9d,basel-precision-instruments,hermes,news,https://www.nature.com/articles/s41586-025-10049-3,publication,legitimacy,2026-07-11 21:50:41.768384+00:00,2025-03-15 00:00:00+00:00,0.5,False,False
ea188e39-899f-4bbf-968e-7c4d5f695000,basel-precision-instruments,hermes,arxiv,https://arxiv.org/abs/2603.03166,publication,legitimacy,2026-07-11 21:50:41.768384+00:00,2026-03-03 00:00:00+00:00,0.35,False,False
53b738d5-626c-49f7-8f80-779301f40c27,basel-precision-instruments,hermes,news,https://www.linkedin.com/posts/basel-precision-instruments_baspi-quantumtechnology-cryogenics-activity-7466065832440430592-D3bU?utm_source=share&utm_medium=member_desktop&rcm=ACoAADPFoNgBlHtFncAqTELC16L7slMGlUW3Nns,strategic_positioning,community_ecosystem,2026-07-11 21:50:41.768384+00:00,2025-01-15 00:00:00+00:00,0.45,False,False
b05184c0-e76c-4318-87e6-5beebf8b7e2e,swiss-quantum-initiative,masfactory,news,https://www.unige.ch/gap/qic/qnet/news/swiss-quantum-comission,leadership_expertise,legitimacy,2026-07-12 02:41:05.280231+00:00,,0.95,False,False
747edde5-0637-4e83-b2c0-805e17583f30,geneva-quantum-centre,masfactory,news,https://www.unige.ch/gap/qic/qtech/news/geneva-quantum-centre-kicks,educational_outreach,legitimacy,2026-07-12 02:41:05.280231+00:00,,0.8,False,False
c3a14cf5-cfc1-458d-b45e-97b42764492b,gesda,masfactory,news,https://en.wikipedia.org/wiki/Villars_Institute,roadmaps,future_trajectory,2026-07-12 02:41:05.280231+00:00,,0.7,False,False
a9fe2542-3ee9-49a5-85ed-207adf7bbd3e,id-quantique,masfactory,news,http://optics.org/news/6/9/46,collaborations_applications,customer_cocreation,2026-07-12 02:41:05.280231+00:00,,0.85,False,False
3ef2698d-ac97-4de6-88a7-0d9ae0099913,id-quantique,masfactory,news,https://www.idquantique.com/ernie-5-goes-quantum/,testimonials,legitimacy,2026-07-12 02:41:05.280231+00:00,,0.9,False,False
e46913e2-8a04-45a8-84f1-e13cbc3979ad,id-quantique,masfactory,news,https://www.idquantique.com/random-number-generation/,technological_advances,future_trajectory,2026-07-12 02:41:05.280231+00:00,,0.75,False,False
0a8236b2-bcbf-490c-a8ce-d5a6c1879170,miraex,masfactory,news,https://www.miraex.com/quantum-computing/,technological_advances,future_trajectory,2026-07-12 02:41:05.280231+00:00,,0.85,False,False
173ce967-1373-40d9-a399-496cab449c6e,metas,masfactory,news,https://www.ejpd.admin.ch/ejpd/en/home/the-fdjp/org/institute.html,regulatory_recognition,legitimacy,2026-07-12 02:41:05.280231+00:00,,0.85,False,False
7b64acef-58d0-4c7d-b3ab-8d5814d22865,metas,masfactory,news,https://en.wikipedia.org/wiki/Kibble_balance,technological_advances,future_trajectory,2026-07-12 02:41:05.280231+00:00,,0.8,False,False
3ef89deb-33d7-4f42-91ea-6d45adab3773,open-quantum-institute-cern,masfactory,news,https://home.cern/news/news/computing/open-quantum-institute-launches-its-pilot-phase-cern,academic_partnerships,community_ecosystem,2026-07-12 02:41:05.280231+00:00,,0.85,False,False
9b26b742-1067-45fc-a0b0-6aa25adbbf07,quantumbasel,masfactory,news,https://ionq.com/news/ionq-and-quantumbasel-partner-to-achieve-future-quantum-advantages-with,industry_partnerships,community_ecosystem,2026-07-12 02:41:05.280231+00:00,,0.85,False,False
cd3cddfb-b1fc-4f08-beab-bc4182e5867d,quantumbasel,masfactory,news,https://quantumbasel.com/,industry_partnerships,community_ecosystem,2026-07-12 02:41:05.280231+00:00,,0.8,False,False
3c58161a-4b99-4a0b-a29d-28878ff90acd,quantumbasel,masfactory,news,https://www.dwavesys.com/company/newsroom/press-release/vinci-energies-and-quantumbasel-launch-a-pilot-project-with-d-wave-s-quantum-technology/,pilots_pocs,customer_cocreation,2026-07-12 02:41:05.280231+00:00,,0.9,False,False
8a869cc0-ed05-4518-8b28-726a788ada3e,zurich-instruments,masfactory,news,http://www.zhinst.com/shfqa,technological_advances,future_trajectory,2026-07-12 02:41:05.280231+00:00,,0.95,False,False
686acfaa-40b2-42de-b734-faf561a42654,zurich-instruments,masfactory,news,http://www.azom.com/news.aspx?newsID=62621,technological_advances,future_trajectory,2026-07-12 02:41:05.280231+00:00,,0.9,False,False
f6ab1ea7-a9a5-4e9d-a47f-88309832668e,zurich-instruments,masfactory,news,https://executivebiz.com/tag/zurich-instruments/,academic_partnerships,community_ecosystem,2026-07-12 02:41:05.280231+00:00,,0.85,False,False
d8bad956-c611-4bcc-b359-b5c20f5e4274,zurich-instruments,masfactory,news,http://www.azom.com/news.aspx?newsID=62663,industry_partnerships,community_ecosystem,2026-07-12 02:41:05.280231+00:00,,0.9,False,False
0b71fdae-d3a9-4cda-8d9f-93bf2ff07c0e,swissphotonics,masfactory,news,https://www.swissphotonics.net/home?event_id=4416,educational_outreach,legitimacy,2026-07-12 02:41:05.280231+00:00,,0.95,False,False
cf89c4d6-b6f4-42b4-add5-eedc104319eb,swissphotonics,masfactory,news,https://www.swissphotonics.net/home?news_id=4337,funding_event,legitimacy,2026-07-12 02:41:05.280231+00:00,,0.9,False,False
edbc74d4-425d-400c-b9eb-174cfde88230,swissphotonics,masfactory,news,https://www.electrooptics.com/analysis-opinion/photonics-success-switzerland,regulatory_recognition,legitimacy,2026-07-12 02:41:05.280231+00:00,,0.85,False,False
0750d5f7-87d9-4fbe-a78f-21c6a9c0b968,swiss-quantum-initiative,hermes,website,https://qc.ethz.ch/community-and-initiatives/network/swiss-quantum-initiative.html,leadership_appointment,legitimacy,2026-07-12 05:04:05.550113+00:00,2026-01-15 00:00:00+00:00,0.6,False,False
6a87734a-0226-4b79-af48-1d59a48445d6,swiss-quantum-initiative,hermes,website,https://bqc.unibas.ch/en/network/swiss-quantum-initiative/,educational_program,future_trajectory,2026-07-12 05:04:05.550113+00:00,2026-02-01 00:00:00+00:00,0.65,True,False
3a5a3370-bc58-497a-b7f1-3682232b5af2,swiss-quantum-initiative,hermes,website,https://bqc.unibas.ch/en/network/swiss-quantum-initiative/,conference_hosting,community_ecosystem,2026-07-12 05:04:05.550113+00:00,2026-02-03 00:00:00+00:00,0.7,False,False
c2e89965-301d-4c54-84d9-e8281e0b2a22,swiss-quantum-initiative,hermes,news,https://www.swissinfo.ch/eng/research-frontiers/strategy-urges-switzerland-to-create-international-quantum-technology-hub/91035319,strategic_positioning,community_ecosystem,2026-07-12 05:04:05.550113+00:00,2026-03-04 00:00:00+00:00,0.75,False,False
0efd653c-a3a3-4f75-853e-278fe6127c6f,epfl-qse,hermes,news,https://actu.epfl.ch/news/a-ultrafast-laser-on-a-chip/,publication,legitimacy,2026-07-12 05:14:54.653379+00:00,2026-06-04 00:00:00+00:00,0.85,False,False
e95bba8a-b2a8-4b3f-a092-c7e1f95b093b,epfl-qse,hermes,website,https://www.epfl.ch/research/domains/quantum-center/center-for-quantum-science-and-engineering/news/,leadership_appointment,legitimacy,2026-07-12 05:14:54.653379+00:00,2026-06-01 00:00:00+00:00,0.75,False,False
5420a3c3-b8c8-4424-9ca1-cc99a09320e9,epfl-qse,hermes,news,https://actu.epfl.ch/news/gregor-jotzu-named-cifar-global-scholar/,leadership_appointment,legitimacy,2026-07-12 05:14:54.653379+00:00,2026-05-21 00:00:00+00:00,0.8,False,False
4bf2234d-cc46-44e4-bcd1-99fe021f4f9d,epfl-qse,hermes,website,https://www.epfl.ch/research/domains/quantum-center/,funding_event,future_trajectory,2026-07-12 05:14:54.653379+00:00,2026-07-06 00:00:00+00:00,0.7,False,False
19ab9fcd-f70a-4eab-a5aa-95c39b63f53b,epfl-qse,hermes,news,https://actu.epfl.ch/news/how-proximity-steals-energy-from-nanoresonators/,publication,legitimacy,2026-07-12 05:14:54.653379+00:00,2026-07-07 00:00:00+00:00,0.85,True,False
b3a560fe-3eda-47a1-8f01-08d6682445da,epfl-qse,hermes,website,https://www.epfl.ch/research/domains/quantum-center/center-for-quantum-science-and-engineering/news/,strategic_positioning,future_trajectory,2026-07-12 05:14:54.653379+00:00,2026-05-29 00:00:00+00:00,0.75,False,False
1e56d565-bf79-4c9f-9efd-96fe3306d7cd,psi,hermes,website,https://www.psi.ch/de/news/medienmitteilungen/zusammenarbeit-metas-und-psi,certification,legitimacy,2026-07-12 05:19:09.917077+00:00,2026-06-30 00:00:00+00:00,0.75,False,False
7f850ad1-aace-4177-9ca9-0bb085e0a462,psi,hermes,website,https://www.psi.ch/de/news,technological_advances,future_trajectory,2026-07-12 05:19:09.917077+00:00,2026-07-07 00:00:00+00:00,0.65,False,False
aff57d97-ea6f-42ec-8693-a71337c06a82,psi,hermes,website,https://www.psi.ch/de/news,conference_role,community_ecosystem,2026-07-12 05:19:09.917077+00:00,2026-07-15 00:00:00+00:00,0.55,False,False
dcafa6fd-a037-45f3-916e-c4b8e32a11c1,ibm-research-zurich,hermes,website,https://en.wikipedia.org/wiki/ETH_Zurich,consortium_membership,community_ecosystem,2026-07-12 05:35:22.633418+00:00,2026-01-01 00:00:00+00:00,0.6,True,False
0162cd8c-f3ee-45aa-be39-0f8f0e6c09ae,ibm-research-zurich,hermes,website,http://www.research.ibm.com/people/heike-riel,leadership_credentials,legitimacy,2026-07-12 05:35:22.633418+00:00,2026-02-01 00:00:00+00:00,0.75,False,False
520752b8-a229-4e31-a4c9-6c91b47c550d,ibm-research-zurich,hermes,website,https://www.zurich.ibm.com/st/quantum/transduction.html,technological_advances,legitimacy,2026-07-12 05:35:22.633418+00:00,,0.4,False,False
4b3f0e52-ec07-469d-a3c8-735633f61b69,ibm-research-zurich,hermes,news,https://www.bluewin.ch/en/news/ibm-switzerland-boss-expects-breakthrough-in-quantum-computing-in-li.3265162,roadmap_statement,future_trajectory,2026-07-12 05:35:22.633418+00:00,2026-06-05 00:00:00+00:00,0.7,False,False
9d66d6b3-f579-4147-b871-69f480ac8940,ibm-research-zurich,hermes,news,https://www.prnewswire.com/news-releases/ibm-and-dallara-to-advance-ai-and-quantum-powered-design-for-high-performance-vehicles-302758105.html,pilot_announcement,customer_cocreation,2026-07-12 05:35:22.633418+00:00,2026-04-30 00:00:00+00:00,0.8,False,False
ea2cf8e3-ce32-468e-af54-c600c96a135c,basel-precision-instruments,hermes,website,https://www.baspi.ch,conference_role,community_ecosystem,2026-07-12 05:38:44.908473+00:00,2026-01-01 00:00:00+00:00,0.75,False,False
074773c3-1af2-4885-89b6-fd209a7db601,basel-precision-instruments,hermes,website,https://www.baspi.ch,hiring_signal,future_trajectory,2026-07-12 05:38:44.908473+00:00,2026-01-01 00:00:00+00:00,0.7,False,False
c126b254-738c-4001-af58-4858f913cf04,basel-precision-instruments,hermes,website,https://www.baspi.ch,conference_presence,community_ecosystem,2026-07-12 05:38:44.908473+00:00,2026-01-01 00:00:00+00:00,0.75,False,False
3c522331-9cb5-4263-b1ea-a79a0819e4cc,basel-precision-instruments,hermes,website,https://www.baspi.ch,customer_testimonial,customer_cocreation,2026-07-12 05:38:44.908473+00:00,2025-01-01 00:00:00+00:00,0.7,False,False
b270adbc-a1c5-4c82-a9e8-5ca464d5a6fd,basel-precision-instruments,hermes,website,https://www.baspi.ch,product_launch,future_trajectory,2026-07-12 05:38:44.908473+00:00,2026-01-01 00:00:00+00:00,0.7,False,False
540d9e8a-f968-4e55-8a5d-de6157c8ac56,basel-precision-instruments,hermes,website,https://www.baspi.ch,publication,community_ecosystem,2026-07-12 05:38:44.908473+00:00,2026-01-01 00:00:00+00:00,0.8,False,False
f5cfc0ee-2ee8-407a-8e93-b511809ad586,basel-precision-instruments,hermes,website,https://www.baspi.ch,funding_event,legitimacy,2026-07-12 05:38:44.908473+00:00,2026-01-01 00:00:00+00:00,0.8,False,False
ecea3349-900b-4edd-94bb-0a1683fc6bc6,basel-precision-instruments,hermes,website,https://www.baspi.ch,leadership_award,legitimacy,2026-07-12 05:38:44.908473+00:00,2026-01-01 00:00:00+00:00,0.75,False,False
df89531e-191d-4d43-a862-28b92d3be905,basel-precision-instruments,hermes,website,https://www.baspi.ch,collaboration_announcement,customer_cocreation,2026-07-12 05:38:44.908473+00:00,2026-01-01 00:00:00+00:00,0.85,False,False
0923a300-57ec-467b-abbf-855acb0c0fbe,basel-precision-instruments,hermes,website,https://www.baspi.ch,pilot_announcement,customer_cocreation,2026-07-12 05:38:44.908473+00:00,2026-01-01 00:00:00+00:00,0.8,False,False
34e7b7d5-85a9-4b71-8dea-ec12966f06a5,swissphotonics,hermes,website,https://www.swissphotonics.net,defense_funding_initiative,customer_cocreation,2026-07-12 05:40:37.732027+00:00,,0.35,True,False
b52c6fa4-fd0b-45fa-8c81-83e14190061a,swissphotonics,hermes,website,https://www.swissphotonics.net,strategic_positioning,legitimacy,2026-07-12 05:40:37.732027+00:00,,0.35,False,False
c3b0529d-420a-4aac-bb58-e7410e6c275a,swissphotonics,hermes,website,https://www.swissphotonics.net,award_recognition,legitimacy,2026-07-12 05:40:37.732027+00:00,,0.35,False,False
ac508c86-40c4-48d9-9778-5456727f681c,swissphotonics,hermes,website,https://www.swissphotonics.net,funding_event,future_trajectory,2026-07-12 05:40:37.732027+00:00,,0.35,False,False
b80fd378-663f-4590-a59a-6b7297abddb4,swissphotonics,hermes,website,https://www.swissphotonics.net,strategic_positioning,community_ecosystem,2026-07-12 05:40:37.732027+00:00,,0.35,False,False
3a35dafe-6431-44b9-b053-b97e779a67d7,zuriq,masfactory,news,https://creativedestructionlab.com/companies/zuriq/,testimonials,legitimacy,2026-07-13 02:58:11.999225+00:00,,0.8,False,False
0c8520eb-26e2-49e2-9061-f174adb20646,zhaw,masfactory,news,https://pubmed.ncbi.nlm.nih.gov/39910095/,publications,legitimacy,2026-07-13 02:58:11.999225+00:00,,0.95,False,False
d69fbce3-9127-412b-a5b7-be31e78831f7,swiss-quantum-initiative,masfactory,news,https://www.snf.ch/de/N01wa8jzDaYFaPca/news/swiss-quantum-call-2026,funding_event,legitimacy,2026-07-13 02:58:11.999225+00:00,,0.9,False,False
2723a4e1-972d-4e1f-bd23-643f6e91ac15,nccr-spin,masfactory,website,https://www.nccr-spin.ch/news,academic_partnerships,community_ecosystem,2026-07-13 02:58:11.999225+00:00,,0.9,False,False
1a512832-9915-4b1f-a699-e6bb48081e8c,nccr-spin,masfactory,website,https://www.nccr-spin.ch/news,industry_partnerships,community_ecosystem,2026-07-13 02:58:11.999225+00:00,,0.85,False,False
38b22fa1-2941-463b-8033-c484c94b08d7,nccr-spin,masfactory,website,https://www.nccr-spin.ch/news/nccr-spin-annual-meeting-2026-science-innovation-and-collaboration-in-pontresina,industry_partnerships,community_ecosystem,2026-07-13 02:58:11.999225+00:00,,0.9,False,False
9db24eec-a474-4f06-bdc3-379c8a765fa7,metas,masfactory,news,https://www.metas.ch/metas/en/home/fue/quantenkompetenzzentrum.html,regulatory_recognition,legitimacy,2026-07-13 02:58:11.999225+00:00,,0.9,False,False
d9f4d7b2-68b8-45e5-bb1f-69411fa8677f,eth-zurich-quantum-center,masfactory,news,https://www.youtube.com/c/QuantumCenterETHZurich,educational_outreach,legitimacy,2026-07-13 02:58:11.999225+00:00,,0.85,False,False
86474145-3273-4a84-a9ef-463d5ed722c7,cern-quantum-technology-initiative,masfactory,news,https://x.com/CERNquantum,publications,legitimacy,2026-07-13 02:58:11.999225+00:00,,0.85,False,False
d12ba16c-c37f-44c6-8714-4bbe91b9d200,cern-quantum-technology-initiative,masfactory,news,https://www.youtube.com/watch?v=TTMZ17N7Y50,educational_outreach,legitimacy,2026-07-13 02:58:11.999225+00:00,,0.85,False,False
6b50bfff-d73f-44b1-8d6d-af4e8252d73b,eth-psi-quantum-computing-hub,masfactory,news,https://www.psi.ch/de/lnq/qchub,academic_partnerships,community_ecosystem,2026-07-13 02:58:11.999225+00:00,,0.95,False,False
f11ac41c-3ba7-4789-8744-f92207539beb,zhaw,masfactory,news,https://www.zhaw.ch/en/about-us/news/news-releases/news-detail/event-news/neue-plattform-buendelt-expertise-in-der-quantenforschung,educational_outreach,legitimacy,2026-07-13 02:58:11.999225+00:00,,0.75,False,False
6bf9a529-b22a-404e-802e-64843d687d2b,zhaw,masfactory,news,https://www.zhaw.ch/en/engineering/continuing-education/detail/course/wbk-quantum-computing,educational_outreach,legitimacy,2026-07-13 02:58:11.999225+00:00,,0.95,False,False
ecbf2050-c2ca-46a0-a4ae-2454c26c70e1,zhaw,masfactory,news,https://www.zhaw.ch/en/about-us/news/news-releases/news-detail/event-news/when-does-quantum-machine-learning-actually-help-first-doctoral-thesis-on-quantum-machine-learning-at-zhaw,educational_outreach,legitimacy,2026-07-13 02:58:11.999225+00:00,,0.8,False,False
77d8c1e5-8f90-4e9f-9144-bac463b321c0,zhaw,masfactory,news,https://www.myscience.ch/news/2023/forschende_wenden_quantencomputer_erfolgreich_in_der_praxis_an-2023-zhaw,milestones,future_trajectory,2026-07-13 02:58:11.999225+00:00,,0.85,False,False
207f7e6b-3486-43e2-b0a4-f86203a41002,zhaw,masfactory,news,https://swissnex.org/app/uploads/2025/10/Switzerland_Hub_Quantum_Oct2025_web.pdf,testimonials,legitimacy,2026-07-13 02:58:11.999225+00:00,,0.8,False,False
6ad6ce78-8ed8-462d-a25b-59ec6e277f90,usi,masfactory,news,https://search.usi.ch/en/courses/35265658/quantum-computing,educational_outreach,legitimacy,2026-07-13 02:58:11.999225+00:00,,0.95,False,False
b7e0068c-a784-4481-8b16-fabd3b7f450d,usi,masfactory,news,https://cqi.inf.usi.ch/,educational_outreach,legitimacy,2026-07-13 02:58:11.999225+00:00,,0.8,False,False
52e41509-35cd-436a-95cd-eedf8ae6fa21,usi,masfactory,news,https://www.usi.ch/en/feeds/35268,funding_event,legitimacy,2026-07-13 02:58:11.999225+00:00,,0.9,False,False
e7391d55-7d00-4d08-bce5-29876f11a688,quantumbasel,masfactory,news,https://www.dwavesys.com/company/newsroom/press-release/vinci-energies-and-quantumbasel-launch-a-pilot-project-with-d-wave-s-quantum-technology/,pilots_pocs,customer_cocreation,2026-07-13 02:58:11.999225+00:00,,0.9,False,False
76d308b7-8a6c-42d5-92c9-ca19cc0375a0,gesda,masfactory,news,https://genevasolutions.news/science-tech/gesda-reveals-plans-for-geneva-quantum-hub-and-science-diplomacy-curriculum,roadmaps,future_trajectory,2026-07-13 02:58:11.999225+00:00,,0.85,False,False
1bba9987-4bd9-4653-952a-16de13d4ad50,open-quantum-institute-cern,masfactory,news,https://home.cern/news/news/computing/open-quantum-institute-launches-its-pilot-phase-cern,milestones,future_trajectory,2026-07-13 02:58:11.999225+00:00,,0.8,False,False
2c8e8f35-7108-4ec2-b11c-bbc5a27fdc95,open-quantum-institute-cern,masfactory,news,https://kt.cern/bringing-quantum-computing-to-society/,academic_partnerships,community_ecosystem,2026-07-13 02:58:11.999225+00:00,,0.85,False,False
4d34c51b-f73a-4958-86fe-211e640164b1,open-quantum-institute-cern,masfactory,news,https://www.classiq.io/insights/classiq-and-wolfram-join-cerns-open-quantum-institute-to-develop-quantum-optimization-for-smart-power-grids,collaborations_applications,customer_cocreation,2026-07-13 02:58:11.999225+00:00,,0.95,False,False
60cd9215-306e-40c0-bded-855db809909b,verve-ventures,masfactory,news,https://www.htgf.de/htgf-finanzierung-kiutra/,funding_event,legitimacy,2026-07-13 02:58:11.999225+00:00,,0.85,False,False
1cba4384-1c77-43dd-a90a-9357cb9a9640,id-quantique,masfactory,news,https://en.wikipedia.org/wiki/Quantum_key_distribution,technological_advances,future_trajectory,2026-07-13 02:58:11.999225+00:00,,0.5,False,False
4538ffe8-a10b-4e24-add1-dcda80110884,zurich-instruments,masfactory,news,http://www.azom.com/news.aspx?newsID=62621,technological_advances,future_trajectory,2026-07-13 02:58:11.999225+00:00,,0.9,False,False
bc21ccaf-9203-42db-a785-87c15b20818e,csem,masfactory,news,https://epic-photonics.com/wp-content/uploads/2023/01/2.4-Andreas-Voelker-CSEM.pdf,technological_advances,future_trajectory,2026-07-13 02:58:11.999225+00:00,,0.8,False,False
e8990d83-658f-40dd-973f-1070eb78a2b4,basel-precision-instruments,masfactory,news,https://bluefors.com/news/bluefors-collaborates-with-basel-precision-instruments-on-cryogenic-filtering-solutions/,industry_partnerships,community_ecosystem,2026-07-13 02:58:11.999225+00:00,,0.85,False,False
2d6988ad-c3e7-4756-b89b-af0278b2159a,swissphotonics,masfactory,news,https://www.linkedin.com/posts/josepozophotonics_swiss-photonics-start-up-profile-cassio-p-activity-7359141616479010817-a66G,industry_partnerships,community_ecosystem,2026-07-13 02:58:11.999225+00:00,,0.8,False,False
9faaf282-f577-41a2-ba16-48837d5b0992,miraex,masfactory,news,https://brunorijsman.github.io/quantum-resource-list/companies-quantum-network-products.html,testimonials,legitimacy,2026-07-13 02:58:11.999225+00:00,,0.7,False,False
0529090d-5914-4eba-8aee-0e99d84f169f,miraex,masfactory,news,https://www.aktiencheck.de/news/Artikel-SEALSQ_Signs_Letter_of_Intent_to_Acquire_100_of_Miraex_a_Swiss_Quantum_Interconnect_Platform_Company-19593113,industry_partnerships,community_ecosystem,2026-07-13 02:58:11.999225+00:00,,0.8,False,False
7bc114c1-b6ca-4440-bfb1-3d76c4646b82,miraex,masfactory,news,https://www.startupticker.ch/en/company/miraex-sa,testimonials,legitimacy,2026-07-13 02:58:11.999225+00:00,,0.75,False,False
b760bd3e-cf05-4961-a1b8-a54696d12aef,qzabre,masfactory,news,https://2022.magnetism.org/affiliates/qzabre/,educational_outreach,legitimacy,2026-07-13 02:58:11.999225+00:00,,0.75,False,False
d8ae2b5d-51fb-4ffe-8ec2-d9b4855bc864,femtoprint,masfactory,news,https://www.esdi.ch/quantum-2/,collaborations_applications,customer_cocreation,2026-07-13 02:58:11.999225+00:00,,0.8,False,False
71402d9b-ea23-4040-80c0-48e1903dbf34,femtoprint,masfactory,news,https://www.linkedin.com/posts/femtoprint-sa_quantumtechnology-photonics-glassmicrofabrication-activity-7477969170190512129-l93C,technological_advances,future_trajectory,2026-07-13 02:58:11.999225+00:00,,0.85,False,False
cf3edc98-e904-4b8c-aeed-86f13d6cfc7f,femtoprint,masfactory,news,https://epic-photonics.com/wp-content/uploads/2024/07/Cesare-Alfieri-FEMTOprint.pdf,technological_advances,future_trajectory,2026-07-13 02:58:11.999225+00:00,,0.8,False,False
ccd6b30e-d6f4-4c4c-960c-a9108b868210,femtoprint,masfactory,news,https://www.swissphotonics.net/libraries.files/Femtoprint_Alfieri12.pdf,technological_advances,future_trajectory,2026-07-13 02:58:11.999225+00:00,,0.75,False,False
f4c85b63-ce80-41af-aeef-e544771506d1,zuriq,masfactory,news,https://www.youtube.com/watch?v=tofGvA913wc,testimonials,legitimacy,2026-07-13 02:58:11.999225+00:00,,0.7,False,False
0bb6bbc4-7705-42b0-b465-38dd16151c6f,swissnex,masfactory,news,https://open-quantum-institute.cern/swiss-embassy-and-swissnex-launch-the-international-year-of-quantum-and-oqis-quantum-diplomacy-game-in-washington-d-c/,educational_outreach,legitimacy,2026-07-13 02:58:11.999225+00:00,,0.85,True,False
5e024347-46d6-42b6-8cc6-da739f43bc34,swiss-quantum-initiative,hermes,website,https://bqc.unibas.ch/en/news/details/swiss-quantum-days-2026-in-engelberg/,conference_event,community_ecosystem,2026-07-13 05:04:03.607114+00:00,2026-02-02 00:00:00+00:00,0.75,False,False
a70bb87f-6999-49eb-a164-f7906ce9a5c0,swiss-quantum-initiative,hermes,news,https://www.mem-innovation.ch/elektroindustrie?tx_news_pi1%5Baction%5D=detail&tx_news_pi1%5Bcontroller%5D=News&tx_news_pi1%5Bnews%5D=8926&cHash=0ba308e74586170a6bbe1eb530fbe40b,pilot_announcement,customer_cocreation,2026-07-13 05:04:03.607114+00:00,2026-05-29 00:00:00+00:00,0.7,False,False
3fd8b6a4-9608-4184-86a8-0648800d324c,swiss-quantum-initiative,hermes,website,https://bqc.unibas.ch/en/news/details/swiss-quantum-days-2026-in-engelberg/,talent_development,community_ecosystem,2026-07-13 05:04:03.607114+00:00,2026-02-02 00:00:00+00:00,0.65,True,False
8e41ab71-824a-406f-bb49-e8a697bd166f,swiss-quantum-initiative,hermes,news,https://swissnex.org/news/swiss-quantum-strategy-released/,strategic_positioning,community_ecosystem,2026-07-13 05:04:03.607114+00:00,2026-03-06 00:00:00+00:00,0.75,False,False
0a03311f-11ae-4d32-b9e5-8034eae18586,swiss-quantum-initiative,hermes,website,https://www.snf.ch/en/N01wa8jzDaYFaPca/news/swiss-quantum-call-2026,funding_event,legitimacy,2026-07-13 05:04:03.607114+00:00,2026-03-01 00:00:00+00:00,0.7,False,False
2d63218d-d513-447f-a167-1964a72df04c,nccr-spin,hermes,news,https://www.instagram.com/p/DXrSMEVF7Cr/,consortium_membership,community_ecosystem,2026-07-13 05:05:12.353891+00:00,2026-04-28 00:00:00+00:00,0.55,False,False
3094f8ed-6692-47af-add8-eb6b6aaa2320,nccr-spin,hermes,website,https://www.nccr-spin.ch/news/silicon-quantum-electronics-workshop-siqew-2026,conference_leadership,community_ecosystem,2026-07-13 05:05:12.353891+00:00,2026-06-11 00:00:00+00:00,0.8,False,False
113db61a-cbb7-4e6d-a2d8-128f56e99047,nccr-spin,hermes,website,https://www.nccr-spin.ch/publications,publication,legitimacy,2026-07-13 05:05:12.353891+00:00,2026-02-01 00:00:00+00:00,0.75,False,False
47d88225-0c7c-4b6a-82d6-63cdef30acfd,nccr-spin,hermes,news,https://www.nature.com/articles/s41467-025-65569-3,publication,legitimacy,2026-07-13 05:05:12.353891+00:00,2026-01-20 00:00:00+00:00,0.8,False,False
215efd52-3023-4ae8-8b84-bbdab1aedbc3,nccr-spin,hermes,arxiv,https://arxiv.org/pdf/2604.19687,publication,legitimacy,2026-07-13 05:05:12.353891+00:00,2026-04-22 00:00:00+00:00,0.85,False,False
7c762323-0dee-4be3-868b-6af1e1f2edf3,nccr-spin,hermes,arxiv,https://arxiv.org/html/2604.13644v1,publication,legitimacy,2026-07-13 05:05:12.353891+00:00,2026-04-15 00:00:00+00:00,0.9,False,False
b68784e1-30d4-4540-9ba6-b586626ff8aa,nccr-spin,hermes,website,https://quantera.eu/strategic-conference-impact-of-quantera-2016-2026/,consortium_membership,community_ecosystem,2026-07-13 05:05:12.353891+00:00,2026-03-18 00:00:00+00:00,0.9,False,False
ef72e7b6-118b-42a9-91db-501f466e9811,nccr-spin,hermes,website,https://www.nccr-spin.ch/news/new-professor-of-theoretical-quantum-computing,leadership_appointment,legitimacy,2026-07-13 05:05:12.353891+00:00,2026-07-02 00:00:00+00:00,0.85,False,False
cceb9189-6909-4a26-be5b-5ddbe42adb69,nccr-spin,hermes,website,https://www.nccr-spin.ch/news/nccr-spin-annual-meeting-2026-science-innovation-and-collaboration-in-pontresina,community_event,community_ecosystem,2026-07-13 05:05:12.353891+00:00,2026-06-18 00:00:00+00:00,0.85,False,False
d026abd6-d185-4b19-982a-8769a9a9437e,swiss-nanoscience-institute,hermes,website,https://nanoscience.unibas.ch/en/news/details/universitaet-basel-uebernimmt-co-leitung-im-neuen-nationalen-forschungsschwerpunkt-precision/,funding_event,future_trajectory,2026-07-13 05:10:15.422528+00:00,2026-02-02 00:00:00+00:00,0.85,False,False
23a80d8b-44a9-458c-8326-cb94fe0b5147,swiss-nanoscience-institute,hermes,website,https://bqc.unibas.ch/en/news-events/,ecosystem_event,community_ecosystem,2026-07-13 05:10:15.422528+00:00,2026-03-16 00:00:00+00:00,0.7,False,False
1cce516b-f9ec-4349-b03a-5b0c8c2a7554,swiss-nanoscience-institute,hermes,arxiv,https://arxiv.org/abs/2606.28762,publication,legitimacy,2026-07-13 05:10:15.422528+00:00,2026-06-27 00:00:00+00:00,0.8,True,False
c3eb283e-c265-4601-b7bb-efe69585677e,swiss-nanoscience-institute,hermes,website,https://nanoscience.unibas.ch/en/news/details/sni-schnupper-summer-school-2026/,talent_outreach,community_ecosystem,2026-07-13 05:10:15.422528+00:00,2026-07-01 00:00:00+00:00,0.6,False,False
6f558ed1-2365-4d7f-b79c-ee126dbf632a,swiss-nanoscience-institute,hermes,news,https://www.linkedin.com/posts/nanosurf_driveafm-activity-7472311310156914688-AJS1,industry_partnership_showcase,community_ecosystem,2026-07-13 05:10:15.422528+00:00,2026-06-10 00:00:00+00:00,0.55,False,False
fc402b46-81fc-4b50-bcd9-232103715223,swiss-nanoscience-institute,hermes,website,https://nanoscience.unibas.ch/fileadmin/user_upload/nanoscience/02_Forschung/02_PhD_Programm/SNIPhD_Call2026.pdf,funding_event,future_trajectory,2026-07-13 05:10:15.422528+00:00,2026-04-09 00:00:00+00:00,0.65,True,False
9dfbbf00-1013-4a17-92d2-a3147fb6b7a8,swiss-nanoscience-institute,hermes,arxiv,https://arxiv.org/abs/2605.21036,publication,legitimacy,2026-07-13 05:10:15.422528+00:00,2026-05-20 00:00:00+00:00,0.8,True,False
048ff8b4-69c5-4648-91d0-7e8777e0724c,swiss-nanoscience-institute,hermes,website,https://nanoscience.unibas.ch/en/ueber-uns/menschen/ehrungen/,award,legitimacy,2026-07-13 05:10:15.422528+00:00,2026-06-09 00:00:00+00:00,0.75,False,False
1b9e9f3a-5837-4813-bfe7-b14d0f6458d0,swiss-nanoscience-institute,hermes,website,https://smolenski-lab.com/news,new_lab_opening,future_trajectory,2026-07-13 05:10:15.422528+00:00,2026-02-01 00:00:00+00:00,0.7,False,False
a4c9d059-0f74-4655-ac08-e288601b6862,gesda,hermes,website,https://www.gesda.global/science-diplomacy-week-2026-day-4the-rules-that-make-cooperation-durable,capacity_building,community_ecosystem,2026-07-13 05:22:49.732785+00:00,2026-06-25 00:00:00+00:00,0.85,True,False
0cd6c747-628f-4256-bcb2-1e0e3e632039,gesda,hermes,website,https://www.gesda.global/science-diplomacy-week-2026-day-3-governing-todays-science-to-prevent-tomorrows-conflicts,strategic_positioning,community_ecosystem,2026-07-13 05:22:49.732785+00:00,2026-06-24 00:00:00+00:00,0.85,True,False
89d5b919-b506-4e99-8823-ce1b18a942b1,gesda,hermes,website,https://www.gesda.global/Press%20Release%2048_EN.pdf,public_engagement,community_ecosystem,2026-07-13 05:22:49.732785+00:00,2026-05-06 00:00:00+00:00,0.4,False,False
dcf73535-6aeb-4bab-883e-2a902c396007,gesda,hermes,website,https://www.gesda.global/gesda-at-davos-2026-science-diplomacy-for-future-governance/,strategic_positioning,community_ecosystem,2026-07-13 05:22:49.732785+00:00,2026-01-22 00:00:00+00:00,0.85,True,False
dd2d3e27-3853-44c3-8aca-ad8a81f46ee3,gesda,hermes,website,https://open-quantum-institute.cern/quantum-diplomacy-game/,roadmap_statement,future_trajectory,2026-07-13 05:22:49.732785+00:00,,0.6,False,False
e793d37f-9b0e-4d1c-9b9d-7559cd87b1a9,open-quantum-institute-cern,hermes,news,https://gesda.global/category/all-news/,strategic_positioning,legitimacy,2026-07-13 05:24:28.977155+00:00,2024-03-05 00:00:00+00:00,0.55,True,False
cac34308-a597-4966-ac75-e66723de1da3,open-quantum-institute-cern,hermes,website,https://open-quantum-institute.cern/celebrating-one-year-of-oqis-pilot-phase-at-cern/,capacity_building,community_ecosystem,2026-07-13 05:24:28.977155+00:00,2025-03-05 00:00:00+00:00,0.85,True,False
d00a88e7-81fe-4858-bb15-2e49ca207772,open-quantum-institute-cern,hermes,website,https://gesda.global/open-quantum-institute,strategic_positioning,legitimacy,2026-07-13 05:24:28.977155+00:00,,0.75,False,False
91069988-c792-4a5f-90f4-6c6bf965494a,basel-precision-instruments,hermes,website,https://www.baspi.ch,hiring,future_trajectory,2026-07-13 05:31:58.079308+00:00,2026-04-01 00:00:00+00:00,0.65,False,False
25f92f83-2259-4a6e-8cd8-8699672611f9,basel-precision-instruments,hermes,website,https://www.baspi.ch,conference_participation,community_ecosystem,2026-07-13 05:31:58.079308+00:00,2026-03-10 00:00:00+00:00,0.65,False,False
40e4d1e3-ebcd-4b78-8720-0f19ef37e5e2,basel-precision-instruments,hermes,website,https://www.baspi.ch,speaking_engagement,community_ecosystem,2026-07-13 05:31:58.079308+00:00,2026-04-15 00:00:00+00:00,0.6,False,False
dbac49f0-8057-4a35-b6dc-1c79ea7142f9,basel-precision-instruments,hermes,website,https://www.baspi.ch,customer_testimonial,customer_cocreation,2026-07-13 05:31:58.079308+00:00,2026-02-01 00:00:00+00:00,0.6,False,False
3bb50076-6a6b-4894-8e1f-68d97d26e412,basel-precision-instruments,hermes,website,https://www.baspi.ch,partnership_announcement,customer_cocreation,2026-07-13 05:31:58.079308+00:00,2026-03-15 00:00:00+00:00,0.75,False,False
0d1b5241-4e47-4422-80fd-76c41b6eaf92,basel-precision-instruments,hermes,website,https://www.baspi.ch,funding_event,legitimacy,2026-07-13 05:31:58.079308+00:00,2026-02-20 00:00:00+00:00,0.7,False,False
c72cf88f-4c3d-488a-a432-c6268fd4d2b2,basel-precision-instruments,hermes,website,https://www.baspi.ch,publication,community_ecosystem,2026-07-13 05:31:58.079308+00:00,2026-02-25 00:00:00+00:00,0.65,False,False
19c20694-c4d6-4062-af1d-adaf90448353,basel-precision-instruments,hermes,website,https://www.baspi.ch,product_integration,customer_cocreation,2026-07-13 05:31:58.079308+00:00,2026-03-10 00:00:00+00:00,0.7,False,False
58dd3797-e2f1-4e77-94ea-010536c9127d,basel-precision-instruments,hermes,arxiv,https://arxiv.org/abs/2603.03166,publication,community_ecosystem,2026-07-13 05:31:58.079308+00:00,2026-03-03 00:00:00+00:00,0.8,False,False
2455cf50-9ee7-4ca9-ab52-643e72fbeb9b,basel-precision-instruments,hermes,website,https://www.baspi.ch,conference_participation,community_ecosystem,2026-07-13 05:31:58.079308+00:00,2026-06-15 00:00:00+00:00,0.6,False,False
a0ca2686-b3a3-4608-b690-449654d8ecd9,basel-precision-instruments,hermes,website,https://www.baspi.ch,leadership_recognition,legitimacy,2026-07-13 05:31:58.079308+00:00,2026-03-01 00:00:00+00:00,0.7,False,False
b4d5dadc-77f9-450e-9519-711aea0f22a5,huber-suhner,hermes,website,http://www.polatis.com/,product_capability_quantum,legitimacy,2026-07-13 05:41:23.839868+00:00,2025-01-01 00:00:00+00:00,0.55,False,False
74c16f86-ebff-406b-8cf2-01e8a0099361,ionq,masfactory,news,https://docs.ionq.co/,customer_training,customer_cocreation,2026-07-14 02:47:36.711532+00:00,,0.9,False,False
3cbf96ff-8488-4eb4-8c4a-2469fa061d93,ionq,masfactory,news,https://ionq.co/programs,educational_outreach,legitimacy,2026-07-14 02:47:36.711532+00:00,,0.85,False,False
198533e2-17f4-4541-b659-6a011f050391,cern-quantum-technology-initiative,masfactory,news,https://zenodo.org/record/5571809,roadmaps,future_trajectory,2026-07-14 02:47:36.711532+00:00,,0.95,False,False
f57f3da6-ba10-48dd-bbb2-85a286fe2388,ionq,masfactory,news,https://learn.microsoft.com/en-us/azure/quantum/provider-ionq,cloud_platform_listings,community_ecosystem,2026-07-14 02:47:36.711532+00:00,,0.95,False,False
d7cd4899-1ec9-4273-b111-ce7548b93a5f,ionq,masfactory,news,https://ionq.com/docs/get-started-with-cirq,customer_training,customer_cocreation,2026-07-14 02:47:36.711532+00:00,,0.9,False,False
726620e3-5bad-4a70-8095-800d61cf2c1a,swiss-quantum-initiative,hermes,news,https://www.mem-innovation.ch/elektroindustrie?tx_news_pi1%5Baction%5D=detail&tx_news_pi1%5Bcontroller%5D=News&tx_news_pi1%5Bnews%5D=8926&cHash=0ba308e74586170a6bbe1eb530fbe40b,funding_event,future_trajectory,2026-07-14 05:04:31.549960+00:00,2026-05-29 00:00:00+00:00,0.7,False,False
95e8786b-4212-4619-b9fe-4ad431190ad9,swiss-quantum-initiative,hermes,website,https://www.snf.ch/en/N01wa8jzDaYFaPca/news/swiss-quantum-call-2026,funding_event,future_trajectory,2026-07-14 05:04:31.549960+00:00,2026-06-01 00:00:00+00:00,0.75,False,False
abdf11e3-bbcd-4f75-9d67-47d06c375fb4,swiss-quantum-initiative,hermes,website,https://swissnex.org/our-impact/quantum/quantum-week-2026/,ecosystem_event,community_ecosystem,2026-07-14 05:04:31.549960+00:00,2026-06-01 00:00:00+00:00,0.75,False,False
dcdace29-916e-4242-b098-0d891ba15f5b,swiss-quantum-initiative,hermes,news,https://www.swissinfo.ch/eng/research-frontiers/strategy-urges-switzerland-to-create-international-quantum-technology-hub/91035319,strategic_positioning,community_ecosystem,2026-07-14 05:04:31.549960+00:00,2026-03-04 00:00:00+00:00,0.7,False,False
7df907b6-0fa7-4b84-bb40-fa704dc4b04c,swiss-quantum-initiative,hermes,arxiv,https://arxiv.org/html/2603.13030v2,funding_acknowledgment,legitimacy,2026-07-14 05:04:31.549960+00:00,2026-07-01 00:00:00+00:00,0.75,False,False
2d5c1e90-767c-42be-9234-e0f6b393bfc2,nccr-spin,hermes,website,https://www.nccr-spin.ch/news/world-quantum-day-a-shared-vision-for-the-future-of-computing,strategic_positioning,future_trajectory,2026-07-14 05:08:05.817876+00:00,2026-04-14 00:00:00+00:00,0.85,False,False
314b9000-9aa2-4ab3-a808-4a47288b8aff,nccr-spin,hermes,website,https://www.nccr-spin.ch/news/new-mobility-grants-for-industry-internships-at-quantumbasel-open-to-nccr-spin-young-researchers,pilot_announcement,customer_cocreation,2026-07-14 05:08:05.817876+00:00,2026-02-16 00:00:00+00:00,0.9,False,False
cc228187-9175-4e16-8183-58e7891248fa,nccr-spin,hermes,website,https://www.nccr-spin.ch/nccr-spin-qubits-winter-school,talent_development,community_ecosystem,2026-07-14 05:08:05.817876+00:00,2026-02-10 00:00:00+00:00,0.8,False,False
aa342650-67de-49f3-b893-0b2b25d89164,nccr-spin,hermes,website,https://www.nccr-spin.ch/news/new-professor-of-theoretical-quantum-computing,leadership_appointment,legitimacy,2026-07-14 05:08:05.817876+00:00,2026-07-02 00:00:00+00:00,0.9,False,False
c7d632de-e3cd-4f51-8e9d-dfad5de82deb,nccr-spin,hermes,website,https://www.nccr-spin.ch/news/nccr-spin-annual-meeting-2026-science-innovation-and-collaboration-in-pontresina,consortium_membership,community_ecosystem,2026-07-14 05:08:05.817876+00:00,2026-06-18 00:00:00+00:00,0.9,False,False
837a8e26-8c9d-4510-9df3-30040afe8f54,nccr-spin,hermes,news,https://www.instagram.com/p/DXrSMEVF7Cr/,consortium_membership,community_ecosystem,2026-07-14 05:08:05.817876+00:00,2026-04-28 00:00:00+00:00,0.5,False,False
d1b757d0-4950-4dac-860c-7004586e9cf3,nccr-spin,hermes,news,https://www.linkedin.com/posts/nccr-spin_we-are-pleased-to-announce-that-nccr-spin-activity-7460319396343816192-BqHz,consortium_membership,community_ecosystem,2026-07-14 05:08:05.817876+00:00,2026-05-13 00:00:00+00:00,0.55,False,False
2fb7ab5b-2cc8-4bac-ab44-893d36604915,nccr-spin,hermes,news,https://www.nature.com/articles/s41928-025-01562-4,publication,legitimacy,2026-07-14 05:08:05.817876+00:00,2026-02-02 00:00:00+00:00,0.9,False,False
8685f6b2-f554-4fba-bcc9-723b1bcbc508,nccr-spin,hermes,arxiv,https://arxiv.org/html/2607.08447v1,publication,legitimacy,2026-07-14 05:08:05.817876+00:00,2026-07-09 00:00:00+00:00,0.95,False,False
bc27bdcd-9522-42fb-b4d3-d8a77aff5749,nccr-spin,hermes,website,https://www.nccr-spin.ch/news/silicon-quantum-electronics-workshop-siqew-2026,consortium_membership,community_ecosystem,2026-07-14 05:08:05.817876+00:00,2026-06-11 00:00:00+00:00,0.85,False,False
4e049cf1-2cd7-452d-bb87-1736ca8bf47f,nccr-spin,hermes,arxiv,https://arxiv.org/html/2607.09508v1,publication,legitimacy,2026-07-14 05:08:05.817876+00:00,2026-07-10 00:00:00+00:00,0.95,True,False
f37a4480-59a4-4358-8d97-9bf706ffa527,eth-zurich-quantum-center,hermes,arxiv,https://arxiv.org/abs/2604.15971,publication,legitimacy,2026-07-14 05:10:00.044491+00:00,2026-04-17 00:00:00+00:00,0.8,False,False
a7a3ac36-12d7-4f72-90e5-2b51f4f7efca,eth-zurich-quantum-center,hermes,website,https://ethz.ch/en/news-and-events/eth-news/news/2026/04/a-new-trick-brings-stability-to-quantum-operations.html,technological_advances,future_trajectory,2026-07-14 05:10:00.044491+00:00,2026-04-08 00:00:00+00:00,0.8,False,False
cff8f1b5-6c63-4cc5-baa0-61f731144983,eth-zurich-quantum-center,hermes,website,https://www.phys.ethz.ch/news-and-events/d-phys-news/2026/05/best-of-two-worlds-superconducting-qubits-and-mechanical-resonators-for-quantum-computing.html,technological_advances,future_trajectory,2026-07-14 05:10:00.044491+00:00,2026-05-28 00:00:00+00:00,0.8,True,False
624b99e0-0cd2-49b6-894c-1282cb10b49f,eth-zurich-quantum-center,hermes,arxiv,https://arxiv.org/abs/2604.08655,publication,legitimacy,2026-07-14 05:10:00.044491+00:00,2026-04-09 00:00:00+00:00,0.8,True,False
26b944c5-ac52-45e4-87a2-a562fcac3fc2,eth-zurich-quantum-center,hermes,website,https://ethz.ch/en/news-and-events/eth-news/news/2026/06/twelve-top-research-projects-win-millions-in-european-funding.html,funding_event,legitimacy,2026-07-14 05:10:00.044491+00:00,2026-06-23 00:00:00+00:00,0.75,False,False
470089d2-b06c-4e89-84b1-489daefea1fb,eth-zurich-quantum-center,hermes,news,https://intellectia.ai/news/stock/ibm-and-eth-zurich-collaborate-on-quantum-computing-algorithms,strategic_partnership,customer_cocreation,2026-07-14 05:10:00.044491+00:00,2026-03-31 00:00:00+00:00,0.55,True,False
088e2068-73b0-4d76-a8b7-8b83ee7fb7ce,eth-zurich-quantum-center,hermes,arxiv,https://arxiv.org/abs/2604.15971,publication,legitimacy,2026-07-14 05:10:00.044491+00:00,2026-04-17 00:00:00+00:00,0.85,True,False
7082ec60-e3ab-483c-9f8b-68c898a126a4,eth-zurich-quantum-center,hermes,news,https://www.thehindu.com/news/cities/bangalore/swiss-firms-research-institutions-have-shown-interest-in-karnatakas-quantum-city-development-minister-ns-boseraju/article70215920.ece,strategic_positioning,community_ecosystem,2026-07-14 05:10:00.044491+00:00,2025-10-29 00:00:00+00:00,0.55,False,False
e440ccea-0e0b-4baf-838b-58c91ada24c6,eth-psi-quantum-computing-hub,hermes,website,https://www.psi.ch/de/news/science-features/the-quantum-revolution-what-s-next,thought_leadership,community_ecosystem,2026-07-14 05:18:21.157685+00:00,2025-08-14 00:00:00+00:00,0.7,True,False
62d6fc02-d451-4654-bcb3-27c7409e081f,eth-psi-quantum-computing-hub,hermes,website,https://www.psi.ch/en/lnq/scientific-highlights,government_funding,customer_cocreation,2026-07-14 05:18:21.157685+00:00,2023-11-02 00:00:00+00:00,0.55,True,False
9547501e-6a81-4ab8-97ec-76bfea275fdc,eth-psi-quantum-computing-hub,hermes,website,https://www.psi.ch/en/lnq/scientific-highlights,industry_partnership,customer_cocreation,2026-07-14 05:18:21.157685+00:00,2025-02-06 00:00:00+00:00,0.6,False,False
a10b83b2-a828-44e4-9faf-a3ca8924c5a9,eth-psi-quantum-computing-hub,hermes,website,https://www.psi.ch/en/lnq/publications,publication,legitimacy,2026-07-14 05:18:21.157685+00:00,2026-02-01 00:00:00+00:00,0.7,False,False
3b3ac4bc-2693-40ac-90ac-c5757c8f90ef,eth-psi-quantum-computing-hub,hermes,website,https://www.psi.ch/en/lnq/publications,publication,legitimacy,2026-07-14 05:18:21.157685+00:00,2025-10-24 00:00:00+00:00,0.7,False,False
e3295b34-5d7e-4421-99fd-e69205ca9795,eth-psi-quantum-computing-hub,hermes,website,https://www.nature.com/nature-index/institution-outputs/switzerland/ethz-psi-quantum-computing-hub/685368590746511b7609d514,third_party_validation,legitimacy,2026-07-14 05:18:21.157685+00:00,2026-05-20 00:00:00+00:00,0.75,False,False
b09216a6-e1dc-4b47-8b90-2862ab15b8ff,eth-psi-quantum-computing-hub,hermes,arxiv,https://arxiv.org/html/2606.02440v1,technological_advance,future_trajectory,2026-07-14 05:18:21.157685+00:00,2026-06-01 00:00:00+00:00,0.85,False,False
1aa8170e-f211-4786-af0c-63c2e125855c,eth-psi-quantum-computing-hub,hermes,arxiv,https://arxiv.org/html/2601.22981,technological_advance,future_trajectory,2026-07-14 05:18:21.157685+00:00,2026-02-02 00:00:00+00:00,0.85,False,False
6e9c14d7-8bb5-4a0e-9935-3d74a6698385,eth-psi-quantum-computing-hub,hermes,website,https://swissquantumdays.ch/swiss-quantum-days-2026/,conference_leadership,community_ecosystem,2026-07-14 05:18:21.157685+00:00,2026-01-28 00:00:00+00:00,0.75,False,False
cc9cf3b3-6859-4a03-a860-f9158a8ca591,eth-psi-quantum-computing-hub,hermes,news,https://q-ctrl.com/blog/q-ctrl-partners-with-the-paul-scherrer-institute-to-support-the-scale-up-of-quantum-computers,industry_partnership,customer_cocreation,2026-07-14 05:18:21.157685+00:00,2025-01-01 00:00:00+00:00,0.55,False,False
753dbe14-edd8-4403-9662-674e9cc57443,verve-ventures,hermes,website,https://qant.com/press-releases/qant-raises-62-million-euro-to-transform-the-future-of-computing-with-photonic-processing/,portfolio_funding,customer_cocreation,2026-07-14 05:29:50.270810+00:00,2025-07-17 00:00:00+00:00,0.8,False,False
f634ef45-de2c-4b34-b33d-9d95ebde2027,verve-ventures,hermes,news,https://www.finews.ch/news/finanzplatz/72871-verve-ventures-lizenz-wertpapierhaus-rolf-ringdal-verwaltungsrat-finma,regulatory_approval,legitimacy,2026-07-14 05:29:50.270810+00:00,2026-07-14 00:00:00+00:00,0.85,False,False
41d83051-3d60-455a-a1a9-83754efc66d6,verve-ventures,hermes,website,https://www.verve.vc/blog/quantum-investments-in-the-age-of-ai/,strategic_positioning,community_ecosystem,2026-07-14 05:29:50.270810+00:00,2026-07-01 00:00:00+00:00,0.9,False,False
ac38d0ed-d880-4b92-bdc8-ae696c1cb2ae,verve-ventures,hermes,news,https://thequantuminsider.com/2026/04/30/groove-quantum-spin-qubit-processor-funding/,portfolio_funding,customer_cocreation,2026-07-14 05:29:50.270810+00:00,2026-04-30 00:00:00+00:00,0.85,False,False
f7f6bad1-30dd-423e-abe5-c83fcb5976da,verve-ventures,hermes,website,https://www.verve.vc/future-of-computing/,strategic_positioning,community_ecosystem,2026-07-14 05:29:50.270810+00:00,2026-06-01 00:00:00+00:00,0.85,False,False
e5718282-8a03-4188-84ff-f23b89cb6ea4,verve-ventures,hermes,website,https://www.verve.vc/verve-portfolio/kipu-quantum/,customer_pilot,customer_cocreation,2026-07-14 05:29:50.270810+00:00,2026-06-01 00:00:00+00:00,0.75,False,False
86d13e72-45dc-49f9-bf3a-a641ce3cc323,verve-ventures,hermes,news,https://www.venture-leaders.ch/Qnami-acquired-by-Quantum-Design,portfolio_exit,future_trajectory,2026-07-14 05:29:50.270810+00:00,2026-06-04 00:00:00+00:00,0.7,False,False
4c892e01-1d7d-4469-b904-ca69ed2a3dcd,verve-ventures,hermes,website,https://deeptechnation.ch/focus-sectors/future-of-compute/,ecosystem_builder_participation,community_ecosystem,2026-07-14 05:29:50.270810+00:00,2026-05-01 00:00:00+00:00,0.55,False,False
a3ce45de-546d-4569-ab7d-f5bf7c4db40c,verve-ventures,hermes,website,https://www.verve.vc/future-of-computing/,portfolio_showcase,community_ecosystem,2026-07-14 05:29:50.270810+00:00,2026-06-01 00:00:00+00:00,0.7,False,False
5054635d-a350-49aa-969b-f1e1ce5f19e2,verve-ventures,hermes,website,https://www.verve.vc/future-of-computing/,portfolio_showcase,community_ecosystem,2026-07-14 05:29:50.270810+00:00,2026-06-01 00:00:00+00:00,0.7,False,False
e9aa1dbd-dbde-4797-b299-be8dc5072f65,id-quantique,hermes,website,https://www.idquantique.com/category/press-releases/,certification,legitimacy,2026-07-14 05:33:03.235280+00:00,2026-03-03 00:00:00+00:00,0.55,False,False
7cfad6b8-6b2d-45ed-990a-0a2a5246dac0,id-quantique,hermes,website,https://www.idquantique.com/category/press-releases/,product_launch,future_trajectory,2026-07-14 05:33:03.235280+00:00,2026-06-17 00:00:00+00:00,0.55,False,False
15506248-dc52-4a5b-b9a4-42bea2ef9733,id-quantique,hermes,website,https://www.idquantique.com/category/press-releases/,pilot_announcement,customer_cocreation,2026-07-14 05:33:03.235280+00:00,2026-02-27 00:00:00+00:00,0.55,False,False
321e47ce-ca97-40a0-bd16-fc4c4f77a436,usi,masfactory,news,https://swisscryptoday.github.io/2025/,educational_outreach,legitimacy,2026-07-15 03:08:10.664013+00:00,,0.8,False,False
bf72d045-abfe-47ef-9b33-e396b9c606f3,zurich-instruments,masfactory,news,http://www.azom.com/news.aspx?newsID=62621,milestones,future_trajectory,2026-07-15 03:08:10.664013+00:00,,0.9,False,False
6d1d1a84-3b61-438c-aa8e-a7b359313152,qnami,masfactory,website,https://qnami.ch/news/,academic_partnerships,community_ecosystem,2026-07-15 03:08:10.664013+00:00,,0.9,False,False
a7fe9814-7d34-4fa7-b8da-10ed12163dc2,qzabre,masfactory,news,https://ch.linkedin.com/company/qzabre-llc,customer_training,customer_cocreation,2026-07-15 03:08:10.664013+00:00,,0.85,False,False
f0ef3d09-7795-4211-a4c2-99ddefc9a8c9,swiss-nanoscience-institute,masfactory,news,https://www.psi.ch/en/lnq/scientific-highlights,educational_outreach,legitimacy,2026-07-15 03:08:10.664013+00:00,,0.8,False,False
d3b8ea03-d53a-44fe-91f7-1e3e9bcf0994,swiss-quantum-initiative,masfactory,news,https://thequantuminsider.com/2026/03/05/switzerland-unveils-national-quantum-strategy-to-strengthen-global-tech-position/,regulatory_recognition,legitimacy,2026-07-15 03:08:10.664013+00:00,,0.9,False,False
abd09749-4fb4-47d8-a095-ba181633c31d,swiss-quantum-initiative,masfactory,news,https://www.sbfi.admin.ch/de/swiss-quantum-initiative-de,regulatory_recognition,legitimacy,2026-07-15 03:08:10.664013+00:00,,0.9,False,False
ac70a32e-9c09-472f-abd7-366fcde9dedf,switzerland-innovation-parks,masfactory,news,https://www.parkinnovaare.ch/en/innovation-focus/photonics-and-quantum-technologies,academic_partnerships,community_ecosystem,2026-07-15 03:08:10.664013+00:00,,0.85,False,False
06aad857-d04f-4522-b2e1-acd71a60b91f,switzerland-innovation-parks,masfactory,news,https://www.switzerland-innovation.com/esa-in-collaboration-with-psi-opens-deep-tech-innovation-hub-at-switzerland-innovation-park-innovaare,academic_partnerships,community_ecosystem,2026-07-15 03:08:10.664013+00:00,,0.85,False,False
f29ce8f6-ae13-42fb-ab20-402dc6de7411,switzerland-innovation-parks,masfactory,news,https://swissnex.org/app/uploads/2025/10/Switzerland_Hub_Quantum_Oct2025_web.pdf,academic_partnerships,community_ecosystem,2026-07-15 03:08:10.664013+00:00,,0.8,False,False
61d7078d-6fd8-4888-820f-621ef168e969,switzerland-innovation-parks,masfactory,news,https://phoeniqs.com/de/oekosystem/partner-netzwerk,industry_partnerships,community_ecosystem,2026-07-15 03:08:10.664013+00:00,,0.85,False,False
75f1023b-ff09-4aac-bed2-d1989f03ebc3,switzerland-innovation-parks,masfactory,news,https://www.s-ge.com/invest/en/articles/why-switzerland/innovation-park-become-part-innovation-ecosystem,testimonials,legitimacy,2026-07-15 03:08:10.664013+00:00,,0.6,False,False
4b2de34a-c9fc-4df2-9197-8969af6f082e,swissnex,masfactory,news,https://quantum.scnat.ch/de/science_and_innovation,educational_outreach,legitimacy,2026-07-15 03:08:10.664013+00:00,,0.75,False,False
4be762c8-e521-400a-b2f5-7fd803cb6c4b,swissnex,masfactory,news,https://link.springer.com/chapter/10.1007/978-3-031-90727-2_22,testimonials,legitimacy,2026-07-15 03:08:10.664013+00:00,,0.7,False,False
55d344dc-41e2-4db2-9101-af441fe786bb,zurich-instruments,masfactory,news,https://www.zhinst.com/de/quantum-computing-systems/qccs/,technological_advances,future_trajectory,2026-07-15 03:08:10.664013+00:00,,0.85,False,False
9f949842-d765-4ef1-9755-1a743f9fe2d2,fhnw,masfactory,website,https://www.fhnw.ch/en/business/research-services/research/fields/computational-intelligence/quantum-ai,long_horizon_claims,future_trajectory,2026-07-15 03:08:10.664013+00:00,,0.6,False,False
e7137067-2dca-42c9-ad1c-d83ce92d76f0,eth-zurich-quantum-center,masfactory,news,https://www.psi.ch/de/lnq/qchub,academic_partnerships,community_ecosystem,2026-07-15 03:08:10.664013+00:00,,0.9,False,False
4707367a-6f3e-4c69-af76-0c85dcb596c7,basel-precision-instruments,masfactory,news,https://www.instagram.com/p/DZH-dvfDw7M/,educational_outreach,legitimacy,2026-07-15 03:08:10.664013+00:00,,0.8,False,False
540483d7-7b1e-4d1a-80c9-e60014a6e244,csem,masfactory,news,https://www.macqsimal.eu/,academic_partnerships,community_ecosystem,2026-07-15 03:08:10.664013+00:00,,0.9,False,False
4a0a7f96-c4ee-46ad-9623-3bf0084552fe,csem,masfactory,news,https://arctic-kdt.eu/partner/csem-2/,academic_partnerships,community_ecosystem,2026-07-15 03:08:10.664013+00:00,,0.85,False,False
473a1e9c-1142-4943-b221-e170b2ef02a0,csem,masfactory,news,https://ch.linkedin.com/company/csem,long_horizon_claims,future_trajectory,2026-07-15 03:08:10.664013+00:00,,0.75,False,False
f2e42297-287e-4e63-9c66-a6f4b7af047b,empa,masfactory,news,https://pubs.rsc.org/en/content/articlehtml/2026/nr/d6nr90056a,leadership_expertise,legitimacy,2026-07-15 03:08:10.664013+00:00,,0.95,False,False
fdfbf546-b891-4c85-bc76-ba6a65cbba49,empa,masfactory,news,https://www.empa.ch/web/s205/quantum-magnetism,technological_advances,future_trajectory,2026-07-15 03:08:10.664013+00:00,,0.85,False,False
973b341a-d15c-49d5-90a5-80369f56f7de,gesda,masfactory,news,https://genevasolutions.news/science-tech/gesda-reveals-plans-for-geneva-quantum-hub-and-science-diplomacy-curriculum,educational_outreach,legitimacy,2026-07-15 03:08:10.664013+00:00,,0.9,False,False
cd951a82-019f-4ca5-afbb-4431fa8439e0,id-quantique,masfactory,news,https://www.idquantique.com/quantum-detection-systems/overview/,academic_partnerships,community_ecosystem,2026-07-15 03:08:10.664013+00:00,,0.9,False,False
4d00a23b-06b5-4d3a-9b4b-010d7d2bc221,id-quantique,masfactory,news,https://www.idquantique.com/quantum-detection-systems/products/,technological_advances,future_trajectory,2026-07-15 03:08:10.664013+00:00,,0.85,False,False
f4afddfb-10ed-454d-ab93-945349a702ac,id-quantique,masfactory,news,https://www.idquantique.com/quantum-safe-security/products/,technological_advances,future_trajectory,2026-07-15 03:08:10.664013+00:00,,0.85,False,False
cbe3c76e-9259-4cbd-b051-742f758fb52f,id-quantique,masfactory,news,https://www.unibw.de/muquanet/projekte/quantenkommunikationsinfrastruktur,collaborations_applications,customer_cocreation,2026-07-15 03:08:10.664013+00:00,,0.8,False,False
769cd328-bddb-42a7-9b14-a1e3b87d05a6,ligentec,masfactory,news,https://www.ligentec.com/ligentec-qpic1550-quantum-photonics/?srsltid=AfmBOoqqHC6jlNKE4LWmHa2F-tRPZQlFY7n_gx7iS-QR-_s2ZsU-bdNd,technological_advances,future_trajectory,2026-07-15 03:08:10.664013+00:00,,0.85,False,False
a4350388-6ebd-4513-877b-4ffd3bdd7c67,ligentec,masfactory,news,https://www.ligentec.com/about-us-2/news/ligentec-joins-swiss-quantum-hub/?srsltid=AfmBOorczR4ueAw_GvXUjkI-VM8tWE1hm7NuJ1nDWtaVMurpln1_D_c2,industry_partnerships,community_ecosystem,2026-07-15 03:08:10.664013+00:00,,0.85,False,False
cbf295cd-0311-4a5c-aa7e-e40fa2b3aab2,metas,masfactory,news,https://www.euramet.org/technical-committees/tc-em/tc-em-contacts/,regulatory_recognition,legitimacy,2026-07-15 03:08:10.664013+00:00,,0.8,False,False
11ae4304-9866-4f8d-b4d4-d7f9f4d0ace3,open-quantum-institute-cern,masfactory,news,https://www.classiq.io/insights/classiq-and-wolfram-join-cerns-open-quantum-institute-to-develop-quantum-optimization-for-smart-power-grids,industry_partnerships,community_ecosystem,2026-07-15 03:08:10.664013+00:00,,0.9,False,False
277824f3-d22d-4635-b358-08dbb2010dc5,psi,masfactory,website,https://www.psi.ch/de/lnq/qchub,academic_partnerships,community_ecosystem,2026-07-15 03:08:10.664013+00:00,,0.9,False,False
80ea01e1-4efa-4dee-b4c2-d44d8e67b418,psi,masfactory,website,https://www.psi.ch/en/news,educational_outreach,legitimacy,2026-07-15 03:08:10.664013+00:00,,0.9,False,False
04116f49-2aab-4f93-9ed2-da0b3e7277c0,qnami,masfactory,website,https://qnami.ch/,technological_advances,future_trajectory,2026-07-15 03:08:10.664013+00:00,,0.9,False,False
5707c7a5-6e29-496e-9ced-560b1f243cbb,qnami,masfactory,website,https://qnami.ch/,industry_partnerships,community_ecosystem,2026-07-15 03:08:10.664013+00:00,,0.9,False,False
8ca8a153-b2ef-4774-817f-52930a5ab18b,qnami,masfactory,website,https://qnami.ch/news/,industry_partnerships,community_ecosystem,2026-07-15 03:08:10.664013+00:00,,0.9,False,False
5bf3cf93-4b6b-4d2a-afa1-474d80a4e89f,qnami,masfactory,website,https://qnami.ch/news/,academic_partnerships,community_ecosystem,2026-07-15 03:08:10.664013+00:00,,0.9,False,False
d15d9eeb-c3ad-4356-83cf-1a1c126a0696,swiss-quantum-initiative,hermes,news,https://swissnex.org/news/swiss-quantum-strategy-released/,strategic_positioning,community_ecosystem,2026-07-15 05:03:58.920903+00:00,2026-03-04 00:00:00+00:00,0.85,False,False
9f0838e2-451c-4585-be16-a140fc3fd161,swiss-quantum-initiative,hermes,website,https://quantum.scnat.ch/en/news_and_events,pilot_announcement,customer_cocreation,2026-07-15 05:03:58.920903+00:00,2026-05-26 00:00:00+00:00,0.75,False,False
9a72a745-30b3-49e2-9502-ae38a8b098ec,swiss-quantum-initiative,hermes,arxiv,https://arxiv.org/abs/2603.13030,publication,legitimacy,2026-07-15 05:03:58.920903+00:00,2026-03-13 00:00:00+00:00,0.65,False,False
c9545894-186d-42d6-98c2-f2d08a414528,swiss-quantum-initiative,hermes,arxiv,https://arxiv.org/abs/2605.05347,publication,legitimacy,2026-07-15 05:03:58.920903+00:00,2026-05-06 00:00:00+00:00,0.65,False,False
65c59ba9-c2c7-4269-bac1-f8918a769601,swiss-quantum-initiative,hermes,website,https://swissquantumdays.ch/swiss-quantum-days-2026/,conference_organization,community_ecosystem,2026-07-15 05:03:58.920903+00:00,2026-01-28 00:00:00+00:00,0.75,False,False
51af6bbb-c022-4095-b8cf-1c88ccf9c549,swiss-quantum-initiative,hermes,website,https://quantum.scnat.ch/en/news_and_events,leadership_appointment,legitimacy,2026-07-15 05:03:58.920903+00:00,2026-07-07 00:00:00+00:00,0.8,False,False
0152b682-16d0-417a-86e0-97c863f519a9,swiss-quantum-initiative,hermes,news,https://www.swissphotonics.net/home?news_id=4564,funding_event,legitimacy,2026-07-15 05:03:58.920903+00:00,2026-05-27 00:00:00+00:00,0.8,False,False
9997268e-5944-4463-bd39-254cb31d4c23,basel-quantum-center,hermes,website,https://bqc.unibas.ch/en/network/swiss-quantum-initiative/,strategic_positioning,community_ecosystem,2026-07-15 05:09:04.724907+00:00,2026-02-02 00:00:00+00:00,0.8,True,False
a0786867-7dba-4903-8ac5-af4389c8c79a,basel-quantum-center,hermes,arxiv,https://arxiv.org/abs/2512.23606,publication,legitimacy,2026-07-15 05:09:04.724907+00:00,2025-12-29 00:00:00+00:00,0.9,False,False
6949b138-d8b3-40d1-ac9b-2ddd28baf32a,basel-quantum-center,hermes,website,https://swissquantumdays.ch/swiss-quantum-days-2026/,consortium_membership,community_ecosystem,2026-07-15 05:09:04.724907+00:00,2026-01-28 00:00:00+00:00,0.85,False,False
ba6f0312-b59a-4dc0-83f4-a8450ab7afe9,basel-quantum-center,hermes,arxiv,https://arxiv.org/abs/2506.20466,publication,legitimacy,2026-07-15 05:09:04.724907+00:00,2025-06-25 00:00:00+00:00,0.9,False,False
06f12150-6a5a-4d1f-bc7a-67b852647c5e,basel-quantum-center,hermes,website,https://physik.unibas.ch/en/news/details/acs-nano-impact-award-for-publication-on-controllable-quantum-effects/,award_recognition,legitimacy,2026-07-15 05:09:04.724907+00:00,2026-06-10 00:00:00+00:00,0.75,False,False
8256290a-293c-44d2-b4cc-3c1c55181369,basel-quantum-center,hermes,website,https://bqc.unibas.ch/en/news-events/,strategic_positioning,future_trajectory,2026-07-15 05:09:04.724907+00:00,2026-03-03 00:00:00+00:00,0.65,False,False
f98a78db-2822-46f4-b84b-d0c7ccb4a5d5,swiss-nanoscience-institute,hermes,website,https://www.nccr-spin.ch/events,consortium_membership,community_ecosystem,2026-07-15 05:11:45.893787+00:00,2025-09-10 00:00:00+00:00,0.65,False,False
12c5668a-ef63-4ffe-bdf2-25fca46d3ffd,swiss-nanoscience-institute,hermes,website,https://nanoscience.unibas.ch/de/news/details/acs-nano-impact-award-fuer-veroeffentlichung-ueber-steuerbare-quanteneffekte/,award,legitimacy,2026-07-15 05:11:45.893787+00:00,2026-06-09 00:00:00+00:00,0.85,False,False
dbc5ca38-1cc2-4ca7-818f-fe4738d19629,swiss-nanoscience-institute,hermes,website,https://physik.unibas.ch/en/news-events/news/,leadership_appointment,future_trajectory,2026-07-15 05:11:45.893787+00:00,2026-06-24 00:00:00+00:00,0.8,False,False
110db516-61f3-4332-8c48-8011dd8fcd5f,swiss-nanoscience-institute,hermes,website,https://www.nccr-spin.ch/events,conference_role,community_ecosystem,2026-07-15 05:11:45.893787+00:00,2026-07-13 00:00:00+00:00,0.6,False,False
e9a610b2-2d85-4a4b-8408-2b14fc84bef8,swiss-nanoscience-institute,hermes,website,https://nanoscience.unibas.ch/en/techtransfer/erfolgsgeschichten/,startup_funding,customer_cocreation,2026-07-15 05:11:45.893787+00:00,2025-11-10 00:00:00+00:00,0.65,False,False
120bd5c7-9a05-4b17-8c07-e6b587a1a497,swiss-nanoscience-institute,hermes,website,https://www.psi.ch/en/lnq/scientific-highlights,funding_event,future_trajectory,2026-07-15 05:11:45.893787+00:00,2025-09-08 00:00:00+00:00,0.7,True,False
aac7baf3-3138-4a9a-bfa3-cd5d76d1a3e6,hslu,hermes,website,https://www.hslu.ch/en/lucerne-school-of-information-technology/research/labs/applied-cyber-security/quantumlab/,research_infrastructure,legitimacy,2026-07-15 05:25:22.624889+00:00,,0.75,False,False
413da441-0988-407a-97de-df6d55e58d4f,switzerland-innovation-parks,hermes,website,https://www.switzerland-innovation.com,pilot_announcement,customer_cocreation,2026-07-15 05:27:36.198662+00:00,,0.5,False,False
afe1142f-b726-4ba5-b37b-02028f5ff1e1,switzerland-innovation-parks,hermes,website,https://www.switzerland-innovation.com,strategic_positioning,future_trajectory,2026-07-15 05:27:36.198662+00:00,,0.55,False,False
2b00c90b-9a85-440e-aa10-461400749530,switzerland-innovation-parks,hermes,website,https://www.switzerland-innovation.com,strategic_positioning,community_ecosystem,2026-07-15 05:27:36.198662+00:00,2025-09-11 00:00:00+00:00,0.6,False,False
a1ab9e86-1e50-4dd4-b17b-5de33d10c27c,switzerland-innovation-parks,hermes,website,https://www.switzerland-innovation.com,pilot_announcement,customer_cocreation,2026-07-15 05:27:36.198662+00:00,,0.5,False,False
376c24ad-2e67-4273-897e-f88d98540ee5,switzerland-innovation-parks,hermes,website,https://www.switzerland-innovation.com,consortium_membership,community_ecosystem,2026-07-15 05:27:36.198662+00:00,,0.55,False,False
2f2d5301-c469-43cc-8fcf-366f42d4ca0d,id-quantique,hermes,website,https://www.idquantique.com/category/press-releases/,certification,legitimacy,2026-07-15 05:35:50.921916+00:00,2026-03-03 00:00:00+00:00,0.8,False,False
91e7d9c9-9dc8-4f25-9ddc-8d84276d641b,id-quantique,hermes,website,https://www.idquantique.com/category/press-releases/,product_launch,future_trajectory,2026-07-15 05:35:50.921916+00:00,2026-06-17 00:00:00+00:00,0.75,False,False
5f3e7700-5e8e-464f-b070-d84f4bd4a241,id-quantique,hermes,website,https://www.idquantique.com/category/press-releases/,pilot_announcement,customer_cocreation,2026-07-15 05:35:50.921916+00:00,2026-02-27 00:00:00+00:00,0.75,False,False
a9e8873a-7971-4b21-8aae-f6eaa31d8809,basel-precision-instruments,hermes,website,https://www.baspi.ch,pilot_announcement,customer_cocreation,2026-07-15 05:40:37.405912+00:00,2026-02-15 00:00:00+00:00,0.75,False,False
c8a54b9f-434b-46f1-95c4-68e1c86072d8,basel-precision-instruments,hermes,website,https://www.baspi.ch,customer_testimonial,customer_cocreation,2026-07-15 05:40:37.405912+00:00,2025-10-15 00:00:00+00:00,0.7,False,False
d1dd5015-ac98-4ff1-acc6-564481faa582,basel-precision-instruments,hermes,website,https://www.baspi.ch,product_launch,future_trajectory,2026-07-15 05:40:37.405912+00:00,2026-03-15 00:00:00+00:00,0.65,False,False
ffe41e78-2d17-42b0-8e45-b2f164da55c8,basel-precision-instruments,hermes,website,https://www.baspi.ch,strategic_hiring,future_trajectory,2026-07-15 05:40:37.405912+00:00,2026-04-01 00:00:00+00:00,0.6,False,False
5f6dfb40-cb1a-4111-9309-7996aba7f478,basel-precision-instruments,hermes,website,https://www.baspi.ch,ecosystem_participation,community_ecosystem,2026-07-15 05:40:37.405912+00:00,2026-05-01 00:00:00+00:00,0.65,False,False
5f1bd229-0a3a-431f-98cc-15b4f2303467,basel-precision-instruments,hermes,website,https://www.baspi.ch,funding_event,legitimacy,2026-07-15 05:40:37.405912+00:00,2026-02-01 00:00:00+00:00,0.8,False,False
7448dbdd-b4f4-4320-9cff-320f5503afe1,basel-precision-instruments,hermes,website,https://www.baspi.ch,publication,legitimacy,2026-07-15 05:40:37.405912+00:00,2026-01-20 00:00:00+00:00,0.7,False,False
4e5f8169-c94c-4ccc-b493-f70964055e92,basel-precision-instruments,hermes,website,https://www.baspi.ch,strategic_partnership,community_ecosystem,2026-07-15 05:40:37.405912+00:00,2026-01-15 00:00:00+00:00,0.75,False,False
42c3226f-a827-4c21-aa86-adde32591fa6,miraex,hermes,website,https://www.miraex.com/,m_and_a,future_trajectory,2026-07-15 05:47:17.791935+00:00,2026-03-24 00:00:00+00:00,0.6,False,False
7a03515f-cb6a-4e63-8a90-42136b569223,miraex,hermes,website,https://www.miraex.com/news/q-modus-snsf-bridge-quantum-call/,grant_award,legitimacy,2026-07-15 05:47:17.791935+00:00,2026-04-07 00:00:00+00:00,0.7,False,False
b7779128-2f79-4345-b292-7119992c2dfd,gesda,masfactory,news,https://radar.gesda.global/,long_horizon_claims,future_trajectory,2026-07-16 02:57:30.589432+00:00,,0.85,True,False
1f43ee87-c83b-450b-939e-dad34402ca0d,gesda,masfactory,news,https://cds.cern.ch/record/2900689?ln=ja,educational_outreach,legitimacy,2026-07-16 02:57:30.589432+00:00,,0.9,False,False
45a4d057-0bee-47c7-8cc2-7cb41155bfcc,quantumbasel,masfactory,news,https://quantumbasel.com/jobs,leadership_expertise,legitimacy,2026-07-16 02:57:30.589432+00:00,,0.8,False,False
cbb6b214-e4b7-4262-9420-5ef65df0587f,quantumbasel,masfactory,news,https://www.dwavesys.com/company/newsroom/press-release/vinci-energies-and-quantumbasel-launch-a-pilot-project-with-d-wave-s-quantum-technology/,pilots_pocs,customer_cocreation,2026-07-16 02:57:30.589432+00:00,,0.95,False,False
1d8fbc56-6988-46b8-b793-9c959887c4a6,gesda,masfactory,news,https://genevasolutions.news/science-tech/gesda-reveals-plans-for-geneva-quantum-hub-and-science-diplomacy-curriculum,educational_outreach,legitimacy,2026-07-16 02:57:30.589432+00:00,,0.85,False,False
74593fd3-cc38-425e-8a24-f872bea183db,id-quantique,masfactory,news,https://en.wikipedia.org/wiki/ID_Quantique,testimonials,legitimacy,2026-07-16 02:57:30.589432+00:00,,0.65,False,False
47ec0e68-a35c-4a6c-be47-17c0384da567,zurich-instruments,masfactory,news,http://www.azom.com/news.aspx?newsID=62621,technological_advances,future_trajectory,2026-07-16 02:57:30.589432+00:00,,0.85,False,False
7eee9741-ce68-4cb5-9520-7c3f6a5c31ee,zurich-instruments,masfactory,news,http://www.azom.com/news.aspx?newsID=62663,industry_partnerships,community_ecosystem,2026-07-16 02:57:30.589432+00:00,,0.9,False,False
c12c8e21-ed55-49c9-bf62-a56011fd9f32,swiss-quantum-initiative,hermes,news,https://www.swissinfo.ch/eng/research-frontiers/strategy-urges-switzerland-to-create-international-quantum-technology-hub/91035319,strategic_positioning,legitimacy,2026-07-16 05:07:13.539012+00:00,2026-03-04 00:00:00+00:00,0.85,False,False
d029bec5-5b5e-4b40-9fbb-c40918b46511,swiss-quantum-initiative,hermes,news,https://www.mem-innovation.ch/elektroindustrie?tx_news_pi1%5Baction%5D=detail&tx_news_pi1%5Bcontroller%5D=News&tx_news_pi1%5Bnews%5D=8926&cHash=0ba308e74586170a6bbe1eb530fbe40b,funding_event,future_trajectory,2026-07-16 05:07:13.539012+00:00,2026-05-29 00:00:00+00:00,0.8,False,False
cf30b68f-a510-474a-9e23-6d362eaf832f,swiss-quantum-initiative,hermes,website,https://swissquantumdays.ch/wp-content/uploads/2026/01/SQD2026_Program-Booklet_online-version_28.01.26.pdf,conference_organization,community_ecosystem,2026-07-16 05:07:13.539012+00:00,2026-01-28 00:00:00+00:00,0.7,False,False
a9f6ee8b-75a0-4d6d-b0b9-c310f68321f7,swiss-quantum-initiative,hermes,news,https://postquantum.com/industry-news/switzerland-quantum-strategy/,third_party_analysis,community_ecosystem,2026-07-16 05:07:13.539012+00:00,2026-03-04 00:00:00+00:00,0.6,False,False
490f5b13-0c5c-452a-ba35-85b8051bc0ab,swiss-quantum-initiative,hermes,website,https://quantum.scnat.ch/en/news_and_events,technological_advances,future_trajectory,2026-07-16 05:07:13.539012+00:00,2026-05-26 00:00:00+00:00,0.7,False,False
0426fed6-59f1-4358-bd63-cd0d7898fb91,swiss-quantum-initiative,hermes,arxiv,https://arxiv.org/abs/2607.12044,publication,legitimacy,2026-07-16 05:07:13.539012+00:00,2026-07-13 00:00:00+00:00,0.75,False,False
ab13928a-41c6-4062-bc16-4f851e37a540,swiss-quantum-initiative,hermes,arxiv,https://arxiv.org/abs/2605.05347,publication,legitimacy,2026-07-16 05:07:13.539012+00:00,2026-05-06 00:00:00+00:00,0.75,False,False
3b700327-17c1-413f-acb3-979ecead1aa0,swiss-quantum-initiative,hermes,website,https://swissnex.org/our-impact/quantum/quantum-week-2026/,ecosystem_event,community_ecosystem,2026-07-16 05:07:13.539012+00:00,2026-07-01 00:00:00+00:00,0.75,False,False
66ab271e-804f-44c6-b50b-fb219842a9b9,metas,hermes,website,https://swissnex.org/app/uploads/2025/10/Switzerland_Hub_Quantum_Oct2025_web.pdf,strategic_positioning,community_ecosystem,2026-07-16 05:10:23.045781+00:00,2025-10-01 00:00:00+00:00,0.6,False,False
daa7367e-df27-444e-9481-b282435b82c1,metas,hermes,website,https://www.metas.ch/metas/en/home/fue/quantenkompetenzzentrum.html,strategic_positioning,future_trajectory,2026-07-16 05:10:23.045781+00:00,2026-05-13 00:00:00+00:00,0.85,False,False
2b486a85-36bb-46a9-b3a3-6cace56a59e3,metas,hermes,news,https://ggba.swiss/en/switzerlands-guardian-of-measurement-steps-into-the-quantum-era/,strategic_positioning,community_ecosystem,2026-07-16 05:10:23.045781+00:00,2026-05-27 00:00:00+00:00,0.8,False,False
b254b72b-5e62-40bb-8fa7-d5e917b5fac0,metas,hermes,news,https://ggba.swiss/en/top-stories-from-western-switzerland-may-2026/,strategic_positioning,community_ecosystem,2026-07-16 05:10:23.045781+00:00,2026-05-27 00:00:00+00:00,0.75,False,False
6be4895c-7caf-47bb-b980-69e43069e28a,metas,hermes,website,https://www.metas.ch/metas/en/home/metas/institut/strategie_metas.html,strategic_positioning,future_trajectory,2026-07-16 05:10:23.045781+00:00,2026-03-13 00:00:00+00:00,0.8,False,False
1cbb3001-6661-4aaa-8035-d2d24069bfcb,metas,hermes,website,https://www.metas.ch/metas/en/home/fue/forschungsprojekte.html,funding_event,legitimacy,2026-07-16 05:10:23.045781+00:00,2025-11-10 00:00:00+00:00,0.8,False,False
d10d556f-10fa-437b-9816-d60f83a47dbc,metas,hermes,arxiv,https://arxiv.org/abs/2603.10553,publication,legitimacy,2026-07-16 05:10:23.045781+00:00,2026-03-13 00:00:00+00:00,0.9,False,False
a9bbe183-6678-4eb1-8f94-a294e9910c58,metas,hermes,arxiv,https://arxiv.org/abs/2603.09098,publication,legitimacy,2026-07-16 05:10:23.045781+00:00,2026-03-12 00:00:00+00:00,0.9,False,False
0d15277a-8aa3-47e3-9e69-6a08d4b745e8,metas,hermes,website,https://www.esdi.ch/quantum-2/,consortium_membership,community_ecosystem,2026-07-16 05:10:23.045781+00:00,2026-01-01 00:00:00+00:00,0.7,False,False
24e8a453-ba1a-4845-ba8a-0a756c29f779,metas,hermes,website,https://www.metas.ch/metas/en/home/dok/publikationen/diereferenz.html,publication,legitimacy,2026-07-16 05:10:23.045781+00:00,2026-04-29 00:00:00+00:00,0.75,False,False
c443963c-7af8-4dff-bba2-95dea26a0892,metas,hermes,website,https://www.euramet.org/research-innovation/search-research-projects/details/project/quantum-anomalous-hall-effect-materials-and-devices-for-metrology,consortium_membership,community_ecosystem,2026-07-16 05:10:23.045781+00:00,2025-09-01 00:00:00+00:00,0.65,False,False
acfc0da3-b848-45ed-abc9-4f359036e487,eth-zurich-quantum-center,hermes,website,https://www.phys.ethz.ch/news-and-events/d-phys-news/2026/06/securing-research-grants-to-break-new-ground.html,funding_event,legitimacy,2026-07-16 05:11:56.433981+00:00,2026-06-22 00:00:00+00:00,0.8,True,False
4f16fce0-aba5-4983-a0d0-499f0f370123,eth-zurich-quantum-center,hermes,website,https://swissquantumdays.ch/swiss-quantum-days-2026/,conference_organization,community_ecosystem,2026-07-16 05:11:56.433981+00:00,2026-01-28 00:00:00+00:00,0.7,False,False
8a219b6b-43c1-4ccf-afc3-f88377dda9b9,eth-zurich-quantum-center,hermes,arxiv,https://arxiv.org/html/2606.02440v1,publication,legitimacy,2026-07-16 05:11:56.433981+00:00,2026-06-01 00:00:00+00:00,0.65,True,False
89a33e8e-6b02-4c3e-8718-455c42ac8540,eth-zurich-quantum-center,hermes,website,https://www.nature.com/articles/s41586-026-10285-1,publication,legitimacy,2026-07-16 05:11:56.433981+00:00,2026-04-08 00:00:00+00:00,0.9,False,False
420a76a5-a8d8-4028-921b-bf8d312fd078,eth-zurich-quantum-center,hermes,news,https://newsroom.ibm.com/2026-03-31-IBM-and-ETH-Zurich-join-forces-to-shape-the-future-of-algorithms-for-the-AI-and-quantum-era,partnership_announcement,customer_cocreation,2026-07-16 05:11:56.433981+00:00,2026-03-31 00:00:00+00:00,0.9,True,False
c6c6f8d7-952b-4c71-a376-636b95fbc9e0,eth-zurich-quantum-center,hermes,website,https://ee.ethz.ch/news-and-events/d-itet-news-channel/2026/05/bright-minds-happy-faces-record-attendance-at-eth-quantum-hackathon-2026.html,community_event,community_ecosystem,2026-07-16 05:11:56.433981+00:00,2026-05-12 00:00:00+00:00,0.85,False,False
fa515f88-cc34-4da6-a858-bf8223fe4c52,eth-zurich-quantum-center,hermes,website,https://ethz.ch/en/news-and-events/eth-news/news/2026/04/a-new-trick-brings-stability-to-quantum-operations.html,publication,legitimacy,2026-07-16 05:11:56.433981+00:00,2026-04-08 00:00:00+00:00,0.85,False,False
7f058c46-9635-4a47-88b8-9335ee0e2bcc,eth-zurich-quantum-center,hermes,website,https://ethz.ch/en/news-and-events/eth-news/news/2026/06/twelve-top-research-projects-win-millions-in-european-funding.html,funding_event,legitimacy,2026-07-16 05:11:56.433981+00:00,2026-06-23 00:00:00+00:00,0.8,False,False
b3b6c066-09b3-4848-b9a9-9235a5b91c00,eth-zurich-quantum-center,hermes,website,https://qc.ethz.ch/news-events/conferences---symposia/quantum-center-retreat/qc-retreat2026.html,community_event,community_ecosystem,2026-07-16 05:11:56.433981+00:00,2026-06-30 00:00:00+00:00,0.75,True,False
972a43dc-f428-4e93-a922-565196d67625,eth-zurich-quantum-center,hermes,website,https://qc.ethz.ch/news-events/conferences---symposia/quantum-industry-day.html,industry_event,community_ecosystem,2026-07-16 05:11:56.433981+00:00,2026-10-13 00:00:00+00:00,0.75,False,False
1afe7943-3a27-4b99-b25b-823786fe314a,swiss-nanoscience-institute,hermes,website,https://nanoscience.unibas.ch/en/techtransfer/erfolgsgeschichten/,spinout_funding,future_trajectory,2026-07-16 05:14:55.950969+00:00,2025-11-10 00:00:00+00:00,0.8,False,False
f33686f6-3649-48f8-aa40-87df5b5131a7,swiss-nanoscience-institute,hermes,arxiv,https://quantum-journal.org/papers/q-2026-06-19-2143/,publication,legitimacy,2026-07-16 05:14:55.950969+00:00,2026-06-19 00:00:00+00:00,0.8,False,False
40cb73c1-3931-499a-8297-e0f77b492edf,swiss-nanoscience-institute,hermes,website,https://www.psi.ch/en/lnq/scientific-highlights,funding_event,future_trajectory,2026-07-16 05:14:55.950969+00:00,2025-09-08 00:00:00+00:00,0.75,False,False
1ae9562d-17c1-48fb-b535-7d100b694745,swiss-nanoscience-institute,hermes,news,https://www.youtube.com/watch?v=ZE5pYFDzt9s,strategic_positioning,community_ecosystem,2026-07-16 05:14:55.950969+00:00,2025-04-13 00:00:00+00:00,0.7,False,False
e0b4b9c3-523f-4cf1-8ca7-3bc214211429,swiss-nanoscience-institute,hermes,arxiv,https://arxiv.org/abs/2510.09251,publication,legitimacy,2026-07-16 05:14:55.950969+00:00,2025-10-10 00:00:00+00:00,0.75,False,False
8742b503-7ae3-4d90-bd73-474f446bde9d,swiss-nanoscience-institute,hermes,website,https://nanoscience.unibas.ch/en/outreach/veranstaltungen/,ecosystem_event,community_ecosystem,2026-07-16 05:14:55.950969+00:00,2026-04-30 00:00:00+00:00,0.8,False,False
55806aca-463c-445b-89ed-65def36b633d,swiss-nanoscience-institute,hermes,website,https://nanoscience.unibas.ch/en/news/details/acs-nano-impact-award-fuer-veroeffentlichung-ueber-steuerbare-quanteneffekte/,award_accreditation,legitimacy,2026-07-16 05:14:55.950969+00:00,2026-06-09 00:00:00+00:00,0.85,False,False
2fd40465-e95e-42c1-90c0-b8a5546bc8f9,swiss-nanoscience-institute,hermes,arxiv,https://arxiv.org/abs/2606.28762,publication,legitimacy,2026-07-16 05:14:55.950969+00:00,2026-06-27 00:00:00+00:00,0.9,True,False
1719d3bf-524b-4575-b37d-58941e33da76,swiss-nanoscience-institute,hermes,arxiv,https://arxiv.org/abs/2511.01027,publication,legitimacy,2026-07-16 05:14:55.950969+00:00,2025-11-02 00:00:00+00:00,0.85,False,False
dd7cde53-9f0e-4949-93eb-49456929b0b5,swiss-nanoscience-institute,hermes,arxiv,https://arxiv.org/abs/2602.21896,publication,legitimacy,2026-07-16 05:14:55.950969+00:00,2026-02-25 00:00:00+00:00,0.85,False,False
083920d7-dcce-4955-9dc4-f565af514299,swiss-nanoscience-institute,hermes,arxiv,https://arxiv.org/abs/2602.06744,publication,legitimacy,2026-07-16 05:14:55.950969+00:00,2026-02-06 00:00:00+00:00,0.85,False,False
f2a72054-4d69-4093-93e4-6b3432bb3765,epfl-qse,hermes,website,https://www.epfl.ch/research/domains/quantum-center/center-for-quantum-science-and-engineering/news/,leadership_appointment,legitimacy,2026-07-16 05:17:31.985827+00:00,2026-06-01 00:00:00+00:00,0.65,False,False
dc7a434c-7423-4c31-831d-f5e494d20ba8,epfl-qse,hermes,website,https://actu.epfl.ch/news/gregor-jotzu-named-cifar-global-scholar/,prestigious_award,legitimacy,2026-07-16 05:17:31.985827+00:00,2026-05-21 00:00:00+00:00,0.8,False,False
d7b10bed-ce5e-40a8-bd25-9319109090fc,epfl-qse,hermes,website,https://actu.epfl.ch/news/how-proximity-steals-energy-from-nanoresonators/,publication,legitimacy,2026-07-16 05:17:31.985827+00:00,2026-07-07 00:00:00+00:00,0.85,True,False
eb776721-f414-4585-a2d7-2de252c74599,epfl-qse,hermes,website,https://www.epfl.ch/research/domains/quantum-center/center-for-quantum-science-and-engineering/news/,platform_launch,community_ecosystem,2026-07-16 05:17:31.985827+00:00,2026-05-29 00:00:00+00:00,0.7,False,False
06be1dbf-b1e8-4b2c-890f-44a63cf8cbc4,epfl-qse,hermes,website,https://actu.epfl.ch/news/quantum-and-molecular-plumbing-2/,research_highlight,legitimacy,2026-07-16 05:17:31.985827+00:00,2026-06-22 00:00:00+00:00,0.75,False,False
901f81ca-4def-4c85-bc25-5f7f943dede7,epfl-qse,hermes,website,https://actu.epfl.ch/news/a-ultrafast-laser-on-a-chip/,publication,legitimacy,2026-07-16 05:17:31.985827+00:00,2026-06-04 00:00:00+00:00,0.85,False,False
141067ff-35dc-4d90-a702-519c8baa58c8,fhnw,hermes,website,https://www.fhnw.ch/de/technik-umwelt/aktuelles/news-storys/alle/quantentechnologie-bridge-quantum-projekte,funding_event,legitimacy,2026-07-16 05:27:30.004086+00:00,2026-04-21 00:00:00+00:00,0.85,False,False
d2bc92cc-2f6e-4878-ba04-94065a7774a7,fhnw,hermes,website,https://digitaltrust-competence.ch/education/introduction-to-quantum-technologies-and-the-swiss-ecosystem/,education_outreach,community_ecosystem,2026-07-16 05:27:30.004086+00:00,2026-05-22 00:00:00+00:00,0.75,False,False
e9b24b51-58e0-4fb4-b0d5-277f86c8fe09,quantumbasel,hermes,website,https://quantumbasel.com/blog/,thought_leadership,legitimacy,2026-07-16 05:33:18.593657+00:00,2026-03-18 00:00:00+00:00,0.6,False,False
306f3eb2-c38c-4201-b651-f6530cf1b870,quantumbasel,hermes,website,https://quantumbasel.com/press-news/,pilot_announcement,customer_cocreation,2026-07-16 05:33:18.593657+00:00,2026-03-16 00:00:00+00:00,0.7,False,False
5903943e-1e60-4718-a560-8d4d986c01d9,quantumbasel,hermes,website,https://quantumbasel.com/press-news/,consortium_membership,community_ecosystem,2026-07-16 05:33:18.593657+00:00,2026-01-07 00:00:00+00:00,0.65,False,False
6038f6fb-e56f-4552-abca-48e0745f2660,quantumbasel,hermes,website,https://quantumbasel.com/blog/,talent_development,future_trajectory,2026-07-16 05:33:18.593657+00:00,2026-05-15 00:00:00+00:00,0.75,False,False
8a877879-96e1-4cc8-8c37-72fd7efcf946,zurich-instruments,hermes,news,https://www.eenewseurope.com/en/white_papers/leveraging-open-platforms-for-scalable-quantum-computing-control-systems/,strategic_positioning,future_trajectory,2026-07-16 05:46:29.311839+00:00,2024-07-01 00:00:00+00:00,0.5,False,False
56aec2fe-c3de-484a-baab-40c4101c035e,zurich-instruments,hermes,news,http://www.azom.com/news.aspx?newsID=62621,product_launch,future_trajectory,2026-07-16 05:46:29.311839+00:00,2024-02-29 00:00:00+00:00,0.55,False,False
b36e89f7-f0a7-4a22-ae8f-eebf06cc83cd,zurich-instruments,hermes,website,https://www.zhinst.com/others/ko/company/projects-partners,consortium_membership,community_ecosystem,2026-07-16 05:46:29.311839+00:00,,0.65,True,False
f38ea003-0a13-460f-a968-52f25bf44455,zurich-instruments,hermes,news,http://www.azom.com/news.aspx?newsID=62663,partnership_announcement,community_ecosystem,2026-07-16 05:46:29.311839+00:00,2024-03-07 00:00:00+00:00,0.55,False,False
c88916c3-786f-4737-968d-70f892f5da10,zurich-instruments,hermes,website,https://www.zhinst.com/others/ko/company/projects-partners,consortium_membership,community_ecosystem,2026-07-16 05:46:29.311839+00:00,,0.6,True,False
947134c6-6786-444c-80e0-ca911ebb7d28,basel-precision-instruments,hermes,website,https://www.baspi.ch/,customer_testimonial,customer_cocreation,2026-07-16 05:51:22.794386+00:00,2025-07-16 00:00:00+00:00,0.85,False,False
2a3e49d5-7585-46da-bbad-5dbf559f1284,basel-precision-instruments,hermes,website,https://www.baspi.ch/,partnership_announcement,customer_cocreation,2026-07-16 05:51:22.794386+00:00,2025-07-16 00:00:00+00:00,0.85,False,False
11577e26-0f0d-4a13-bc19-7144628433cf,basel-precision-instruments,hermes,website,https://www.baspi.ch/,funding_event,legitimacy,2026-07-16 05:51:22.794386+00:00,2025-07-16 00:00:00+00:00,0.85,False,False
97d3c5c8-58fc-436b-be2c-785357d6d5af,basel-precision-instruments,hermes,website,https://www.baspi.ch/,conference_participation,community_ecosystem,2026-07-16 05:51:22.794386+00:00,2025-07-16 00:00:00+00:00,0.8,False,False
f2201909-210e-4af4-8bcd-efe1fd508ff0,basel-precision-instruments,hermes,website,https://www.baspi.ch/,conference_participation,community_ecosystem,2026-07-16 05:51:22.794386+00:00,2026-03-01 00:00:00+00:00,0.8,False,False
7e65412f-d037-45a7-be4c-089b6ffce674,basel-precision-instruments,hermes,website,https://www.baspi.ch/,leadership_recognition,legitimacy,2026-07-16 05:51:22.794386+00:00,2026-01-15 00:00:00+00:00,0.8,False,False
4b64e632-551a-4bab-9f74-944126eed021,basel-precision-instruments,hermes,website,https://www.baspi.ch/,ecosystem_event_participation,community_ecosystem,2026-07-16 05:51:22.794386+00:00,2025-11-01 00:00:00+00:00,0.8,False,False
720466ce-6dc5-4a44-a095-2fc0ce8b626a,basel-precision-instruments,hermes,website,https://www.baspi.ch/,conference_participation,community_ecosystem,2026-07-16 05:51:22.794386+00:00,2025-08-01 00:00:00+00:00,0.8,False,False
289b01e3-77ce-4c1d-89ca-311dac30e036,basel-precision-instruments,hermes,website,https://www.baspi.ch/,leadership_visibility,community_ecosystem,2026-07-16 05:51:22.794386+00:00,2025-09-01 00:00:00+00:00,0.8,False,False
03eb2181-0321-42b3-b1c2-ac6cb5961c03,basel-precision-instruments,hermes,website,https://www.baspi.ch/,publication_enablement,customer_cocreation,2026-07-16 05:51:22.794386+00:00,2025-07-16 00:00:00+00:00,0.9,False,False
fe60deef-befd-4f18-9176-53101afa5383,basel-precision-instruments,hermes,website,https://www.baspi.ch/publications,publication_enablement,customer_cocreation,2026-07-16 05:51:22.794386+00:00,2026-01-01 00:00:00+00:00,0.85,False,False
35d82da9-0f54-40ac-8f14-5d07da20e379,basel-precision-instruments,hermes,website,https://www.baspi.ch/publications,publication_enablement,customer_cocreation,2026-07-16 05:51:22.794386+00:00,2026-03-03 00:00:00+00:00,0.85,False,False
f6b5598c-ef25-4df1-a35a-afc0ea069812,basel-precision-instruments,hermes,website,https://www.baspi.ch/,stakeholder_engagement,community_ecosystem,2026-07-16 05:51:22.794386+00:00,2025-07-16 00:00:00+00:00,0.8,False,False
affa0cba-3cbf-4dec-b9e6-c214082467b5,basel-precision-instruments,hermes,website,https://www.baspi.ch/,product_launch,future_trajectory,2026-07-16 05:51:22.794386+00:00,2025-07-16 00:00:00+00:00,0.8,False,False
a8ef6410-e3e1-4ecf-b2b1-454c897e16bc,basel-precision-instruments,hermes,website,https://www.baspi.ch/,hiring_expansion,future_trajectory,2026-07-16 05:51:22.794386+00:00,2025-07-16 00:00:00+00:00,0.8,False,False
b7952f64-7312-4828-b519-9456e3a59ca8,basel-precision-instruments,hermes,website,https://www.baspi.ch/,product_integration,customer_cocreation,2026-07-16 05:51:22.794386+00:00,2025-07-16 00:00:00+00:00,0.85,False,False
1c92e100-520d-47e4-bf15-49d27b272f6b,basel-precision-instruments,hermes,website,https://www.baspi.ch/,ecosystem_event_participation,community_ecosystem,2026-07-16 05:51:22.794386+00:00,2026-06-01 00:00:00+00:00,0.8,False,False
83888232-7b8f-4226-8ad2-82a80839e622,swissphotonics,hermes,website,https://www.swissphotonics.net,strategic_positioning,community_ecosystem,2026-07-16 05:53:23.355113+00:00,2026-03-01 00:00:00+00:00,0.4,False,False
6b42d66d-3048-4c1c-883b-b58da381d91b,swissphotonics,hermes,website,https://www.swissphotonics.net,funding_event,legitimacy,2026-07-16 05:53:23.355113+00:00,2026-02-01 00:00:00+00:00,0.4,False,False
8f455fd0-0a49-4f42-8f5b-4abe1a6dc0e8,swissphotonics,hermes,website,https://www.swissphotonics.net,certification,legitimacy,2026-07-16 05:53:23.355113+00:00,2026-02-15 00:00:00+00:00,0.35,False,False
d4733471-1005-4518-8e0c-eb91ce8cb44b,swissphotonics,hermes,website,https://www.swissphotonics.net,ecosystem_event,community_ecosystem,2026-07-16 05:53:23.355113+00:00,2026-10-21 00:00:00+00:00,0.5,False,False
572bd26b-43e2-4474-84ee-d25e70103c7e,ionq,hermes,website,https://investors.ionq.com/news/news-details/2026/IonQ-Announces-First-Quarter-2026-Financial-Results/default.aspx,funding_event,future_trajectory,2026-07-16 05:59:17.656214+00:00,2026-05-06 00:00:00+00:00,0.9,True,False
3f9c6f38-875b-4493-96d4-27159d39eee7,ionq,hermes,website,https://investors.ionq.com/news/news-details/2026/IonQ-Launches-Commercial-InSAR-Capability-Enabling-Automated-Millimeter-Scale-Earth-Monitoring/default.aspx,product_launch,customer_cocreation,2026-07-16 05:59:17.656214+00:00,2026-05-04 00:00:00+00:00,0.9,True,True
6c7599f2-509f-4103-ad20-ad3468484a0b,ionq,hermes,website,https://investors.ionq.com/news/news-details/2026/IonQ-and-Florida-LambdaRail-Launch-First-Statewide-Quantum-Safe-Network-Initiative-in-United-States/default.aspx,consortium_membership,community_ecosystem,2026-07-16 05:59:17.656214+00:00,2026-04-27 00:00:00+00:00,0.9,False,False
c76ce453-7a89-400e-ad26-3a79393f0790,ionq,hermes,website,https://investors.ionq.com/news/news-details/2026/IonQ-Achieves-Key-Photonic-Interconnect-Milestone-Demonstrating-Networked-Quantum-Systems-Using-Entanglement/default.aspx,technological_advances,future_trajectory,2026-07-16 05:59:17.656214+00:00,2026-04-14 00:00:00+00:00,0.9,True,False
de5afbd0-df8c-4c94-b87a-c312ad766eac,ionq,hermes,website,https://investors.ionq.com/news/news-details/2026/IonQ-Selected-for-DARPAs-Heterogeneous-Architectures-for-Quantum-HARQ-Program/default.aspx,consortium_funding,customer_cocreation,2026-07-16 05:59:17.656214+00:00,2026-04-14 00:00:00+00:00,0.9,True,False
2fbe8b00-e546-4d14-8646-3f73b13f6b1f,ionq,hermes,website,https://ionq.com/news,ecosystem_initiative,community_ecosystem,2026-07-16 05:59:17.656214+00:00,2026-03-18 00:00:00+00:00,0.55,False,False
4dd9389d-9294-4fb2-96ff-2e5d88ec31f4,ionq,hermes,website,https://investors.ionq.com/news/news-details/2026/IonQ-and-University-of-Maryland-Expand-QLab-Collaboration-to-Advance-Quantum-Networking-and-Research/default.aspx,research_partnership,community_ecosystem,2026-07-16 05:59:17.656214+00:00,2026-04-13 00:00:00+00:00,0.9,True,False
2cc086b6-9812-4e7f-82c0-cb2960b4da5c,ionq,hermes,news,https://en.wikipedia.org/wiki/SkyWater_Technology,merger_acquisition,future_trajectory,2026-07-16 05:59:17.656214+00:00,2026-01-26 00:00:00+00:00,0.6,False,False
a90f9a15-d4e2-4dea-8bdf-4a685639f850,ionq,hermes,website,https://investors.ionq.com/news/news-details/2026/IonQ-Introduces-Clavis-XG-Multiplex-Making-Quantum-Security-Deployable-at-Scale-in-Metro-Networks/default.aspx,product_launch,customer_cocreation,2026-07-16 05:59:17.656214+00:00,2026-06-17 00:00:00+00:00,0.9,False,False
559843e1-383e-429b-b516-f4f48067c2f4,ionq,hermes,website,https://ionq.com/news,facility_opening,future_trajectory,2026-07-16 05:59:17.656214+00:00,2026-05-12 00:00:00+00:00,0.55,False,False
f1496d4e-311c-4903-b19b-86d8122adf38,ligentec,hermes,website,https://www.ligentec.com/news,award_recognition,legitimacy,2026-07-16 06:02:22.937192+00:00,2026-02-01 00:00:00+00:00,0.65,False,False
edaa386a-3863-4c5e-889a-f86f05d0d3b7,ligentec,hermes,website,https://www.ligentec.com/news,strategic_partnership,community_ecosystem,2026-07-16 06:02:22.937192+00:00,2026-01-01 00:00:00+00:00,0.65,True,False
0a506efe-cf5e-4f7a-b7ed-ae2e501731a5,swissnex,hermes,website,https://swissnex.org/quantum,strategic_positioning,community_ecosystem,2026-07-16 06:10:38.719450+00:00,2026-03-06 00:00:00+00:00,0.75,False,False
373e307a-64e9-42c0-9a2b-5dc466622bd5,geneva-quantum-centre,masfactory,news,https://www.unige.ch/gap/qic/qtech/news/2022/09,educational_outreach,legitimacy,2026-07-17 03:03:53.298391+00:00,,0.8,False,False
a442e6b2-d29b-427c-8b29-e39f70396b40,quantumbasel,masfactory,news,https://ionq.com/news/ionq-and-quantumbasel-partner-to-achieve-future-quantum-advantages-with,industry_partnerships,community_ecosystem,2026-07-17 03:03:53.298391+00:00,,0.85,False,False
75fbc361-90ed-4943-9baf-d1e6d2f8e0a7,basel-quantum-center,masfactory,news,https://bqc.unibas.ch/en/network/qc2-center/,technological_advances,future_trajectory,2026-07-17 03:03:53.298391+00:00,,0.85,False,False
07e52909-9fb2-4e16-842a-da36b424e193,eth-zurich-quantum-center,masfactory,news,https://qc.ethz.ch/,educational_outreach,legitimacy,2026-07-17 03:03:53.298391+00:00,,0.8,False,False
6ec5170d-6025-43c2-ae88-651d889d4526,quantumbasel,masfactory,news,https://www.dwavesys.com/company/newsroom/press-release/vinci-energies-and-quantumbasel-launch-a-pilot-project-with-d-wave-s-quantum-technology/,pilots_pocs,customer_cocreation,2026-07-17 03:03:53.298391+00:00,,0.9,False,False
9745e735-99da-4a02-a77e-63ca2fefef6e,swiss-quantum-initiative,hermes,news,https://swissnex.org/news/swiss-quantum-strategy-released/,strategic_positioning,community_ecosystem,2026-07-17 05:05:13.359555+00:00,2026-03-06 00:00:00+00:00,0.75,False,False
585a7cc9-5289-4d28-a1f3-a62f36cd28ba,swiss-quantum-initiative,hermes,news,https://www.swissinfo.ch/eng/research-frontiers/strategy-urges-switzerland-to-create-international-quantum-technology-hub/91035319,strategic_positioning,future_trajectory,2026-07-17 05:05:13.359555+00:00,2026-03-04 00:00:00+00:00,0.85,False,False
c7816675-375d-478f-a5f1-e4985ab245ab,swiss-quantum-initiative,hermes,website,https://quantum.scnat.ch/en/news_and_events,funding_event,future_trajectory,2026-07-17 05:05:13.359555+00:00,2026-05-26 00:00:00+00:00,0.8,False,False
93c21386-ce7a-4527-a1a4-8a48cd43e723,swiss-quantum-initiative,hermes,website,https://quantum.scnat.ch/en/news_and_events,pilot_announcement,customer_cocreation,2026-07-17 05:05:13.359555+00:00,2026-04-10 00:00:00+00:00,0.7,False,False
f6986c02-c6c2-4648-9b48-1c68f9c848a1,swiss-quantum-initiative,hermes,website,https://quantum.scnat.ch/en/news_and_events,conference_event,community_ecosystem,2026-07-17 05:05:13.359555+00:00,2026-03-08 00:00:00+00:00,0.65,False,False
0629fbb6-dcf0-4eec-b55e-04e67f4509b7,eth-zurich-quantum-center,hermes,arxiv,https://arxiv.org/html/2606.02440v1,publication,legitimacy,2026-07-17 05:08:54.177642+00:00,2026-06-01 00:00:00+00:00,0.8,False,False
21405ed2-06c5-48c4-83b2-e94298a9a3a4,eth-zurich-quantum-center,hermes,arxiv,https://arxiv.org/html/2607.08585v1,publication,legitimacy,2026-07-17 05:08:54.177642+00:00,2026-07-09 00:00:00+00:00,0.8,False,False
f05b885d-afe4-416c-8eb1-2dfcc6b6053c,eth-zurich-quantum-center,hermes,news,https://quantumzeitgeist.com/eth-zurich-quantum-computing-qubit-surgery/,publication,legitimacy,2026-07-17 05:08:54.177642+00:00,2026-01-30 00:00:00+00:00,0.75,False,False
dcab9140-e558-47e2-86dd-4f2a719d255b,eth-zurich-quantum-center,hermes,website,https://www.phys.ethz.ch/news-and-events/d-phys-news/2026/05/best-of-two-worlds-superconducting-qubits-and-mechanical-resonators-for-quantum-computing.html,publication,legitimacy,2026-07-17 05:08:54.177642+00:00,2026-05-28 00:00:00+00:00,0.85,True,False
3a7b1e78-79b3-48f2-a298-526cf0d38e41,eth-zurich-quantum-center,hermes,website,https://ethz.ch/en/news-and-events/eth-news/news/2026/04/a-new-trick-brings-stability-to-quantum-operations.html,publication,legitimacy,2026-07-17 05:08:54.177642+00:00,2026-04-08 00:00:00+00:00,0.85,False,False
fe639c6d-d85d-4fad-a180-44a6fa49e531,eth-zurich-quantum-center,hermes,news,https://newsroom.ibm.com/2026-03-31-IBM-and-ETH-Zurich-join-forces-to-shape-the-future-of-algorithms-for-the-AI-and-quantum-era,strategic_partnership,customer_cocreation,2026-07-17 05:08:54.177642+00:00,2026-03-31 00:00:00+00:00,0.9,True,False
e14b0fa0-6f6d-4a30-a326-05ab6d8c2da3,eth-zurich-quantum-center,hermes,website,https://ethz.ch/en/news-and-events/eth-news/news/2026/06/twelve-top-research-projects-win-millions-in-european-funding.html,funding_event,legitimacy,2026-07-17 05:08:54.177642+00:00,2026-06-23 00:00:00+00:00,0.85,False,False
d3c43202-518b-4564-904f-c0719bedc196,eth-zurich-quantum-center,hermes,website,https://www.phys.ethz.ch/news-and-events/d-phys-news/2026/06/securing-research-grants-to-break-new-ground.html,funding_event,legitimacy,2026-07-17 05:08:54.177642+00:00,2026-06-22 00:00:00+00:00,0.8,False,False
bc236809-f13c-4b1f-ad96-1331147ad054,eth-zurich-quantum-center,hermes,website,https://qc.ethz.ch/news-events/conferences---symposia/quantum-center-retreat/qc-retreat2026.html,community_event,community_ecosystem,2026-07-17 05:08:54.177642+00:00,2026-06-30 00:00:00+00:00,0.9,False,False
ec39bc04-3994-4bf9-9e45-6cb23bfcc3e5,eth-zurich-quantum-center,hermes,website,https://qc.ethz.ch/news-events/conferences---symposia/quantum-industry-day.html,consortium_membership,community_ecosystem,2026-07-17 05:08:54.177642+00:00,2026-10-13 00:00:00+00:00,0.9,False,False
cca363d9-08c5-4e7a-a688-d4f19da2f77f,basel-quantum-center,hermes,website,https://www.unibas.ch/en/News-Events/News/Uni-Research/University-of-Basel-takes-co-lead-role-in-NCCR-Precision.html,leadership_appointment,legitimacy,2026-07-17 05:13:12.092890+00:00,2026-01-30 00:00:00+00:00,0.8,False,False
834bd566-2fa9-4b17-9313-0fa11f7f53dd,basel-quantum-center,hermes,website,https://bqc.unibas.ch/en/research/highlights/,conference_presence,community_ecosystem,2026-07-17 05:13:12.092890+00:00,2026-02-02 00:00:00+00:00,0.7,False,False
6c97d755-860e-44cb-8d9c-07985ba5ba94,basel-quantum-center,hermes,news,https://ggba.swiss/en/switzerlands-guardian-of-measurement-steps-into-the-quantum-era/,consortium_membership,community_ecosystem,2026-07-17 05:13:12.092890+00:00,2026-01-15 00:00:00+00:00,0.55,False,False
c444ac10-c3c8-47b8-bf00-e16975c16f39,basel-quantum-center,hermes,website,https://bqc.unibas.ch/en/news-events/,conference_presence,community_ecosystem,2026-07-17 05:13:12.092890+00:00,2026-10-13 00:00:00+00:00,0.65,False,False
c6d3c005-8818-4614-bbf2-dd64f519fdee,basel-quantum-center,hermes,arxiv,https://arxiv.org/abs/2606.28762,publication,legitimacy,2026-07-17 05:13:12.092890+00:00,2026-06-27 00:00:00+00:00,0.8,True,False
46024fd7-9743-4753-9bc9-6a86acdf1ba0,basel-quantum-center,hermes,arxiv,https://arxiv.org/abs/2607.06219,publication,legitimacy,2026-07-17 05:13:12.092890+00:00,2026-07-07 00:00:00+00:00,0.8,True,False
3fd10ff8-80eb-46b7-a0ab-eb9a21127a0b,basel-quantum-center,hermes,website,https://bqc.unibas.ch/en/research/highlights/,ecosystem_engagement,community_ecosystem,2026-07-17 05:13:12.092890+00:00,2026-03-16 00:00:00+00:00,0.7,False,False
9c61d3f0-1c39-4550-8531-992f5d303d57,basel-quantum-center,hermes,website,https://bqc.unibas.ch/en/research/highlights/,publication,legitimacy,2026-07-17 05:13:12.092890+00:00,2026-07-15 00:00:00+00:00,0.75,False,False
328f5a96-875b-4b81-b0fb-ddee12f85a9c,basel-quantum-center,hermes,website,https://bqc.unibas.ch/en/research/highlights/,award,legitimacy,2026-07-17 05:13:12.092890+00:00,2026-06-09 00:00:00+00:00,0.75,True,False
0b860a9a-3276-4fef-9471-8bcbd5cf759f,basel-quantum-center,hermes,website,https://bqc.unibas.ch/en/outreach/tunbasel-2/,ecosystem_engagement,community_ecosystem,2026-07-17 05:13:12.092890+00:00,2026-04-24 00:00:00+00:00,0.75,False,False
132f10da-8bb9-496b-b2f2-47f6722de024,swiss-nanoscience-institute,hermes,arxiv,https://arxiv.org/html/2606.28762v1,publication,legitimacy,2026-07-17 05:15:23.154566+00:00,2026-06-27 00:00:00+00:00,0.8,True,False
00bce4f7-987d-4ffd-a812-336844c344bb,swiss-nanoscience-institute,hermes,website,https://smolenski-lab.com/news,leadership_appointment,future_trajectory,2026-07-17 05:15:23.154566+00:00,2025-09-01 00:00:00+00:00,0.4,False,False
630b319a-63d0-4106-838c-ac73ef9c92d0,swiss-nanoscience-institute,hermes,website,https://nanoscience.unibas.ch/en/news/details/universitaet-basel-uebernimmt-co-leitung-im-neuen-nationalen-forschungsschwerpunkt-precision/,consortium_membership,future_trajectory,2026-07-17 05:15:23.154566+00:00,2026-02-02 00:00:00+00:00,0.9,False,False
b648d271-41fb-45a8-853a-2d043ce6eb68,swiss-nanoscience-institute,hermes,website,https://www.psi.ch/en/lnq/scientific-highlights,funding_event,future_trajectory,2026-07-17 05:15:23.154566+00:00,2025-09-08 00:00:00+00:00,0.75,True,False
09cf71c2-a4fa-4ec7-ae31-71caa4781f61,swiss-nanoscience-institute,hermes,news,https://phys.org/news/2026-07-schrdingerlike-sixmolecule-clusters-quantum-components.html,publication,legitimacy,2026-07-17 05:15:23.154566+00:00,2026-07-16 00:00:00+00:00,0.85,False,False
4d07415e-82f2-4c78-ba4b-ebb220b0f733,swiss-nanoscience-institute,hermes,website,https://nanoscience.unibas.ch/de/news/details/acs-nano-impact-award-fuer-veroeffentlichung-ueber-steuerbare-quanteneffekte/,award,legitimacy,2026-07-17 05:15:23.154566+00:00,2026-06-09 00:00:00+00:00,0.9,False,False
d92011d9-dfe2-42b4-bf9c-dd659f8ce37c,swiss-nanoscience-institute,hermes,website,https://nanoscience.unibas.ch/en/news/details/wenn-quantenlicht-arbeitet/,publication,legitimacy,2026-07-17 05:15:23.154566+00:00,2025-11-25 00:00:00+00:00,0.85,False,False
e2f78ef7-bd94-4db5-a0b2-38664d4da544,swiss-nanoscience-institute,hermes,news,https://www.unibas.ch/en/News-Events/Awards-Honors/Article/Quantum-startup-YQuantum-receives-seed-funding.html,funding_event,customer_cocreation,2026-07-17 05:15:23.154566+00:00,2025-11-10 00:00:00+00:00,0.9,False,False
6955efde-86c6-4a78-a40b-714c1bffeceb,epfl-qse,hermes,website,https://memento.epfl.ch/event/qse-innovation-seed-grants/,funding_program_launch,future_trajectory,2026-07-17 05:18:17.060399+00:00,2026-07-07 00:00:00+00:00,0.8,False,False
7b2973ac-2e40-4aa2-9c66-5b92e4de5db4,epfl-qse,hermes,website,https://actu.epfl.ch/news/epfl-launches-cloud-access-to-real-quantum-compu-2/,partnership_announcement,customer_cocreation,2026-07-17 05:18:17.060399+00:00,2026-05-29 00:00:00+00:00,0.85,False,False
bb3f5244-c6af-4467-827b-a10d89a7ebfa,epfl-qse,hermes,website,https://actu.epfl.ch/news/quantum-and-molecular-plumbing-2/,research_highlight,legitimacy,2026-07-17 05:18:17.060399+00:00,2026-06-22 00:00:00+00:00,0.8,False,False
789ba1a2-33fd-404f-964d-e83aefdb8fe6,epfl-qse,hermes,website,https://memento.epfl.ch/event/snsf-swiss-quantum-call-2026/,funding_event,legitimacy,2026-07-17 05:18:17.060399+00:00,2026-07-17 00:00:00+00:00,0.75,False,False
a67da4c8-2bde-408c-9a5e-055fc43726f3,epfl-qse,hermes,website,https://pcqt.fr/pcqt-2026-workshop/,consortium_membership,community_ecosystem,2026-07-17 05:18:17.060399+00:00,2026-03-30 00:00:00+00:00,0.75,False,False
ae0500d5-6fb1-4b79-ae00-b0ab3dd548b0,epfl-qse,hermes,website,https://www.epfl.ch/research/domains/quantum-center/events/qpfl-hackathon/,ecosystem_event,community_ecosystem,2026-07-17 05:18:17.060399+00:00,2026-02-27 00:00:00+00:00,0.7,False,False
b73e367b-b308-4dcb-9937-c5e6ab48bc09,epfl-qse,hermes,website,https://www.epfl.ch/research/domains/quantum-center/funding/nyuad-quantum-hackathon/,academic_partnership,community_ecosystem,2026-07-17 05:18:17.060399+00:00,2026-04-24 00:00:00+00:00,0.75,False,False
ce5725a7-37b2-4ec1-b0a9-83188e423797,epfl-qse,hermes,arxiv,https://arxiv.org/abs/2607.12044,publication,legitimacy,2026-07-17 05:18:17.060399+00:00,2026-07-13 00:00:00+00:00,0.8,False,False
8545e521-f8f3-4d5f-b737-cadf73cda2b9,epfl-qse,hermes,website,https://actu.epfl.ch/news/an-ultrafast-laser-on-a-chip/,publication,legitimacy,2026-07-17 05:18:17.060399+00:00,2026-06-04 00:00:00+00:00,0.85,False,False
f50fa8de-7444-4115-b681-babec8eb30bf,epfl-qse,hermes,website,https://actu.epfl.ch/news/how-proximity-steals-energy-from-nanoresonators/,publication,legitimacy,2026-07-17 05:18:17.060399+00:00,2026-07-07 00:00:00+00:00,0.85,True,False
8079e23e-b20d-4700-b876-b8b71465c7af,cern-quantum-technology-initiative,hermes,website,https://indico.cern.ch/category/12846/,ongoing_event_series,community_ecosystem,2026-07-17 05:20:46.227098+00:00,,0.6,False,False
8ff64870-d4e6-4111-a425-819ca6fa3a2e,cern-quantum-technology-initiative,hermes,website,https://quantum.cern/index.php/news-events,conference_hosting,community_ecosystem,2026-07-17 05:20:46.227098+00:00,2025-01-20 00:00:00+00:00,0.7,False,False
dc91ac18-5c36-4461-acad-38c8878706b6,cern-quantum-technology-initiative,hermes,website,https://quantum.cern/our-governance,governance_framework,legitimacy,2026-07-17 05:20:46.227098+00:00,,0.65,True,False
9b54439e-e9ec-495a-8c73-880f008c33ce,cscs,hermes,news,https://www.hpcwire.com/off-the-wire/cscs-powers-off-piz-daint-making-way-for-the-alps-supercomputer/,technological_advances,legitimacy,2026-07-17 05:27:37.896927+00:00,2025-02-07 00:00:00+00:00,0.7,False,False
7d2e93a5-ee11-4f28-9f03-b2c8fc7c8753,cscs,hermes,website,https://en.wikipedia.org/wiki/Swiss_National_Supercomputing_Centre,infrastructure_investment,future_trajectory,2026-07-17 05:27:37.896927+00:00,2025-01-01 00:00:00+00:00,0.55,False,False
3465b420-5fe9-4bce-8218-9290026a9e97,cscs,hermes,website,https://www.cscs.ch/publications/all-publications,publication,legitimacy,2026-07-17 05:27:37.896927+00:00,2026-06-17 00:00:00+00:00,0.5,True,False
ac0e04b9-b0db-4f4d-846b-020cac295557,switzerland-innovation-parks,hermes,website,https://www.switzerland-innovation.com,consortium_membership,community_ecosystem,2026-07-17 05:41:48.700397+00:00,,0.35,False,False
b6d5a3a5-34ee-4a51-b776-2baa83b0c0d9,switzerland-innovation-parks,hermes,website,https://www.switzerland-innovation.com,partnership_announcement,customer_cocreation,2026-07-17 05:41:48.700397+00:00,,0.35,False,False
41bcbda0-5e47-4b50-a20e-d1ebcc163884,switzerland-innovation-parks,hermes,website,https://www.switzerland-innovation.com,third_party_validation,legitimacy,2026-07-17 05:41:48.700397+00:00,,0.3,False,False
fd179877-faac-4447-8fa5-4b58f4b8e66d,switzerland-innovation-parks,hermes,website,https://www.switzerland-innovation.com,certification,legitimacy,2026-07-17 05:41:48.700397+00:00,,0.35,False,False
297f3f41-bb88-4a7f-ad21-4062ff9db2e6,gesda,hermes,website,https://radar.gesda.global/,publication,legitimacy,2026-07-17 05:53:41.015644+00:00,2026-01-01 00:00:00+00:00,0.65,True,False
c1ef0ab8-6cc2-4c8a-beb2-7ac5c738f07c,gesda,hermes,news,https://cds.cern.ch/record/2900689?ln=ja,consortium_membership,community_ecosystem,2026-07-17 05:53:41.015644+00:00,2024-05-01 00:00:00+00:00,0.4,False,False
aac32cef-88a4-4fdd-a625-858c30c15c17,gesda,hermes,news,https://genevasolutions.news/science-tech/gesda-reveals-plans-for-geneva-quantum-hub-and-science-diplomacy-curriculum,strategic_positioning,future_trajectory,2026-07-17 05:53:41.015644+00:00,2022-10-14 00:00:00+00:00,0.45,True,False
cf81f7c2-6bf7-4f56-98c4-d6003356fd33,gesda,hermes,website,https://gesda.global/category/all-news/,consortium_funding,customer_cocreation,2026-07-17 05:53:41.015644+00:00,2024-03-05 00:00:00+00:00,0.55,False,False
c861e7f9-e993-414e-8210-59c1801071fd,basel-precision-instruments,hermes,website,https://www.baspi.ch,funding_event,legitimacy,2026-07-17 06:16:12.649628+00:00,2025-07-17 00:00:00+00:00,0.8,False,False
b03a91f4-24ff-4dd5-800a-ecb7ec643d33,basel-precision-instruments,hermes,website,https://www.baspi.ch,partnership_announcement,customer_cocreation,2026-07-17 06:16:12.649628+00:00,2025-07-17 00:00:00+00:00,0.8,False,False
4babf8f9-049f-407e-acf6-20b313f56b5a,basel-precision-instruments,hermes,website,https://www.baspi.ch,publication,customer_cocreation,2026-07-17 06:16:12.649628+00:00,2025-07-17 00:00:00+00:00,0.75,False,False
95467559-6765-463f-ba82-008c9642379c,basel-precision-instruments,hermes,website,https://www.baspi.ch,conference_participation,community_ecosystem,2026-07-17 06:16:12.649628+00:00,2025-07-17 00:00:00+00:00,0.7,False,False
dfb2f3e6-f28d-4c4e-afa6-322027dec3b0,basel-precision-instruments,hermes,website,https://www.baspi.ch,conference_participation,community_ecosystem,2026-07-17 06:16:12.649628+00:00,2025-07-17 00:00:00+00:00,0.7,False,False
7bc167af-e2a8-4562-a19b-2864f9d2c957,basel-precision-instruments,hermes,website,https://www.baspi.ch,strategic_positioning,community_ecosystem,2026-07-17 06:16:12.649628+00:00,2025-07-17 00:00:00+00:00,0.7,False,False
63bd2f65-89a6-4a40-b762-42cab4ca6890,basel-precision-instruments,hermes,website,https://www.baspi.ch,hiring,future_trajectory,2026-07-17 06:16:12.649628+00:00,2025-07-17 00:00:00+00:00,0.8,False,False
b7c3cf06-f03f-4730-97ef-ae07786d3030,basel-precision-instruments,hermes,website,https://www.baspi.ch,publication,community_ecosystem,2026-07-17 06:16:12.649628+00:00,2026-03-03 00:00:00+00:00,0.75,False,False
28d11192-cd6f-42c7-9e2b-91f791831bcb,basel-precision-instruments,hermes,website,https://www.baspi.ch,customer_testimonial,customer_cocreation,2026-07-17 06:16:12.649628+00:00,2025-07-17 00:00:00+00:00,0.7,False,False
e72b8482-9925-4566-9e66-12030b435aa7,swissphotonics,hermes,website,https://www.swissphotonics.net,certification,legitimacy,2026-07-17 06:18:24.585745+00:00,2026-01-01 00:00:00+00:00,0.35,False,False
4f3759ce-36e2-49b9-8032-a8af33d44d1c,swissphotonics,hermes,website,https://www.swissphotonics.net,strategic_positioning,community_ecosystem,2026-07-17 06:18:24.585745+00:00,2026-01-01 00:00:00+00:00,0.35,True,False
f3838e69-b1b0-498d-bdf0-cbbc4f65f761,swissphotonics,hermes,website,https://www.swissphotonics.net,strategic_positioning,community_ecosystem,2026-07-17 06:18:24.585745+00:00,2026-01-01 00:00:00+00:00,0.4,False,False
07c73299-60dc-4ec7-b9c6-5572a5d4528f,swissphotonics,hermes,website,https://www.swissphotonics.net,consortium_membership,community_ecosystem,2026-07-17 06:18:24.585745+00:00,2026-01-01 00:00:00+00:00,0.35,False,False
0bd445dd-f6cf-4350-b20e-8cfb79a40660,swissphotonics,hermes,website,https://www.swissphotonics.net,funding_event,legitimacy,2026-07-17 06:18:24.585745+00:00,2026-01-01 00:00:00+00:00,0.4,False,False
c4018dcc-c762-4766-941e-01e5e72781cd,miraex,hermes,website,https://www.miraex.com/news/,funding_event,legitimacy,2026-07-17 06:21:33.951941+00:00,2026-04-07 00:00:00+00:00,0.65,False,False
e25e0d6f-e5b9-4772-af60-71c4e6ad1a31,miraex,hermes,website,https://www.miraex.com/news/,m_a_announcement,future_trajectory,2026-07-17 06:21:33.951941+00:00,2026-04-07 00:00:00+00:00,0.7,False,False
b449d8dc-ae5b-4d0a-8c66-3aea5a125503,qnami,hermes,website,https://qnami.ch/news/,pilot_announcement,customer_cocreation,2026-07-17 06:23:29.513654+00:00,2025-06-25 00:00:00+00:00,0.75,False,False
2f9f4a28-beb9-40e1-9d03-295de99b8da2,huber-suhner,hermes,website,https://www.hubersuhner.com,strategic_partnership,customer_cocreation,2026-07-17 06:36:32.628562+00:00,2026-04-21 00:00:00+00:00,0.55,False,False
ac844304-b7d2-46c2-af31-8f8faf6608b1,huber-suhner,hermes,website,https://www.hubersuhner.com,product_launch_roadmap,future_trajectory,2026-07-17 06:36:32.628562+00:00,2025-11-13 00:00:00+00:00,0.5,False,False
0d06d368-e3ff-4209-bacd-fdf2f25ee510,zuriq,hermes,website,https://zuriq.com/,publication,legitimacy,2026-07-17 06:46:19.701238+00:00,2026-07-08 00:00:00+00:00,0.6,False,False
467c7da6-4387-4162-aee8-a3cee9197e48,zuriq,hermes,website,https://zuriq.com/team,strategic_hiring,future_trajectory,2026-07-17 06:46:19.701238+00:00,2026-07-17 00:00:00+00:00,0.55,False,False
28b2d62f-50ac-4df3-943c-1bc1c3a53e43,swissnex,hermes,website,https://swissnex.org/news/swiss-quantum-strategy-released,strategic_positioning,community_ecosystem,2026-07-17 06:54:00.946485+00:00,2026-03-06 00:00:00+00:00,0.85,False,False
9e89a909-6aba-4541-93a3-85d0ceac5f06,eth-zurich-quantum-center,masfactory,news,https://qc.ethz.ch/research.html,academic_partnerships,community_ecosystem,2026-07-18 02:57:39.043551+00:00,,0.9,False,False
fcd40d0e-b0fd-41ae-a3df-09d16dc33fc7,ibm-research-zurich,masfactory,news,https://www.research.ibm.com/ibm-q,long_horizon_claims,future_trajectory,2026-07-18 02:57:39.043551+00:00,,0.8,False,False
d06ce5f3-e806-4def-9aa2-7e33b2a828d6,qnami,masfactory,news,https://qnami.ch/tag/news/page/6/,educational_outreach,legitimacy,2026-07-18 02:57:39.043551+00:00,,0.9,False,False
4c06ff15-1d17-4fa4-a900-7719ced6d4db,qnami,masfactory,news,https://qnami.ch/tag/horiba/,industry_partnerships,community_ecosystem,2026-07-18 02:57:39.043551+00:00,,0.85,False,False
134bea2e-98f4-4c96-9d00-648960bd2830,gesda,masfactory,news,https://radar.gesda.global/,publications,legitimacy,2026-07-18 02:57:39.043551+00:00,,0.75,False,False
5fd8eb78-0e11-4f4a-a1a2-93bb152580e1,eth-zurich-quantum-center,masfactory,news,https://qc.ethz.ch/engineering-unit/team.html,educational_outreach,legitimacy,2026-07-18 02:57:39.043551+00:00,,0.8,False,False
c5f66844-0323-46df-a8bf-97db32e90ef1,eth-zurich-quantum-center,hermes,website,https://ethz.ch/en/news-and-events/eth-news/news/2026/04/a-new-trick-brings-stability-to-quantum-operations.html,publication,legitimacy,2026-07-18 05:05:52.173355+00:00,2026-04-08 00:00:00+00:00,0.85,False,False
02b9f391-44cf-4ef6-8638-c7737cec5c9f,eth-zurich-quantum-center,hermes,website,https://ethz.ch/en/news-and-events/eth-news/news/2026/06/twelve-top-research-projects-win-millions-in-european-funding.html,funding_event,legitimacy,2026-07-18 05:05:52.173355+00:00,2026-06-23 00:00:00+00:00,0.8,False,False
1b780958-8d06-47ee-b051-82450a3111b8,eth-zurich-quantum-center,hermes,website,https://www.phys.ethz.ch/news-and-events/d-phys-news/2026/05/best-of-two-worlds-superconducting-qubits-and-mechanical-resonators-for-quantum-computing.html,publication,legitimacy,2026-07-18 05:05:52.173355+00:00,2026-05-28 00:00:00+00:00,0.85,True,False
39ac10e4-9533-4d0b-b0a8-f0e32209296f,epfl-qse,hermes,news,https://swissnex.org/event/2025-swissnex-quantum-summit/,ecosystem_leadership,community_ecosystem,2026-07-18 05:09:27.797835+00:00,2025-10-13 00:00:00+00:00,0.8,False,False
2df5274d-2de0-422b-beed-f41b0d06982e,epfl-qse,hermes,news,https://www.hpcwire.com/off-the-wire/epfl-and-quantinuum-partner-to-bring-advanced-quantum-computing-to-swiss-researchers/,strategic_partnership,customer_cocreation,2026-07-18 05:09:27.797835+00:00,2026-05-29 00:00:00+00:00,0.85,False,False
1085688e-3e81-47ea-8798-7b2cb2032cb7,epfl-qse,hermes,website,https://actu.epfl.ch/news/qse-center-awards-three-postdoctoral-fellowships-2/,fellowship_award,legitimacy,2026-07-18 05:09:27.797835+00:00,2025-09-01 00:00:00+00:00,0.9,False,False
bfd3d98a-8ae8-48a8-95bd-41ceac54568d,epfl-qse,hermes,website,https://actu.epfl.ch/news/three-qse-researchers-awarded-swiss-korean-quantum-grants/,competitive_funding,legitimacy,2026-07-18 05:09:27.797835+00:00,2025-11-05 00:00:00+00:00,0.85,False,False
780e760a-142d-4f22-a32d-e9d7709ce62e,epfl-qse,hermes,website,https://open-quantum-institute.cern/oqi-presents-sustainable-quantum-computing-at-epfl/,educational_collaboration,community_ecosystem,2026-07-18 05:09:27.797835+00:00,2025-03-17 00:00:00+00:00,0.85,False,False
fd3d6fda-536b-4e8f-84ea-6628463c9a5b,epfl-qse,hermes,arxiv,https://arxiv.org/abs/2601.04975,publication,legitimacy,2026-07-18 05:09:27.797835+00:00,2026-01-08 00:00:00+00:00,0.9,False,False
b74b1e64-de49-4e30-aefa-ffcf1ca3d98f,epfl-qse,hermes,arxiv,https://arxiv.org/abs/2607.12044,publication,legitimacy,2026-07-18 05:09:27.797835+00:00,2026-07-13 00:00:00+00:00,0.85,False,False
46546b43-06ff-4ebc-ab92-7668cde941d4,epfl-qse,hermes,website,https://actu.epfl.ch/news/quantum-technology-is-already-here/,public_engagement,community_ecosystem,2026-07-18 05:09:27.797835+00:00,2025-10-15 00:00:00+00:00,0.8,True,False
bb6764d7-90d0-4f9d-9a32-356280538151,epfl-qse,hermes,website,https://www.epfl.ch/research/domains/quantum-center/funding/qse-postdoctoral-fellowships-2024/,talent_program_launch,future_trajectory,2026-07-18 05:09:27.797835+00:00,2024-12-02 00:00:00+00:00,0.85,False,False
d7197573-3ac4-4c24-8fc1-6f0f1f285847,psi,hermes,website,https://www.psi.ch/en/news/science-features/measuring-time-at-the-quantum-level,publication,legitimacy,2026-07-18 05:11:02.449248+00:00,2026-02-18 00:00:00+00:00,0.8,False,False
447b2103-e101-49bf-9883-32f70458609a,psi,hermes,arxiv,https://arxiv.org/html/2603.15534v1,publication,legitimacy,2026-07-18 05:11:02.449248+00:00,2026-03-16 00:00:00+00:00,0.7,False,False
714c6123-196a-4583-a31e-16b121d29e80,psi,hermes,arxiv,https://arxiv.org/html/2606.02440v1,publication,legitimacy,2026-07-18 05:11:02.449248+00:00,2026-06-01 00:00:00+00:00,0.7,False,False
0a3ac3ab-c2be-4ab9-8867-ee83449858e8,psi,hermes,news,https://www.fz-juelich.de/en/news/archive/press-release/2026/when-one-becomes-two-qubit-splitting-for-stable-computing,publication,community_ecosystem,2026-07-18 05:11:02.449248+00:00,2026-01-30 00:00:00+00:00,0.8,False,False
29ebe71e-10d2-4730-9727-c9631d7fa753,psi,hermes,website,https://scnat.ch/de/uuid/i/263722c0-2019-55cd-b1d1-07eb97410997-Swiss_Quantum_Days_2026,strategic_positioning,community_ecosystem,2026-07-18 05:11:02.449248+00:00,2026-01-08 00:00:00+00:00,0.75,False,False
c4aa4f98-fc86-499a-8f3f-55e3869584b6,psi,hermes,website,https://www.psi.ch/en/news/media-releases/important-funding-for-muon-research,funding_event,legitimacy,2026-07-18 05:11:02.449248+00:00,2026-01-30 00:00:00+00:00,0.85,False,False
61913813-32b5-4301-a70c-6fffc3fd5cee,psi,hermes,news,https://quantumcomputingreport.com/paul-scherrer-institute-and-eth-zurich-demonstrate-fault-tolerant-lattice-surgery-on-superconducting-qubits/,technological_advances,future_trajectory,2026-07-18 05:11:02.449248+00:00,2026-02-07 00:00:00+00:00,0.8,False,False
cb2fdb76-0458-45b8-b770-5c0d1c6b5c0f,psi,hermes,website,https://scnat.ch/en/uuid/i/8cf1f99b-647e-5484-979a-96c80c76f23c-Four_Projects_Selected_in_the_Call_for_TRL-enhancing_initiatives,funding_event,future_trajectory,2026-07-18 05:11:02.449248+00:00,2026-04-10 00:00:00+00:00,0.9,False,False
967b9c14-5e4b-4c46-bc09-7e72bf98d20e,psi,hermes,website,https://www.psi.ch/en/news/media-releases/quantum-material-under-pressure,publication,legitimacy,2026-07-18 05:11:02.449248+00:00,2026-07-07 00:00:00+00:00,0.9,False,False
e7880947-f3fc-46eb-81b3-bd61b49e23b6,psi,hermes,website,https://www.psi.ch/de/news/medienmitteilungen/zusammenarbeit-metas-und-psi,certification,legitimacy,2026-07-18 05:11:02.449248+00:00,2025-05-26 00:00:00+00:00,0.85,False,False
875de848-87fe-463f-acce-e591a0907fa3,eth-psi-quantum-computing-hub,hermes,arxiv,https://arxiv.org/abs/2604.15971,technological_advances,future_trajectory,2026-07-18 05:13:35.776266+00:00,2026-04-17 00:00:00+00:00,0.85,False,False
bba1d94b-09c0-4d55-8a03-940465078327,eth-psi-quantum-computing-hub,hermes,arxiv,https://arxiv.org/abs/2512.15330,strategic_positioning,future_trajectory,2026-07-18 05:13:35.776266+00:00,2026-01-13 00:00:00+00:00,0.8,False,True
f5641a92-31a2-48fd-998c-f3bff827744b,eth-psi-quantum-computing-hub,hermes,website,https://www.psi.ch/de/research/news/mdq-delegation-visit,strategic_positioning,community_ecosystem,2026-07-18 05:13:35.776266+00:00,2026-04-20 00:00:00+00:00,0.7,True,False
1d4115ff-1900-4fcf-9dad-e2b26a4ca68f,eth-psi-quantum-computing-hub,hermes,arxiv,https://arxiv.org/abs/2606.02440,publication,legitimacy,2026-07-18 05:13:35.776266+00:00,2026-06-01 00:00:00+00:00,0.85,False,False
5fdf0b75-2eaa-48aa-ad20-27023b00f247,eth-psi-quantum-computing-hub,hermes,news,https://swissnex.org/app/uploads/2025/10/Switzerland_Hub_Quantum_Oct2025_web.pdf,strategic_positioning,community_ecosystem,2026-07-18 05:13:35.776266+00:00,2025-10-01 00:00:00+00:00,0.6,False,False
d0f8738e-ffe8-4fa7-bdff-3f6510f166a9,eth-psi-quantum-computing-hub,hermes,arxiv,https://arxiv.org/abs/2606.31864,publication,legitimacy,2026-07-18 05:13:35.776266+00:00,2026-06-30 00:00:00+00:00,0.9,False,False
1299a2fd-dc4c-412b-b470-0a1065ff7ff6,eth-psi-quantum-computing-hub,hermes,website,https://www.psi.ch/en/lnq/publications,publication,legitimacy,2026-07-18 05:13:35.776266+00:00,2026-02-01 00:00:00+00:00,0.85,False,False
db341927-678a-4944-b9d7-2b521d6cb4e3,eth-psi-quantum-computing-hub,hermes,website,https://www.psi.ch/de/lnq/scientific-highlights,technological_advances,future_trajectory,2026-07-18 05:13:35.776266+00:00,2026-02-05 00:00:00+00:00,0.75,False,False
beb22d55-f278-4131-bb26-f6d2167cfc61,qai-ventures,hermes,website,https://quantumbasel.com,pilot_announcement,customer_cocreation,2026-07-18 05:23:46.092907+00:00,2026-03-16 00:00:00+00:00,0.55,False,False
08b3dc0d-07f2-4271-9641-077380310af4,qai-ventures,hermes,website,https://quantumbasel.com,conference_presentation,community_ecosystem,2026-07-18 05:23:46.092907+00:00,2026-01-07 00:00:00+00:00,0.5,False,False
9c83e940-0116-437b-ab38-32fd59e53a81,qai-ventures,hermes,website,https://quantumbasel.com,strategic_positioning,future_trajectory,2026-07-18 05:23:46.092907+00:00,2026-05-15 00:00:00+00:00,0.5,False,False
88abb96c-5c11-4abe-9b28-6809cd5ef2d1,qai-ventures,hermes,news,https://thequantuminsider.com/2024/04/29/phoenix-technologies-unlock-ai-and-cloud-opportunities-for-emerging-ventures/,strategic_positioning,community_ecosystem,2026-07-18 05:23:46.092907+00:00,2024-04-29 00:00:00+00:00,0.3,False,False
811faba9-54d5-4f90-ae77-cfad865ee686,gesda,hermes,website,https://gesda.global/science-diplomacy-week-2026-day-5/,conference_role,community_ecosystem,2026-07-18 05:28:10.820867+00:00,2026-06-26 00:00:00+00:00,0.65,False,False
f1eda2a1-f47c-4a41-9f79-294d75ac207c,gesda,hermes,website,https://gesda.global/science-diplomacy-week-2026-day-4/,consortium_membership,community_ecosystem,2026-07-18 05:28:10.820867+00:00,2026-06-25 00:00:00+00:00,0.75,True,False
a33d21eb-e78f-4b22-824e-7069aabbf3ee,gesda,hermes,website,https://gesda.global/science-diplomacy-week-2026-day-3/,strategic_positioning,community_ecosystem,2026-07-18 05:28:10.820867+00:00,2026-06-24 00:00:00+00:00,0.7,True,False
8a3cabb9-9e55-4691-a735-efbd3e7e1591,gesda,hermes,website,https://radar.gesda.global/,publication,legitimacy,2026-07-18 05:28:10.820867+00:00,2026-01-01 00:00:00+00:00,0.8,True,False
732e56b5-c983-4155-8ade-09a6a1a00406,gesda,hermes,website,https://gesda.global/open-quantum-institute/,roadmap_statement,future_trajectory,2026-07-18 05:28:10.820867+00:00,2025-01-01 00:00:00+00:00,0.7,True,False
ce3d4918-a595-437f-8b35-38a9efa492da,basel-precision-instruments,masfactory,news,https://en.wikipedia.org/wiki/Dominik_Zumbühl,academic_partnerships,community_ecosystem,2026-07-19 02:45:33.537499+00:00,,0.85,False,False
e66cc62a-8b60-4701-a577-aac2d89d75ef,basel-quantum-center,hermes,website,https://bqc.unibas.ch/en/news-events/,community_event,community_ecosystem,2026-07-19 05:08:23.726521+00:00,2026-10-13 00:00:00+00:00,0.75,False,False
7c57ea69-1236-45a2-a35d-6475fcc7bde2,basel-quantum-center,hermes,website,https://bqc.unibas.ch/en/network/swiss-quantum-initiative/,strategic_positioning,community_ecosystem,2026-07-19 05:08:23.726521+00:00,2026-02-02 00:00:00+00:00,0.9,True,False
da3f15b5-f110-4478-9d74-259b9fb31524,basel-quantum-center,hermes,website,https://physik.unibas.ch/de/event/details/quantum-industry-chat-and-upquantval-conference-1/,community_event,community_ecosystem,2026-07-19 05:08:23.726521+00:00,2026-09-10 00:00:00+00:00,0.9,False,False
120bce1f-7812-42fc-acd7-61728a8e1a29,basel-quantum-center,hermes,news,https://www.linkedin.com/posts/unibasel_ever-wondered-what-happens-behind-the-doors-activity-7434880580103774208--b90,funding_event,legitimacy,2026-07-19 05:08:23.726521+00:00,2026-03-04 00:00:00+00:00,0.45,False,False
3d2016cc-4cab-46e9-984c-f488b69c3418,basel-quantum-center,hermes,website,https://bqc.unibas.ch/en/news/details/swiss-quantum-days-2026-in-engelberg/,community_event,community_ecosystem,2026-07-19 05:08:23.726521+00:00,2026-02-02 00:00:00+00:00,0.85,False,False
f8c50264-a471-4e69-812a-971fbc3b9910,basel-quantum-center,hermes,website,https://bqc.unibas.ch/en/news/details/swiss-quantum-days-2026-in-engelberg/,community_event,community_ecosystem,2026-07-19 05:08:23.726521+00:00,2026-02-02 00:00:00+00:00,0.8,True,False
6e0c01d1-2130-4206-9c84-2a30e02ce5de,basel-quantum-center,hermes,website,https://physik.unibas.ch/de/news/details/acs-nano-impact-award-for-publication-on-controllable-quantum-effects/,award,legitimacy,2026-07-19 05:08:23.726521+00:00,2026-06-10 00:00:00+00:00,0.85,False,False
c4de6e66-0717-41c5-9a0f-fbd8725613ca,epfl-qse,hermes,website,https://actu.epfl.ch/news/quantum-and-molecular-plumbing-2/,publication,legitimacy,2026-07-19 05:11:10.243710+00:00,2026-06-22 00:00:00+00:00,0.75,False,False
de42ec72-f6cd-4ee6-a1a7-9214bcf54cfd,epfl-qse,hermes,arxiv,https://arxiv.org/abs/2602.06137,publication,legitimacy,2026-07-19 05:11:10.243710+00:00,2026-02-05 00:00:00+00:00,0.75,False,False
5df4dd1d-1b78-4fe0-b516-3a4cf5a97d3f,epfl-qse,hermes,arxiv,https://arxiv.org/abs/2602.20154,publication,legitimacy,2026-07-19 05:11:10.243710+00:00,2026-02-24 00:00:00+00:00,0.7,False,False
b3d7a37d-6b9e-4ae4-8955-12f99e06661a,epfl-qse,hermes,website,https://actu.epfl.ch/news/epfl-launches-cloud-access-to-real-quantum-compu-2/,pilot_announcement,customer_cocreation,2026-07-19 05:11:10.243710+00:00,2026-05-29 00:00:00+00:00,0.85,False,False
e06d447d-c13c-4f34-bccd-ce3150d81766,epfl-qse,hermes,website,https://www.epfl.ch/research/domains/quantum-center/funding/,funding_event,legitimacy,2026-07-19 05:11:10.243710+00:00,2026-06-01 00:00:00+00:00,0.7,False,False
a76029e0-6ee8-4b48-8ed0-836c27d291f2,epfl-qse,hermes,website,https://www.epfl.ch/research/domains/quantum-center/funding/nyuad-quantum-hackathon/,education_outreach,community_ecosystem,2026-07-19 05:11:10.243710+00:00,2026-02-06 00:00:00+00:00,0.75,False,False
a4e525e9-3cc6-46a1-918c-a93e2b47b5c2,epfl-qse,hermes,arxiv,https://arxiv.org/abs/2605.15476,publication,legitimacy,2026-07-19 05:11:10.243710+00:00,2026-05-14 00:00:00+00:00,0.8,False,False
5be155e7-9aa8-409b-ac96-ef6eabf5469b,epfl-qse,hermes,arxiv,https://arxiv.org/abs/2604.19625,publication,legitimacy,2026-07-19 05:11:10.243710+00:00,2026-04-21 00:00:00+00:00,0.8,False,False
dd1a0d22-dd70-4603-928f-0c3409a2e4ff,epfl-qse,hermes,arxiv,https://arxiv.org/abs/2603.14455,publication,legitimacy,2026-07-19 05:11:10.243710+00:00,2026-03-15 00:00:00+00:00,0.7,False,False
9ab82f0c-93e9-45b3-8c9d-e4abc84ffada,switzerland-innovation-parks,hermes,website,https://www.parkinnovaare.ch/aktuelles/news/detailseite-news/wofuer-ein-heutiger-supercomputer-100-jahre-benoetigt-wird-ein-quantencomputer-in-wenigen-stunden-erledigen-152,startup_ecosystem,community_ecosystem,2026-07-19 05:19:58.659073+00:00,2025-09-15 00:00:00+00:00,0.7,False,False
100e6876-1e11-4403-a42a-d1c97e456cba,switzerland-innovation-parks,hermes,website,https://www.switzerland-innovation.com/esa-in-collaboration-with-psi-opens-deep-tech-innovation-hub-at-switzerland-innovation-park-innovaare,consortium_membership,community_ecosystem,2026-07-19 05:19:58.659073+00:00,2025-11-04 00:00:00+00:00,0.65,False,False
a70f0b55-b904-4cac-8b13-b10ca709b3e9,switzerland-innovation-parks,hermes,website,https://www.switzerland-innovation.com/news-article/qbit-capital-partners-with-switzerland-innovation-park-innovaare,venture_partnership,customer_cocreation,2026-07-19 05:19:58.659073+00:00,2025-02-05 00:00:00+00:00,0.65,False,False
4ccc1158-817b-4f81-a4a9-795165620d3c,switzerland-innovation-parks,hermes,website,https://www.switzerland-innovation.com/news-article/switzerland-innovation-treasure-map-unveiled-at-swiss-ambassadors-conference-to-guide-global-rd-towards-switzerland,strategic_positioning,community_ecosystem,2026-07-19 05:19:58.659073+00:00,2025-08-25 00:00:00+00:00,0.7,False,False
205130c0-9e6c-4b90-bfed-7adac0d6cbef,switzerland-innovation-parks,hermes,news,https://swissnex.org/app/uploads/2025/10/Switzerland_Hub_Quantum_Oct2025_web.pdf,ecosystem_mapping,community_ecosystem,2026-07-19 05:19:58.659073+00:00,2025-10-01 00:00:00+00:00,0.55,False,False
7a5e5edc-4618-4a32-89d6-0f9c39d4109a,quantumbasel,hermes,website,https://www.syngenta.com/media/media-releases/2026/syngenta-deepens-research-capabilities-quantumbasel-partnership,partnership_announcement,customer_cocreation,2026-07-19 05:23:15.633266+00:00,2026-03-16 00:00:00+00:00,0.85,False,False
c000ad82-9e3f-42a7-9006-25aa5e8fb7f0,quantumbasel,hermes,arxiv,https://arxiv.org/abs/2405.04401,publication,legitimacy,2026-07-19 05:23:15.633266+00:00,2026-06-08 00:00:00+00:00,0.9,False,False
e60abf37-cf75-4792-8d5f-2522af56e774,quantumbasel,hermes,arxiv,https://arxiv.org/abs/2603.22399,publication,legitimacy,2026-07-19 05:23:15.633266+00:00,2026-03-23 00:00:00+00:00,0.95,False,False
de395f61-167f-4ce2-9344-9bf217af03a8,quantumbasel,hermes,news,https://www.linkedin.com/posts/quantumbasel_quantumcomputing-deeptech-basel-activity-7477643538252529664-wt2u,thought_leadership,community_ecosystem,2026-07-19 05:23:15.633266+00:00,2026-06-30 00:00:00+00:00,0.45,True,False
cbc08e42-6138-44c5-b4f1-5898594d0784,gesda,hermes,website,https://www.gesda.global/open-quantum-institute/,institutional_hosting,legitimacy,2026-07-19 05:26:04.819803+00:00,2026-07-19 00:00:00+00:00,0.8,False,False
9a9889b4-d136-4c28-b30f-ec4d3038d167,gesda,hermes,website,https://gesda.global/davos/science-house.html,conference_role,community_ecosystem,2026-07-19 05:26:04.819803+00:00,2026-01-22 00:00:00+00:00,0.75,True,False
ef6349ad-a64f-4a3e-b395-a13addcdae69,gesda,hermes,website,https://www.gesda.global/davos/congress-center.html,conference_role,community_ecosystem,2026-07-19 05:26:04.819803+00:00,2026-01-20 00:00:00+00:00,0.75,False,False
b0f8bc61-2b7d-4492-b9d9-a611bd629ead,gesda,hermes,website,https://gesda.global/davos/intent.html,strategic_positioning,future_trajectory,2026-07-19 05:26:04.819803+00:00,2026-01-21 00:00:00+00:00,0.7,False,False
e3042f73-4493-41b0-8f51-563db5301cb8,gesda,hermes,website,https://www.gesda.global/science-diplomacy-week-2026-day-4the-rules-that-make-cooperation-durable/,ecosystem_tool_launch,community_ecosystem,2026-07-19 05:26:04.819803+00:00,2026-06-25 00:00:00+00:00,0.65,False,False
3456db0c-2fec-4e15-bd11-35cba043d33d,gesda,hermes,website,https://open-quantum-institute.cern/quantum-hackathon-mexico-2026/,pilot_announcement,customer_cocreation,2026-07-19 05:26:04.819803+00:00,2026-06-28 00:00:00+00:00,0.7,False,False
32f88d8e-d3aa-4577-b231-c71df3a61892,gesda,hermes,news,https://swissquantumweek.ch/,roadmap_statement,future_trajectory,2026-07-19 05:26:04.819803+00:00,2026-07-19 00:00:00+00:00,0.6,False,False
d08718b9-3b22-49d1-994b-cb71357ea52a,id-quantique,hermes,website,https://www.idquantique.com/category/press-releases/,space_defense_application,customer_cocreation,2026-07-19 05:34:39.466834+00:00,2025-03-07 00:00:00+00:00,0.65,True,False
2d6bfffd-98fd-4c33-98d0-e666f150d59a,id-quantique,hermes,website,https://www.idquantique.com/category/press-releases/,consortium_membership,community_ecosystem,2026-07-19 05:34:39.466834+00:00,2025-10-17 00:00:00+00:00,0.7,False,False
454b9107-0a4c-498f-8772-0d9db8250c8e,id-quantique,hermes,website,https://www.idquantique.com/category/press-releases/,pilot_announcement,customer_cocreation,2026-07-19 05:34:39.466834+00:00,2025-06-26 00:00:00+00:00,0.7,False,False
ace6481e-da6e-4752-a034-e09b86a1f7cd,id-quantique,hermes,website,https://www.idquantique.com/category/events/,conference_role,community_ecosystem,2026-07-19 05:34:39.466834+00:00,2026-06-16 00:00:00+00:00,0.6,False,False
d3d01d82-3472-4ed5-9b50-6d4ff91f91f7,id-quantique,hermes,website,https://www.idquantique.com/category/press-releases/,product_launch,customer_cocreation,2026-07-19 05:34:39.466834+00:00,2026-06-17 00:00:00+00:00,0.7,False,False
a423f877-0165-4b03-b03d-4c50b484a070,id-quantique,hermes,news,https://www.startupticker.ch/en/news/US-based-company-acquires-id-quantique,acquisition,future_trajectory,2026-07-19 05:34:39.466834+00:00,2025-03-03 00:00:00+00:00,0.75,False,False
7e6336d7-95a8-4487-b78e-67c0a5283b15,id-quantique,hermes,website,https://www.idquantique.com/category/press-releases/,acquisition_completion,future_trajectory,2026-07-19 05:34:39.466834+00:00,2025-05-06 00:00:00+00:00,0.7,False,False
d9000860-2cc5-4465-8b86-1e6d4c5511a3,id-quantique,hermes,website,https://www.idquantique.com/category/press-releases/,certification,legitimacy,2026-07-19 05:34:39.466834+00:00,2026-03-03 00:00:00+00:00,0.7,False,False
b249ad75-3e33-46d9-8355-a54d8b54702f,id-quantique,hermes,website,https://www.idquantique.com/category/press-releases/,national_deployment,customer_cocreation,2026-07-19 05:34:39.466834+00:00,2026-02-26 00:00:00+00:00,0.7,False,False
6d2d7981-5564-4e14-8b05-30fb3598a734,id-quantique,hermes,website,https://www.idquantique.com/category/press-releases/,pilot_announcement,customer_cocreation,2026-07-19 05:34:39.466834+00:00,2025-12-16 00:00:00+00:00,0.7,False,False
89fdcfcf-e755-4cfb-a45b-5b0f4993571f,basel-precision-instruments,hermes,news,https://www.linkedin.com/posts/basel-precision-instruments_baspi-quantumtechnology-cryogenics-activity-7466065832440430592-D3bU?utm_source=share&utm_medium=member_desktop&rcm=ACoAADPFoNgBlHtFncAqTELC16L7slMGlUW3Nns,strategic_positioning,community_ecosystem,2026-07-19 05:35:57.523537+00:00,2024-07-19 00:00:00+00:00,0.55,False,False
f463e9be-c37f-4a9b-98a5-741886b03f6b,basel-precision-instruments,hermes,arxiv,https://arxiv.org/abs/2603.03166,publication,legitimacy,2026-07-19 05:35:57.523537+00:00,2026-03-03 00:00:00+00:00,0.7,False,False
e8b14ce4-5427-4790-86f8-330274b87858,basel-precision-instruments,hermes,news,https://www.nature.com/articles/s41586-025-10049-3,publication,legitimacy,2026-07-19 05:35:57.523537+00:00,2025-01-01 00:00:00+00:00,0.6,False,False
4029a84a-c3a0-4df9-9b01-37fb5b2ca830,terra-quantum,hermes,website,https://terraquantum.swiss/news,consortium_membership,community_ecosystem,2026-07-19 05:44:46.964170+00:00,2026-06-04 00:00:00+00:00,0.35,False,False
975c8e31-b53e-479e-b107-0cd4eff1a47c,terra-quantum,hermes,website,https://terraquantum.swiss/news,product_launch,future_trajectory,2026-07-19 05:44:46.964170+00:00,2026-06-01 00:00:00+00:00,0.35,False,False
b96fb7fa-e09a-4245-a73b-d6c5b4116b18,terra-quantum,hermes,website,https://terraquantum.swiss/news/tqrouting-at-the-cvrplib-bks-challenge,benchmark_validation,legitimacy,2026-07-19 05:44:46.964170+00:00,2026-03-27 00:00:00+00:00,0.85,False,False
176a7c96-6def-4a10-b2e2-528400a32739,terra-quantum,hermes,website,https://terraquantum.swiss/news,thought_leadership,community_ecosystem,2026-07-19 05:44:46.964170+00:00,2026-06-15 00:00:00+00:00,0.35,True,False
3c03d44e-6390-4b74-8bb2-06e26f5bede6,terra-quantum,hermes,website,https://terraquantum.swiss/news,funding_event,future_trajectory,2026-07-19 05:44:46.964170+00:00,2026-05-26 00:00:00+00:00,0.35,False,False
def08ec5-a11a-43a1-ac40-2e1ab3559f2d,terra-quantum,hermes,website,https://terraquantum.swiss/news/terra-quantum-deploys-quantum-secure-network-link-in-malta,pilot_announcement,customer_cocreation,2026-07-19 05:44:46.964170+00:00,2026-05-10 00:00:00+00:00,0.85,False,False
2fb1bf66-2001-42d8-ab56-d9b3418c9bb7,terra-quantum,hermes,website,https://terraquantum.swiss/news,pilot_announcement,customer_cocreation,2026-07-19 05:44:46.964170+00:00,2026-05-08 00:00:00+00:00,0.35,True,False
642aeb34-371b-45ea-838e-022501f1a17c,terra-quantum,hermes,website,https://terraquantum.swiss/news/terra-quantum-ag-to-go-public-in-3-25-billion-spac-deal,funding_event,future_trajectory,2026-07-19 05:44:46.964170+00:00,2026-04-09 00:00:00+00:00,0.9,False,False
795ce067-9aa1-433a-bc7b-28ca9a3eafe4,quantumbasel,masfactory,news,https://ionq.com/news/ionq-and-quantumbasel-partner-to-achieve-future-quantum-advantages-with,industry_partnerships,community_ecosystem,2026-07-20 03:05:02.648833+00:00,,0.8,False,False
6cb4b216-1567-481e-85d1-1889ef86ac48,gesda,masfactory,news,https://cds.cern.ch/record/2900689?ln=ja,educational_outreach,legitimacy,2026-07-20 03:05:02.648833+00:00,,0.9,False,False
2f4c6213-81c1-4610-9b81-e81e609c146a,swiss-quantum-initiative,hermes,website,https://quantum.scnat.ch/en/news_and_events,funding_event,future_trajectory,2026-07-20 05:02:43.198171+00:00,2026-05-26 00:00:00+00:00,0.8,False,False
f9c40c1e-af91-4e48-8c27-e845910d2a70,swiss-quantum-initiative,hermes,website,https://quantum.scnat.ch/en/news_and_events,community_event,community_ecosystem,2026-07-20 05:02:43.198171+00:00,2026-03-08 00:00:00+00:00,0.75,False,False
1eebd0b1-6627-40dc-a647-f7c62745a5ca,swiss-quantum-initiative,hermes,website,https://quantum.scnat.ch/en/news_and_events,technological_advances,legitimacy,2026-07-20 05:02:43.198171+00:00,2026-01-01 00:00:00+00:00,0.7,False,False
6ee61d75-937a-43ca-9106-d051d9db3e2e,metas,hermes,news,https://ggba.swiss/en/top-stories-from-western-switzerland-may-2026/,strategic_positioning,future_trajectory,2026-07-20 05:08:50.340883+00:00,2026-05-27 00:00:00+00:00,0.65,False,False
912de187-8d3e-41b4-b57e-4cbb0b8f213d,metas,hermes,website,https://www.metas.ch/metas/en/home/fabe/hochfrequenz/projects.html,new_lab_site_opening,future_trajectory,2026-07-20 05:08:50.340883+00:00,2026-01-01 00:00:00+00:00,0.55,False,False
0380bf80-b345-4725-bbc9-2ab08c3da0cd,metas,hermes,website,https://www.euramet.org/research-innovation/search-research-projects/details/project/cryogenic-rf-measurements-for-quantum-and-semiconductor-technologies,consortium_membership,community_ecosystem,2026-07-20 05:08:50.340883+00:00,2026-01-01 00:00:00+00:00,0.7,False,False
abd23b22-5ac9-4208-99de-8bf3705d5f7c,metas,hermes,website,https://www.metas.ch/metas/en/home/fabe/hochfrequenz/projects.html,pilot_announcement,customer_cocreation,2026-07-20 05:08:50.340883+00:00,2025-01-01 00:00:00+00:00,0.6,False,False
dcb7bec9-aad1-427d-90af-a6a5da70d626,metas,hermes,news,https://swissnex.org/app/uploads/2025/10/Switzerland_Hub_Quantum_Oct2025_web.pdf,strategic_positioning,community_ecosystem,2026-07-20 05:08:50.340883+00:00,2025-10-01 00:00:00+00:00,0.5,False,False
21c6a6bd-37fb-4904-ab7b-b97dd5406946,metas,hermes,website,https://www.metas.ch/metas/en/home/fabe/hochfrequenz/projects.html,funding_event,future_trajectory,2026-07-20 05:08:50.340883+00:00,2025-01-01 00:00:00+00:00,0.55,False,False
278cbbb5-1e43-46e8-b626-08598e0bd7d4,basel-quantum-center,hermes,website,https://physik.unibas.ch/de/event/details/quantum-industry-chat-and-upquantval-conference-1/,conference_organization,community_ecosystem,2026-07-20 05:20:13.267614+00:00,2026-09-10 00:00:00+00:00,0.85,False,False
0f4576b7-6d67-4481-bf37-e4af7ce398d2,basel-quantum-center,hermes,website,https://bqc.unibas.ch/en/outreach/,talent_pipeline,community_ecosystem,2026-07-20 05:20:13.267614+00:00,2026-11-12 00:00:00+00:00,0.75,False,False
6d01131f-c2dc-467d-bd79-3a154cc5340d,basel-quantum-center,hermes,website,https://bqc.unibas.ch/en/outreach/,public_outreach,community_ecosystem,2026-07-20 05:20:13.267614+00:00,2026-10-22 00:00:00+00:00,0.75,False,False
5c7a132a-d588-4cc0-b078-1b0fc87cad85,basel-quantum-center,hermes,arxiv,https://www.nature.com/articles/s41467-026-75051-3,publication,legitimacy,2026-07-20 05:20:13.267614+00:00,2026-07-08 00:00:00+00:00,0.85,False,False
23d4d333-ae5b-4235-97df-58bb8076f6c0,basel-quantum-center,hermes,news,https://www.alphagalileo.org/en-gb/Item-Display/ItemId/275547,publication,legitimacy,2026-07-20 05:20:13.267614+00:00,2026-07-15 00:00:00+00:00,0.75,False,False
dff9d647-1ef1-4b69-bad7-aa0775b031f7,basel-quantum-center,hermes,website,https://physik.unibas.ch/de/news/details/acs-nano-impact-award-for-publication-on-controllable-quantum-effects/,prestigious_award,legitimacy,2026-07-20 05:20:13.267614+00:00,2026-06-10 00:00:00+00:00,0.85,False,False
05145513-344c-46f2-8073-7da20a294d6b,basel-quantum-center,hermes,website,https://bqc.unibas.ch/en/outreach/,conference_participation,community_ecosystem,2026-07-20 05:20:13.267614+00:00,2026-10-13 00:00:00+00:00,0.75,False,False
0d96495a-4210-4323-bbe0-1914886855e2,basel-quantum-center,hermes,website,https://bqc.unibas.ch/en/outreach/,industry_engagement,community_ecosystem,2026-07-20 05:20:13.267614+00:00,2026-04-24 00:00:00+00:00,0.8,False,False
ee53a72a-ded7-402a-8711-373139ed96fb,basel-quantum-center,hermes,arxiv,https://arxiv.org/abs/2606.28762,publication,legitimacy,2026-07-20 05:20:13.267614+00:00,2026-06-27 00:00:00+00:00,0.8,False,False
77ef9a38-9c5c-42e9-bc75-2bcd896db52e,basel-quantum-center,hermes,arxiv,https://arxiv.org/abs/2603.10553,publication,legitimacy,2026-07-20 05:20:13.267614+00:00,2026-03-12 00:00:00+00:00,0.8,False,False
b592a6cf-e487-4e30-bb58-b2f65decc575,swiss-nanoscience-institute,hermes,arxiv,https://arxiv.org/html/2606.28762v1,publication,legitimacy,2026-07-20 05:23:54.330991+00:00,2026-06-27 00:00:00+00:00,0.65,False,False
97b4989f-db42-4f72-b2df-6b63a6e093f3,swiss-nanoscience-institute,hermes,website,https://nanoscience.unibas.ch/en/news/details/acs-nano-impact-award-fuer-veroeffentlichung-ueber-steuerbare-quanteneffekte/,award,legitimacy,2026-07-20 05:23:54.330991+00:00,2026-06-09 00:00:00+00:00,0.9,False,False
07cdf0bf-bae9-4385-b5b7-726a305c7d03,swiss-nanoscience-institute,hermes,website,https://smolenski-lab.com/news,consortium_membership,community_ecosystem,2026-07-20 05:23:54.330991+00:00,2025-09-01 00:00:00+00:00,0.75,False,False
50fb8110-1eba-4a6f-bc18-9b566d379d3d,swiss-nanoscience-institute,hermes,news,https://quantumzeitgeist.com/quantum-oscillator-multiple-states/,publication,legitimacy,2026-07-20 05:23:54.330991+00:00,2026-05-23 00:00:00+00:00,0.7,False,False
7f347b54-5798-4b08-ad83-f36c97872c51,swiss-nanoscience-institute,hermes,website,https://nanoscience.unibas.ch/en/news/details/universitaet-basel-uebernimmt-co-leitung-im-neuen-nationalen-forschungsschwerpunkt-precision/,funding_event,legitimacy,2026-07-20 05:23:54.330991+00:00,2026-02-02 00:00:00+00:00,0.85,False,False
eb95b64a-74ad-4e1e-a59c-c670e92f6c26,swiss-nanoscience-institute,hermes,website,https://nanoscience.unibas.ch/en/techtransfer/erfolgsgeschichten/,spinout_funding,future_trajectory,2026-07-20 05:23:54.330991+00:00,2025-11-10 00:00:00+00:00,0.75,False,False
623343c1-1475-4208-8cdb-fd2f344ef612,swiss-nanoscience-institute,hermes,website,https://nanoscience.unibas.ch/de/forschung/angewandte-forschung/argovia-projekte-2026/,industry_partnership,customer_cocreation,2026-07-20 05:23:54.330991+00:00,2026-01-01 00:00:00+00:00,0.7,False,False
62bbc65a-da7d-4d32-91c7-470f70e28407,swiss-nanoscience-institute,hermes,news,https://phys.org/news/2026-07-schrdingerlike-sixmolecule-clusters-quantum-components.html,publication,legitimacy,2026-07-20 05:23:54.330991+00:00,2026-07-16 00:00:00+00:00,0.85,False,False
ddfad161-e961-45f8-83c8-4ff8114dba8f,psi,hermes,website,https://www.phys.ethz.ch/news-and-events/d-phys-news/2026/01/surgery-for-quantum-bits.html,publication,community_ecosystem,2026-07-20 05:33:25.072193+00:00,2026-01-30 00:00:00+00:00,0.7,False,False
005812f8-9d5c-4bc6-9ec5-008ecbaa1894,psi,hermes,website,https://scnat.ch/en/uuid/i/8cf1f99b-647e-5484-979a-96c80c76f23c-Four_Projects_Selected_in_the_Call_for_TRL-enhancing_initiatives,funding_event,future_trajectory,2026-07-20 05:33:25.072193+00:00,2026-04-10 00:00:00+00:00,0.7,False,False
89ae06c6-86cb-4c70-aa0e-067ee3e5bc8c,psi,hermes,website,https://edm.ethz.ch/news/precision-physics-at-low-energy-group-news/2026/02/nccr-muoniverse-receives-funding.html,funding_event,future_trajectory,2026-07-20 05:33:25.072193+00:00,2026-02-18 00:00:00+00:00,0.5,False,False
8df9df17-f3c2-4f02-98ae-750b814eb31c,psi,hermes,website,https://www.psi.ch/en/news/media-releases/important-funding-for-muon-research,funding_event,future_trajectory,2026-07-20 05:33:25.072193+00:00,2026-01-30 00:00:00+00:00,0.8,False,False
1d40638a-461a-43e1-97eb-8747d0c5b308,psi,hermes,website,https://www.psi.ch/de/visit/public-tours/quantentechnologie,strategic_positioning,community_ecosystem,2026-07-20 05:33:25.072193+00:00,2026-03-10 00:00:00+00:00,0.5,False,False
b92ab126-4943-43ea-96e7-fd50088bc80b,psi,hermes,website,https://www.psi.ch/en/news/media-releases/quantum-material-under-pressure,publication,legitimacy,2026-07-20 05:33:25.072193+00:00,2026-01-01 00:00:00+00:00,0.7,False,False
66492be0-ca49-4dd5-9817-1a1aef3b0c73,zhaw,hermes,website,https://www.zhaw.ch/de/ueber-uns/aktuell/news,leadership_appointment,legitimacy,2026-07-20 05:54:04.160161+00:00,2026-05-27 00:00:00+00:00,0.75,False,False
7b081b19-fc43-4edd-ba80-aea2fcc95866,zhaw,hermes,website,https://www.zhaw.ch/de/engineering/institute-zentren/init/news/news/event-news/neue-plattform-buendelt-expertise-in-der-quantenforschung,strategic_positioning,community_ecosystem,2026-07-20 05:54:04.160161+00:00,2026-05-27 00:00:00+00:00,0.85,False,False
b71ee932-c4a8-43e0-a3a0-fec206753775,fhnw,hermes,website,https://www.fhnw.ch/de/technik-umwelt/aktuelles/news-storys/alle/quantentechnologie-bridge-quantum-projekte,consortium_funding,customer_cocreation,2026-07-20 05:58:16.779213+00:00,2026-04-21 00:00:00+00:00,0.75,False,False
8f547cc3-2ac1-4ebc-9971-c903c0119d35,fhnw,hermes,website,https://digitaltrust-competence.ch/introduction-to-quantum-technologies-and-the-swiss-ecosystem/,strategic_positioning,community_ecosystem,2026-07-20 05:58:16.779213+00:00,2026-05-22 00:00:00+00:00,0.7,False,False
7a3f0222-16a7-4a42-9188-8c2fb217c305,switzerland-innovation-parks,hermes,website,https://www.switzerland-innovation.com,consortium_membership,community_ecosystem,2026-07-20 06:11:44.042788+00:00,,0.35,False,False
9fa11fc3-e8cc-4978-bb5e-53028eb6fa21,qai-ventures,hermes,website,https://qai-ventures.com,accelerator_program_launch,community_ecosystem,2026-07-20 06:16:34.360177+00:00,2026-07-09 00:00:00+00:00,0.55,False,False
d5a7a1e5-0dcf-4975-bc94-4bdd8b810815,qai-ventures,hermes,website,https://qai-ventures.com,strategic_partnership,customer_cocreation,2026-07-20 06:16:34.360177+00:00,2026-04-13 00:00:00+00:00,0.55,False,False
62a0e6a6-197c-41bd-a5b9-4f15679418cb,qai-ventures,hermes,website,https://qai-ventures.com,ecosystem_partnership,community_ecosystem,2026-07-20 06:16:34.360177+00:00,2026-02-25 00:00:00+00:00,0.55,False,False
66931d42-4d6d-4159-9a67-3808ac0e7f85,quantumbasel,hermes,website,https://www.quantumbasel.com/press-news/,workshop_event,community_ecosystem,2026-07-20 06:21:15.768749+00:00,2026-01-07 00:00:00+00:00,0.6,False,False
d81dd86f-7876-4f86-9e31-db9287b3c961,quantumbasel,hermes,website,https://www.quantumbasel.com/press-news/,publication,legitimacy,2026-07-20 06:21:15.768749+00:00,2025-12-02 00:00:00+00:00,0.6,False,False
f8cbddc5-73ec-46cb-ad60-40e2848395ac,quantumbasel,hermes,website,https://www.quantumbasel.com/press-news/,media_coverage,community_ecosystem,2026-07-20 06:21:15.768749+00:00,2025-10-27 00:00:00+00:00,0.55,False,False
9aef9104-ed10-481c-93b2-5f7186130362,quantumbasel,hermes,website,https://www.quantumbasel.com/press-news/,partnership_announcement,customer_cocreation,2026-07-20 06:21:15.768749+00:00,2026-03-16 00:00:00+00:00,0.65,False,False
389da6c7-1451-4c58-a220-601fa0dacee0,quantumbasel,hermes,website,https://www.quantumbasel.com/press-news/,publication,community_ecosystem,2026-07-20 06:21:15.768749+00:00,2025-12-18 00:00:00+00:00,0.6,False,False
65d35f58-0d39-45f2-8954-57e6b768be4e,gesda,hermes,website,https://gesda.global/geneva-science-diplomacy-week-2024/,conference_participation,community_ecosystem,2026-07-20 06:25:39.613306+00:00,2026-06-25 00:00:00+00:00,0.55,False,False
89b7a066-2677-4317-9596-33be820b1324,gesda,hermes,website,https://radar.gesda.global/,publication,legitimacy,2026-07-20 06:25:39.613306+00:00,2026-01-01 00:00:00+00:00,0.7,True,False
e0633242-94d6-4eb6-b2f0-08879560fae0,id-quantique,hermes,website,https://www.idquantique.com/category/press-releases/,partnership_announcement,customer_cocreation,2026-07-20 06:41:20.032061+00:00,2025-05-28 00:00:00+00:00,0.55,False,False
02e94092-a3b4-4778-91de-a59c208e044f,id-quantique,hermes,website,https://www.idquantique.com/category/press-releases/,customer_use_case,customer_cocreation,2026-07-20 06:41:20.032061+00:00,2025-03-07 00:00:00+00:00,0.55,True,False
2fc6f870-c4ad-4fe4-9fe3-e5fecd3804d9,id-quantique,hermes,website,https://www.idquantique.com/category/press-releases/,pilot_announcement,customer_cocreation,2026-07-20 06:41:20.032061+00:00,2025-06-26 00:00:00+00:00,0.55,False,False
b7d47395-3f60-4943-af14-d38eb8b7ed66,id-quantique,hermes,website,https://www.idquantique.com/category/press-releases/,partnership_announcement,customer_cocreation,2026-07-20 06:41:20.032061+00:00,2025-06-12 00:00:00+00:00,0.55,False,False
14380f30-2ae5-4c14-b1e7-fb4093e93f18,id-quantique,hermes,website,https://www.idquantique.com/category/press-releases/,consortium_membership,community_ecosystem,2026-07-20 06:41:20.032061+00:00,2025-03-20 00:00:00+00:00,0.55,False,False
83aa99f2-0358-4345-beb5-87e7a767a626,id-quantique,hermes,website,https://www.idquantique.com/category/press-releases/,product_roadmap,future_trajectory,2026-07-20 06:41:20.032061+00:00,2026-06-17 00:00:00+00:00,0.55,False,False
278a2d93-3343-4b4d-b16e-93e6f647d8eb,id-quantique,hermes,website,https://www.idquantique.com/category/press-releases/,certification,legitimacy,2026-07-20 06:41:20.032061+00:00,2026-03-03 00:00:00+00:00,0.55,False,False
1c16f911-a897-441c-a7f7-619d1e00ac23,id-quantique,hermes,website,https://www.idquantique.com/category/press-releases/,pilot_announcement,customer_cocreation,2026-07-20 06:41:20.032061+00:00,2025-12-16 00:00:00+00:00,0.55,False,False
76c325c8-78bf-4d80-ba52-ea1856d3c8b1,id-quantique,hermes,website,https://www.idquantique.com/category/press-releases/,pilot_announcement,customer_cocreation,2026-07-20 06:41:20.032061+00:00,2025-12-08 00:00:00+00:00,0.55,False,True
a60cf386-a65c-4925-a3bf-1d6dd9382f8e,id-quantique,hermes,website,https://www.idquantique.com/category/press-releases/,consortium_membership,community_ecosystem,2026-07-20 06:41:20.032061+00:00,2025-10-17 00:00:00+00:00,0.55,False,False
0dc85479-e065-44ce-8883-aea1c043e8d9,zurich-instruments,hermes,website,https://www.zhinst.com/en,consortium_membership,community_ecosystem,2026-07-20 06:47:25.637704+00:00,,0.65,False,False
18d15ade-4f08-4ac6-802a-4f8e54aa77a7,zurich-instruments,hermes,website,https://www.zhinst.com/en,strategic_positioning,community_ecosystem,2026-07-20 06:47:25.637704+00:00,,0.6,False,False
2ce9a6dc-e1fa-4fd2-9cd7-b8f4f5f95866,zurich-instruments,hermes,news,http://www.azom.com/news.aspx?newsID=62621,product_launch,future_trajectory,2026-07-20 06:47:25.637704+00:00,2024-02-29 00:00:00+00:00,0.55,False,False
7cb44761-db26-4852-b7a6-0e1c4965d051,swissphotonics,hermes,website,https://www.swissphotonics.net/,strategic_positioning,community_ecosystem,2026-07-20 06:59:29.217616+00:00,2025-07-20 00:00:00+00:00,0.35,False,False
1bc06253-2258-4e92-a4e9-6e31b850d076,swissphotonics,hermes,website,https://www.swissphotonics.net/,funding_event,legitimacy,2026-07-20 06:59:29.217616+00:00,2025-07-20 00:00:00+00:00,0.35,False,False
d279aa91-1efa-4dec-9d33-6bdd2837bfcf,swissphotonics,hermes,website,https://www.swissphotonics.net/,strategic_positioning,future_trajectory,2026-07-20 06:59:29.217616+00:00,2025-07-20 00:00:00+00:00,0.35,True,False
89177210-f52f-4bc8-a52d-e3177fbb2019,miraex,hermes,news,https://www.theglobeandmail.com/investing/markets/stocks/LAES/pressreleases/920298/sealsq-signs-letter-of-intent-to-acquire-100-of-miraex-a-swiss-quantum-interconnect-platform-company/,m_and_a,future_trajectory,2026-07-20 07:04:27.746911+00:00,2026-03-24 00:00:00+00:00,0.7,False,False
c06e520b-786a-4a92-b21b-750a4c09cca1,miraex,hermes,website,https://www.miraex.com/news/miraex-and-seal-sq-sign-a-letter-of-intent-to-acquire-100-of-miraex/,m_and_a,future_trajectory,2026-07-20 07:04:27.746911+00:00,2026-04-07 00:00:00+00:00,0.75,False,False
eaa9c921-a704-4635-aff8-41b33018e0d7,miraex,hermes,website,https://www.miraex.com/news/q-modus-snsf-bridge-quantum-call/,consortium_membership,community_ecosystem,2026-07-20 07:04:27.746911+00:00,2026-04-07 00:00:00+00:00,0.7,False,False
6cc8b085-84bd-47cd-80c3-2a337febd79b,miraex,hermes,website,https://www.miraex.com/news/miraex-joins-swiss-national-startup-team-in-silicon-valley-roadshow/,award_recognition,legitimacy,2026-07-20 07:04:27.746911+00:00,2025-02-26 00:00:00+00:00,0.65,False,False
7ba4e79e-7123-4b18-844e-5675ed62f170,qnami,hermes,website,https://qnami.ch/qnami-joins-quantum-design-to-accelerate-the-future-of-quantum-sensing/,acquisition,future_trajectory,2026-07-20 07:09:02.968076+00:00,2026-06-02 00:00:00+00:00,0.85,False,False
e48be368-b4c4-4782-8764-2b117ae28bea,ionq,hermes,website,https://ionq.com/blog/mind-the-gaps-quantum-optimization-for-efficient-electric-and-autonomous-freight-dispatch-with-ionq-and-einride,pilot_announcement,customer_cocreation,2026-07-20 07:27:01.328947+00:00,2026-04-30 00:00:00+00:00,0.8,False,False
d7ca70b4-3ccf-4409-8a83-3ee3535428cc,ionq,hermes,website,https://ionq.com/blog/bypassing-the-horizon-how-space-based-laser-networks-are-rewriting-the-rules-of-satellite-intelligence,technological_advance,future_trajectory,2026-07-20 07:27:01.328947+00:00,2026-06-24 00:00:00+00:00,0.8,True,False
8bcd4c28-7ed2-496b-8f90-71c81bb754bf,ionq,hermes,website,https://investors.ionq.com/news/news-details/2026/IonQ-Introduces-Clavis-XG-Multiplex-Making-Quantum-Security-Deployable-at-Scale-in-Metro-Networks/default.aspx,product_launch,future_trajectory,2026-07-20 07:27:01.328947+00:00,2026-06-17 00:00:00+00:00,0.85,False,False
45dddd77-2740-4c7a-a8b3-768818f50ac0,ionq,hermes,website,https://ionq.co/quantum-systems/forte-enterprise,product_launch,future_trajectory,2026-07-20 07:27:01.328947+00:00,2026-01-15 00:00:00+00:00,0.65,False,False
272d44af-cd8a-4025-8340-4a0967612808,ionq,hermes,website,https://ionq.com/blog/blueprint-for-fault-tolerant-trapped-ion-quantum-computing-the-walking-cat-architecture,roadmap_publication,future_trajectory,2026-07-20 07:27:01.328947+00:00,2026-04-22 00:00:00+00:00,0.8,False,False
0ac625be-f358-4371-b263-d904f67f846d,ligentec,hermes,website,https://www.ligentec.com/news/,award,legitimacy,2026-07-20 07:31:16.248912+00:00,2026-02-01 00:00:00+00:00,0.85,False,False
e44fdbf3-55ee-4d6d-aabd-200de0f34f77,ligentec,hermes,website,https://www.ligentec.com/news/,leadership_recognition,legitimacy,2026-07-20 07:31:16.248912+00:00,2026-01-01 00:00:00+00:00,0.8,False,False
413881d5-b540-49c5-9590-a05c0cb2f3bb,ligentec,hermes,website,https://www.ligentec.com/news/,strategic_partnership,community_ecosystem,2026-07-20 07:31:16.248912+00:00,2026-01-01 00:00:00+00:00,0.85,True,False
cb1d1b6b-3c5b-40c3-8b0c-0be479537b6f,zuriq,hermes,website,https://zuriq.com/news/zuriq-raises-3-8m-chf-in-first-financing-round-from-vc-consortium/,funding_event,future_trajectory,2026-07-20 07:45:53.224144+00:00,2025-01-23 00:00:00+00:00,0.85,False,False
c4f9dd8e-3b73-4b57-b947-891aa60ba1cb,zuriq,hermes,website,https://zuriq.com/news/zuriq-and-infineon-join-forces-to-advance-ion-trap-chip-technology/,partnership_announcement,customer_cocreation,2026-07-20 07:45:53.224144+00:00,2025-05-01 00:00:00+00:00,0.8,False,False
2bdf39b0-4b7c-4716-8c76-0fa679618a10,zuriq,hermes,website,https://zuriq.com/news/zuriq-enters-corporate-partnership-with-eth-quantum-center/,consortium_membership,community_ecosystem,2026-07-20 07:45:53.224144+00:00,2024-12-09 00:00:00+00:00,0.8,False,False
479b4ad9-1d01-4235-ace6-ff322ab1b580,zuriq,hermes,website,https://zuriq.com/news/,accelerator_graduation,legitimacy,2026-07-20 07:45:53.224144+00:00,2024-11-20 00:00:00+00:00,0.65,False,False
57cac94e-04fb-4cb0-b47c-49a7dc43ee00,zuriq,hermes,website,https://zuriq.com/news/zuriq-founding-team-drives-breakthrough-in-single-ion-electromagnetic-field-detection/,publication,legitimacy,2026-07-20 07:45:53.224144+00:00,2026-07-08 00:00:00+00:00,0.85,False,False
72c639cf-5059-47e2-9bbb-4cfea0d290a2,swissnex,hermes,website,https://swissnex.org/quantum,ecosystem_building,community_ecosystem,2026-07-20 07:53:29.088639+00:00,2025-05-19 00:00:00+00:00,0.75,False,False
4de6dc30-3291-43d4-a8cd-6f36309be04c,swissnex,hermes,website,https://swissnex.org/quantum,community_launch,community_ecosystem,2026-07-20 07:53:29.088639+00:00,2025-06-10 00:00:00+00:00,0.75,False,False
468110dd-79bb-4abe-b9e5-9606310521d9,swissnex,hermes,website,https://swissnex.org/quantum,conference_organization,community_ecosystem,2026-07-20 07:53:29.088639+00:00,2025-11-10 00:00:00+00:00,0.75,False,False
1d52d453-f4a3-409f-90f4-3cebc1f28bca,swissnex,hermes,website,https://swissnex.org/quantum,bilateral_cooperation,community_ecosystem,2026-07-20 07:53:29.088639+00:00,2025-10-08 00:00:00+00:00,0.75,False,False
17718027-e209-4740-b1b9-3edfa0863779,swissnex,hermes,website,https://swissnex.org/quantum,ecosystem_building,community_ecosystem,2026-07-20 07:53:29.088639+00:00,2025-07-02 00:00:00+00:00,0.75,False,False
d811b2e2-ec93-4ecd-8dd1-133215ebf264,swissnex,hermes,website,https://swissnex.org/quantum,bilateral_cooperation,community_ecosystem,2026-07-20 07:53:29.088639+00:00,2025-06-23 00:00:00+00:00,0.75,False,False
cf9124ea-742d-41a8-8e93-3c897944a90d,swissnex,hermes,website,https://swissnex.org/quantum,international_delegation,community_ecosystem,2026-07-20 07:53:29.088639+00:00,2025-04-08 00:00:00+00:00,0.75,False,False
bfe5984b-4a12-412b-8013-c4f385c21648,cscs,hermes,news,https://www.hpcwire.com/off-the-wire/cscs-powers-off-piz-daint-making-way-for-the-alps-supercomputer/,infrastructure_transition,future_trajectory,2026-07-21 05:35:27.038624+00:00,2025-02-07 00:00:00+00:00,0.9,False,False
13bfcfd7-c995-4f5f-9bb3-cceae8652769,cscs,hermes,website,https://www.cscs.ch/publications/news/2026/hpc-ai-advisory-council-swiss-conference-2026,conference_hosting,community_ecosystem,2026-07-21 05:35:27.038624+00:00,2026-03-23 00:00:00+00:00,0.85,True,False
7c349a8c-3351-4ee1-b826-dd944bcb2c6d,cscs,hermes,arxiv,https://arxiv.org/abs/2511.03359,publication,legitimacy,2026-07-21 05:35:27.038624+00:00,2025-11-10 00:00:00+00:00,0.75,False,False
5efb3459-d7da-47e4-a02a-3a4363c3c5a2,cscs,hermes,website,https://www.cscs.ch/publications/news/2024/pasc-projects-2025-2028,consortium_funding,future_trajectory,2026-07-21 05:35:27.038624+00:00,2024-12-09 00:00:00+00:00,0.8,False,False
73e124f8-6ab0-486f-aa80-b159b78b5418,cscs,hermes,website,https://www.cscs.ch/publications/news/2025/eth-zurich-and-cscs-play-a-major-role-in-this-years-gordon-bell-prizes,award_recognition,legitimacy,2026-07-21 05:35:27.038624+00:00,2025-11-24 00:00:00+00:00,0.85,False,False
fe2f59fa-e0b7-4edf-9f4a-5d1739bd2440,cscs,hermes,news,https://www.s-ge.com/invest/en/articles/news/alps-supercomputer-now-officially-inaugurated,infrastructure_milestone,legitimacy,2026-07-21 05:35:27.038624+00:00,2025-11-04 00:00:00+00:00,0.9,False,False
a8af1828-5e48-499d-af19-def36ee17d34,id-quantique,masfactory,news,https://www.idquantique.com/category/press-releases/page/7/,regulatory_recognition,legitimacy,2026-07-22 03:52:51.434068+00:00,,0.9,False,False
086fb18a-7f9c-4c94-8c73-c2306a50a40a,quantumbasel,masfactory,news,https://ionq.com/news/ionq-and-quantumbasel-partner-to-achieve-future-quantum-advantages-with,industry_partnerships,community_ecosystem,2026-07-22 03:52:51.434068+00:00,,0.9,False,False
bdf549c6-0e57-47fc-9b66-aed051a657b7,quantumbasel,masfactory,news,https://www.dwavesys.com/company/newsroom/press-release/vinci-energies-and-quantumbasel-launch-a-pilot-project-with-d-wave-s-quantum-technology/,pilots_pocs,customer_cocreation,2026-07-22 03:52:51.434068+00:00,,0.95,False,False
826543ff-1755-45f8-8cc8-58e8224bdd83,ionq,masfactory,news,https://thequantuminsider.com/2026/07/21/ionq-quantumbasel-study-suggests-hybrid-ai-workloads-could-gain-energy-advantages-from-quantum-hardware-as-systems-scale/,publications,legitimacy,2026-07-22 03:52:51.434068+00:00,,0.9,False,False
08f6d537-eecf-471d-a9d2-d4bdf032722d,eth-zurich-quantum-center,hermes,website,https://www.phys.ethz.ch/news-and-events/d-phys-news/2026/06/securing-research-grants-to-break-new-ground.html,funding_event,legitimacy,2026-07-22 05:23:52.972467+00:00,2026-06-22 00:00:00+00:00,0.8,True,False
ce483e4b-3ae6-40dc-aa0f-722cfd746426,eth-zurich-quantum-center,hermes,news,https://newsroom.ibm.com/2026-03-31-IBM-and-ETH-Zurich-join-forces-to-shape-the-future-of-algorithms-for-the-AI-and-quantum-era,strategic_positioning,future_trajectory,2026-07-22 05:23:52.972467+00:00,2026-03-31 00:00:00+00:00,0.85,True,False
9af8ccff-0b8b-4e3c-8c1d-cf80d664f968,eth-zurich-quantum-center,hermes,website,https://ee.ethz.ch/news-and-events/d-itet-news-channel/2026/05/bright-minds-happy-faces-record-attendance-at-eth-quantum-hackathon-2026.html,hackathon,community_ecosystem,2026-07-22 05:23:52.972467+00:00,2026-05-12 00:00:00+00:00,0.8,False,False
5c7020bf-5c18-4dcd-bea1-e42cfae6c0f1,eth-zurich-quantum-center,hermes,website,https://www.phys.ethz.ch/news-and-events/d-phys-news/2026/05/best-of-two-worlds-superconducting-qubits-and-mechanical-resonators-for-quantum-computing.html,technological_advances,future_trajectory,2026-07-22 05:23:52.972467+00:00,2026-05-28 00:00:00+00:00,0.85,True,False
2323b24c-1b5b-4f92-b42c-8725243b87cd,eth-zurich-quantum-center,hermes,website,https://ethz.ch/en/news-and-events/eth-news/news/2026/06/twelve-top-research-projects-win-millions-in-european-funding.html,funding_event,legitimacy,2026-07-22 05:23:52.972467+00:00,2026-06-23 00:00:00+00:00,0.8,False,False
58229fe5-a311-4aa6-b5d2-414f48361e83,eth-zurich-quantum-center,hermes,website,https://ethz.ch/en/news-and-events/eth-news/news/2026/05/perfect-randomness-realised-for-the-first-time.html,technological_advances,future_trajectory,2026-07-22 05:23:52.972467+00:00,2026-05-27 00:00:00+00:00,0.65,False,False
6758e2c8-15da-433b-ad95-e2a46e5c813d,eth-zurich-quantum-center,hermes,website,https://ethz-foundation.ch/en/spotlight/news-2026-annual-report-2025/,funding_event,legitimacy,2026-07-22 05:23:52.972467+00:00,2026-04-02 00:00:00+00:00,0.65,False,False
4d11ccf1-30cd-42dc-ae77-0af5d5d89c6e,eth-zurich-quantum-center,hermes,website,https://bqc.unibas.ch/en/outreach/,conference_symposium,community_ecosystem,2026-07-22 05:23:52.972467+00:00,2026-07-22 00:00:00+00:00,0.6,False,False
97a0c34a-b095-43fd-93e4-5615f502977e,basel-quantum-center,hermes,website,https://bqc.unibas.ch/en/network/qcqt-phd-school/awards-and-support/,award,legitimacy,2026-07-22 05:29:29.555815+00:00,2025-12-10 00:00:00+00:00,0.8,False,False
01fd86ae-b3ed-4a7d-b45c-b333039fa9b3,basel-quantum-center,hermes,website,https://scnat.ch/en/uuid/i/8cf1f99b-647e-5484-979a-96c80c76f23c-Four_Projects_Selected_in_the_Call_for_TRL-enhancing_initiatives,funding_event,legitimacy,2026-07-22 05:29:29.555815+00:00,2026-04-10 00:00:00+00:00,0.8,False,False
d143565b-b9ad-4e24-a549-8fb854efd878,basel-quantum-center,hermes,arxiv,https://arxiv.org/abs/2607.06219,publication,legitimacy,2026-07-22 05:29:29.555815+00:00,2026-07-07 00:00:00+00:00,0.95,True,False
f7ba061b-b9b1-4a2d-87db-c0fee91b522a,basel-quantum-center,hermes,arxiv,https://arxiv.org/abs/2602.16234,publication,legitimacy,2026-07-22 05:29:29.555815+00:00,2026-02-25 00:00:00+00:00,0.9,False,False
d9ed6752-66c3-40ac-ba34-870d267e3024,basel-quantum-center,hermes,arxiv,https://arxiv.org/abs/2607.17734,publication,legitimacy,2026-07-22 05:29:29.555815+00:00,2026-07-20 00:00:00+00:00,0.95,False,False
137843cc-54de-43c6-a3b4-9cf138c7a630,basel-quantum-center,hermes,website,https://bqc.unibas.ch/en/research/highlights/,strategic_positioning,community_ecosystem,2026-07-22 05:29:29.555815+00:00,2026-03-03 00:00:00+00:00,0.7,False,False
108f3174-cb8c-4db3-b08d-0fdd87d89060,basel-quantum-center,hermes,website,https://bqc.unibas.ch/en/news-events/,ecosystem_builder,community_ecosystem,2026-07-22 05:29:29.555815+00:00,2026-07-15 00:00:00+00:00,0.75,False,False
197bde5b-edaa-4132-b4c6-ae5538e5a6de,basel-quantum-center,hermes,website,https://www.snf.ch/en/N01wa8jzDaYFaPca/news/swiss-quantum-call-2026,funding_opportunity,future_trajectory,2026-07-22 05:29:29.555815+00:00,2026-07-15 00:00:00+00:00,0.65,False,False
ab896e80-63d9-4a86-a2ad-b7d4e667dd05,basel-quantum-center,hermes,website,https://www.unibas.ch/en/News-Events/News/Uni-Info/University-of-Basel-and-QuantumBasel-join--forces-for-quantum-computing-innovations-in-Switzerland.html,strategic_partnership,community_ecosystem,2026-07-22 05:29:29.555815+00:00,2024-10-22 00:00:00+00:00,0.85,False,False
60aa5e4d-3432-4cdb-b2cd-1e291444f81b,basel-quantum-center,hermes,website,https://www.unibas.ch/en/News-Events/News/Uni-Info/Swiss-Quantum-Initiative-federal-government-to-promote-quantum-research-projects-in-Basel.html,funding_event,legitimacy,2026-07-22 05:29:29.555815+00:00,2024-09-11 00:00:00+00:00,0.8,True,False
ecf849f9-a100-4bf6-9f63-adf5f341618d,basel-quantum-center,hermes,website,https://www.unibas.ch/en/News-Events/News/Uni-Info/University-of-Basel-takes-co-lead-role-in-National-Centre-of-Competence-in-Research-Precision.html,strategic_positioning,legitimacy,2026-07-22 05:29:29.555815+00:00,2026-01-30 00:00:00+00:00,0.9,False,False
ad902302-d2ef-46e2-9ec9-f0adb60b04bc,basel-quantum-center,hermes,website,https://bqc.unibas.ch/en/news/details/swiss-quantum-days-2026-in-engelberg/,conference_role,community_ecosystem,2026-07-22 05:29:29.555815+00:00,2026-02-02 00:00:00+00:00,0.85,False,False
135622d6-13cb-4eb9-89b2-914afc1cb011,basel-quantum-center,hermes,website,https://bqc.unibas.ch/en/research/highlights/,award,legitimacy,2026-07-22 05:29:29.555815+00:00,2026-06-09 00:00:00+00:00,0.8,True,False
d31c126c-fb2d-413c-bc4f-a678037fdbf5,basel-quantum-center,hermes,news,https://www.linkedin.com/posts/qnami_quantumtechnology-quantumsensing-nanotechnology-activity-7467688879391920128-KrEz,acquisition,customer_cocreation,2026-07-22 05:29:29.555815+00:00,2026-06-02 00:00:00+00:00,0.55,False,False
ae5ab567-452e-40b5-9b75-219232512a61,qnami,hermes,website,https://qnami.ch/qnami-joins-quantum-design/,ma_acquisition,future_trajectory,2026-07-22 07:16:40.702800+00:00,2026-06-02 00:00:00+00:00,0.85,False,False
cbb052c0-0e13-4651-a799-700c57540c30,qnami,hermes,website,https://qnami.ch/qnami-supports-verticalcompute/,pilot_announcement,customer_cocreation,2026-07-22 07:16:40.702800+00:00,2025-06-25 00:00:00+00:00,0.75,False,False
a447f927-e40d-48a3-95bf-1ebfe3dddeeb,ligentec,hermes,website,https://www.ligentec.com/wp-content/uploads/2026/01/2026-LIGENTEC-and-XFAB-Expand-Integrated-Photonics-Offering.pdf,consortium_partnership,community_ecosystem,2026-07-22 07:27:38.772469+00:00,2026-01-19 00:00:00+00:00,0.8,False,False
9c6ff69d-27a6-4305-832e-e30450201dea,ligentec,hermes,website,https://www.ligentec.com/news,award,legitimacy,2026-07-22 07:27:38.772469+00:00,2026-01-01 00:00:00+00:00,0.7,False,False
d5f388d0-83b5-4b1f-98dc-3aa181fadbff,terra-quantum,masfactory,news,https://tech.eu/2023/11/13/terra-quantum-announces-hybrid-quantum-computing-collaboration-with-nvidia/,industry_partnerships,community_ecosystem,2026-07-23 03:07:47.568615+00:00,,0.85,False,False
ec8f4404-981c-4ae0-9059-aeec725bd359,terra-quantum,masfactory,news,https://techcrunch.com/2022/01/20/terra-quantum-raises-60m-for-its-quantum-as-a-service-platform/,funding_event,legitimacy,2026-07-23 03:07:47.568615+00:00,,0.95,False,False
abfc0745-8e45-4abc-9f96-75038f2b36f7,zurich-instruments,masfactory,news,https://www.zhinst.com/new-shf-plus,technological_advances,future_trajectory,2026-07-23 03:07:47.568615+00:00,,0.9,False,False
fa3dfbd7-581a-417a-a9b3-40f5fd654150,cern-quantum-technology-initiative,hermes,news,https://www.singlequantum.com/single-quantum-and-qunnect-partner-with-cern-qti-on-quantum-networking-experiments-at-newly-inaugurated-quantum-lab/,pilot_announcement,customer_cocreation,2026-07-23 05:10:13.475067+00:00,2026-06-15 00:00:00+00:00,0.85,False,False
0020b274-5170-4c00-a584-39d1a66cda93,cern-quantum-technology-initiative,hermes,website,https://indico.cern.ch/event/1603106/,conference_workshop,community_ecosystem,2026-07-23 05:10:13.475067+00:00,2026-04-20 00:00:00+00:00,0.9,False,False
d9204205-80cf-42bd-b39d-8ba70400c2c5,cern-quantum-technology-initiative,hermes,arxiv,https://arxiv.org/abs/2604.07448,publication,legitimacy,2026-07-23 05:10:13.475067+00:00,2026-04-08 00:00:00+00:00,0.95,True,False
de4a4fee-6528-4c90-84b3-68411db0dd42,cern-quantum-technology-initiative,hermes,news,"https://www.liverpool.ac.uk/doctoral-training/innovation-in-data-intensive-science/news/stories/title,1551327,en.php",academic_outreach,community_ecosystem,2026-07-23 05:10:13.475067+00:00,2026-05-12 00:00:00+00:00,0.8,True,False
1d97fde6-7b10-4ff5-ac17-e5f8b19ffa84,cern-quantum-technology-initiative,hermes,arxiv,https://arxiv.org/abs/2602.09020,publication,legitimacy,2026-07-23 05:10:13.475067+00:00,2026-02-09 00:00:00+00:00,0.95,False,False
2fe56354-2be5-4137-a913-6c14a0c05e2c,cern-quantum-technology-initiative,hermes,news,https://qt.eu/news/2026/2026-05-11_Quantum_Flagship_at_Q-Expo_Meet,conference_speaking,community_ecosystem,2026-07-23 05:10:13.475067+00:00,2026-05-12 00:00:00+00:00,0.7,True,False
27bf2817-2b8f-4cb6-b9d5-2befe807309d,cern-quantum-technology-initiative,hermes,news,https://connect.geant.org/2025/10/20/join-the-first-sig-quantum-face-to-face-meeting-at-cern,consortium_membership,community_ecosystem,2026-07-23 05:10:13.475067+00:00,2026-06-30 00:00:00+00:00,0.75,False,False
c158959a-fbfb-41a6-b60c-8feb79d47b45,cern-quantum-technology-initiative,hermes,news,https://www.linkedin.com/posts/cern-quantum-technology-initiative-cern-qti_nextgentriggers-activity-7427274462796095489-3B_P,education_training,community_ecosystem,2026-07-23 05:10:13.475067+00:00,2026-02-11 00:00:00+00:00,0.45,False,False
698a71a3-9b4d-4cfc-aee1-9f390e522a84,cern-quantum-technology-initiative,hermes,website,https://indico.cern.ch/event/1591956/,conference_workshop,community_ecosystem,2026-07-23 05:10:13.475067+00:00,2026-07-01 00:00:00+00:00,0.9,False,False
d427895b-d0bd-47bf-8241-c59f799e3f75,geneva-quantum-centre,hermes,website,https://www.unige.ch/gap/qic/qtech/news,hiring_strategic_direction,future_trajectory,2026-07-23 05:18:52.590035+00:00,2026-03-01 00:00:00+00:00,0.7,False,False
87a0f090-fb1c-460c-9109-47331eda82bb,geneva-quantum-centre,hermes,website,https://swissquantumdays.ch/wp-content/uploads/2026/01/SQD2026_Program-Booklet_online-version_29.01.26.pdf,conference_role,community_ecosystem,2026-07-23 05:18:52.590035+00:00,2026-01-29 00:00:00+00:00,0.55,False,False
cdfacc5a-5fb1-4809-95ef-81e21d2ac343,geneva-quantum-centre,hermes,website,https://www.unige.ch/medias/en/2025/lancement-du-premier-reseau-quantique-genevois,consortium_membership,community_ecosystem,2026-07-23 05:18:52.590035+00:00,2025-10-14 00:00:00+00:00,0.85,False,False
6100c9c2-b854-4e34-b8a9-c5e3853d3410,geneva-quantum-centre,hermes,arxiv,https://arxiv.org/abs/2606.04947,publication,legitimacy,2026-07-23 05:18:52.590035+00:00,2026-06-03 00:00:00+00:00,0.9,False,False
af782393-e830-4d06-a28b-7e25f48f8b83,geneva-quantum-centre,hermes,arxiv,https://arxiv.org/abs/2605.26705,publication,legitimacy,2026-07-23 05:18:52.590035+00:00,2026-05-26 00:00:00+00:00,0.9,False,False
1d34013e-f336-4325-93da-41fbf41a8764,geneva-quantum-centre,hermes,arxiv,https://arxiv.org/abs/2607.00600,publication,legitimacy,2026-07-23 05:18:52.590035+00:00,2026-07-01 00:00:00+00:00,0.9,False,False
9d020d33-8fd6-459d-9f7a-c6a9356efe7b,geneva-quantum-centre,hermes,website,https://www.unige.ch/gap/qic/theory/team/geraldine-haack,leadership_appointment,legitimacy,2026-07-23 05:18:52.590035+00:00,2026-05-01 00:00:00+00:00,0.8,False,False
9ceae08e-534c-4595-a2b7-90d656c33a7f,geneva-quantum-centre,hermes,website,https://www.unige.ch/gap/qic/qtech/news,award_recognition,legitimacy,2026-07-23 05:18:52.590035+00:00,2025-02-18 00:00:00+00:00,0.75,False,False
10aa4fc5-fd64-43d7-bcf0-cf698d42e42c,cscs,hermes,website,https://www.cscs.ch/publications/news/2026/hpc-ai-advisory-council-swiss-conference-2026,conference_hosting,community_ecosystem,2026-07-23 05:22:28.779521+00:00,2026-03-23 00:00:00+00:00,0.85,True,False
a58532ef-7cd6-4ea4-8586-e8d27f56c0e4,cscs,hermes,arxiv,https://arxiv.org/html/2606.28911v1,publication,legitimacy,2026-07-23 05:22:28.779521+00:00,2026-06-27 00:00:00+00:00,0.9,False,False
09f6151f-923c-4147-8e5d-9510f171123d,cscs,hermes,website,https://www.cscs.ch/publications/news/2026/cscs-booth-at-isc26-conference,conference_presence,community_ecosystem,2026-07-23 05:22:28.779521+00:00,2026-05-20 00:00:00+00:00,0.75,False,False
0f776d3f-707c-4a12-985d-5a65c466e9d4,cscs,hermes,website,https://www.usi.ch/en/feeds/35268,talent_development,community_ecosystem,2026-07-23 05:22:28.779521+00:00,2026-07-01 00:00:00+00:00,0.65,False,False
1702b1e7-d8b2-4afb-9521-7ec61750f94d,cscs,hermes,news,https://www.supercomputing.news/hpc/switzerland-nasa-data-replica-cscs-alps,infrastructure_expansion,future_trajectory,2026-07-23 05:22:28.779521+00:00,2026-07-22 00:00:00+00:00,0.7,True,False
c3cd1e29-cfae-4cfe-b2a8-f0ee54fb4ae0,cscs,hermes,website,https://www.cscs.ch/science/computer-science-hpc/2026/pasc26-strengthening-trust-in-science-through-collaboration,conference_sponsorship,community_ecosystem,2026-07-23 05:22:28.779521+00:00,2026-07-14 00:00:00+00:00,0.8,False,False
61f46047-b372-481d-8cd5-db6635230b7a,open-quantum-institute-cern,hermes,website,https://home.cern/news/news/computing/open-quantum-institute-launches-its-pilot-phase-cern,pilot_announcement,future_trajectory,2026-07-23 05:49:49.370952+00:00,2024-03-05 00:00:00+00:00,0.85,True,False
d19e1435-a15a-48c1-8776-b380186bc2fd,id-quantique,hermes,website,https://www.idquantique.com/category/press-releases/,national_deployment,customer_cocreation,2026-07-23 06:00:40.812414+00:00,2025-12-08 00:00:00+00:00,0.55,False,True
a29235ba-72cd-4367-85f1-b56148f038ef,id-quantique,hermes,website,https://www.idquantique.com/category/press-releases/,consortium_membership,community_ecosystem,2026-07-23 06:00:40.812414+00:00,2025-10-17 00:00:00+00:00,0.55,False,False
af662517-b902-4b23-9433-51abbcb20a10,id-quantique,hermes,website,https://www.idquantique.com/ionq-completes-acquisition-of-id-quantique/,merger_acquisition,future_trajectory,2026-07-23 06:00:40.812414+00:00,2025-05-06 00:00:00+00:00,0.75,False,False
8b717253-1963-4ee3-82e4-59957cf6703f,id-quantique,hermes,website,https://www.idquantique.com/qci-days-2025/,consortium_membership,community_ecosystem,2026-07-23 06:00:40.812414+00:00,2025-04-30 00:00:00+00:00,0.7,False,False
9028669d-a559-4c38-885e-10e1cfede9cb,id-quantique,hermes,website,https://www.idquantique.com/colt-completes-quantum-secured-encryption-trial/,pilot_announcement,customer_cocreation,2026-07-23 06:00:40.812414+00:00,2025-03-20 00:00:00+00:00,0.7,False,False
87aa885b-2ee3-4c64-b9fb-6b6bfc013759,id-quantique,hermes,website,https://www.idquantique.com/colt-partners-with-idq/,partnership_announcement,customer_cocreation,2026-07-23 06:00:40.812414+00:00,2025-06-12 00:00:00+00:00,0.7,False,False
0cccb799-6e8a-43ed-ab05-10951602121a,id-quantique,hermes,website,https://www.idquantique.com/category/press-releases/,pilot_announcement,customer_cocreation,2026-07-23 06:00:40.812414+00:00,2025-06-26 00:00:00+00:00,0.55,False,False
2257c5f8-871a-4a56-8d48-6bfc63f1b81d,id-quantique,hermes,website,https://www.idquantique.com/category/press-releases/,certification,legitimacy,2026-07-23 06:00:40.812414+00:00,2026-03-03 00:00:00+00:00,0.55,False,False
82e7109a-1c4b-4c8c-989e-d5c27e6908db,id-quantique,hermes,website,https://www.idquantique.com/category/press-releases/,national_deployment,customer_cocreation,2026-07-23 06:00:40.812414+00:00,2026-02-27 00:00:00+00:00,0.55,False,False
e3da3e27-124b-4551-af1d-5c38226b479f,id-quantique,hermes,website,https://www.idquantique.com/category/press-releases/,product_launch,future_trajectory,2026-07-23 06:00:40.812414+00:00,2026-06-17 00:00:00+00:00,0.55,False,False
badd1373-ee20-44dc-ad54-b10b7a7fdced,id-quantique,hermes,website,https://www.idquantique.com/category/press-releases/,customer_win,customer_cocreation,2026-07-23 06:00:40.812414+00:00,2025-03-07 00:00:00+00:00,0.55,True,False
8983e783-b1e5-4b89-8d8d-756cbabcb6fb,qnami,hermes,website,https://qnami.ch/qnami-joins-quantum-design-to-accelerate-the-future-of-quantum-sensing/,merger_acquisition,future_trajectory,2026-07-23 06:21:21.875189+00:00,2026-06-02 00:00:00+00:00,0.85,False,False
236ef51b-5d44-45c7-a39d-d4a64437df8a,ionq,hermes,website,https://investors.ionq.com/news/news-details/2026/IonQ-Introduces-Clavis-XG-Multiplex-Making-Quantum-Security-Deployable-at-Scale-in-Metro-Networks/default.aspx,product_launch,future_trajectory,2026-07-23 06:29:42.857747+00:00,2026-06-17 00:00:00+00:00,0.75,False,False
660bb00c-2d98-45b7-95d2-4d3a2a439da8,femtoprint,hermes,website,https://www.femtoprint.ch,product_offering,legitimacy,2026-07-23 06:43:07.915355+00:00,,0.6,False,False
5ba51346-d7b0-434f-b9d6-13461418bd15,femtoprint,hermes,website,https://www.femtoprint.ch/news,strategic_positioning,future_trajectory,2026-07-23 06:43:07.915355+00:00,2026-07-15 00:00:00+00:00,0.55,False,False
99190405-1088-427f-b7da-d22dad6e1782,femtoprint,hermes,website,https://www.femtoprint.ch/news,technological_advances,legitimacy,2026-07-23 06:43:07.915355+00:00,2026-07-01 00:00:00+00:00,0.55,False,False
d3bc6021-e025-4322-9ded-f3254c25e082,femtoprint,hermes,website,https://www.femtoprint.ch/news,strategic_positioning,future_trajectory,2026-07-23 06:43:07.915355+00:00,2026-06-10 00:00:00+00:00,0.55,False,False
134cd88c-59ee-4885-96d3-f234e1bfa5f8,femtoprint,hermes,website,https://www.femtoprint.ch/news,conference_presentation,community_ecosystem,2026-07-23 06:43:07.915355+00:00,2026-05-07 00:00:00+00:00,0.5,False,False
7302363e-5137-4b88-9b89-b001c712c386,femtoprint,hermes,website,https://www.femtoprint.ch/news,conference_presentation,community_ecosystem,2026-07-23 06:43:07.915355+00:00,2026-05-26 00:00:00+00:00,0.5,False,False
a116af77-cea2-4674-8aef-43448d2ef198,zuriq,hermes,website,https://zuriq.com/news/,public_engagement,community_ecosystem,2026-07-23 06:46:05.644107+00:00,2026-03-02 00:00:00+00:00,0.7,False,False
1563341e-1d2d-4f2d-91cb-55f147f5d97d,zuriq,hermes,website,https://zuriq.com/news/,publication,legitimacy,2026-07-23 06:46:05.644107+00:00,2026-07-08 00:00:00+00:00,0.7,False,False
71a02b1f-607d-4c27-b9f0-7b20fd09e9e3,zuriq,hermes,website,https://zuriq.com/news/,technical_roadmap,future_trajectory,2026-07-23 06:46:05.644107+00:00,2025-09-04 00:00:00+00:00,0.7,False,False
0ffb5848-28f9-4f0f-b057-75e4dad50a85,zuriq,hermes,website,https://zuriq.com/news/zuriq-and-infineon-join-forces-to-advance-ion-trap-chip-technology/,partnership_announcement,community_ecosystem,2026-07-23 06:46:05.644107+00:00,2025-07-02 00:00:00+00:00,0.8,False,False
c48eccda-5c1d-4657-a3c5-32bc8b841b87,zuriq,hermes,website,https://zuriq.com/news/zuriq-raises-3-8m-chf-in-first-financing-round-from-vc-consortium/,funding_event,future_trajectory,2026-07-23 06:46:05.644107+00:00,2025-01-23 00:00:00+00:00,0.85,False,False
353d7253-4a8f-42c5-900b-dbed6761a247,zuriq,hermes,website,https://zuriq.com/news/,consortium_membership,community_ecosystem,2026-07-23 06:46:05.644107+00:00,2024-12-09 00:00:00+00:00,0.7,False,False
94c25345-cb49-49f1-82b5-1ceaca2c1541,zuriq,hermes,website,https://zuriq.com/news/,accelerator_graduation,legitimacy,2026-07-23 06:46:05.644107+00:00,2024-11-20 00:00:00+00:00,0.7,False,False
f9496d61-2d8d-4f4b-9223-e8b3e9f45888,cern-quantum-technology-initiative,hermes,website,https://home.cern/white-rabbit-meets-quantum-entanglement/,technological_advances,future_trajectory,2026-07-24 05:15:30.348726+00:00,2025-10-02 00:00:00+00:00,0.8,False,False
1f4ee21c-d957-4aa4-8d45-6bf55991be33,cern-quantum-technology-initiative,hermes,news,https://www.unige.ch/medias/application/files/9117/6043/5911/Launch_of_Genevas_first_quantum_network.pdf,consortium_funding,customer_cocreation,2026-07-24 05:15:30.348726+00:00,2025-10-14 00:00:00+00:00,0.7,False,False
ba1f4bce-878e-477e-9a0d-58bd60d68c8a,cern-quantum-technology-initiative,hermes,website,https://cds.cern.ch/record/2941417/files/English.pdf,funding_event,future_trajectory,2026-07-24 05:15:30.348726+00:00,2025-06-19 00:00:00+00:00,0.6,False,False
aa050353-7804-4023-8d96-c27a545f4213,cern-quantum-technology-initiative,hermes,website,https://home.cern/leaders-quantum-technology-connect-cern/,consortium_membership,community_ecosystem,2026-07-24 05:15:30.348726+00:00,2025-12-19 00:00:00+00:00,0.85,True,False
d44e371a-5473-4b99-bfec-cfa15e0fe7be,cern-quantum-technology-initiative,hermes,news,https://geant.org/join-the-first-sig-quantum-face-to-face-meeting-at-cern/,consortium_membership,community_ecosystem,2026-07-24 05:15:30.348726+00:00,2026-04-09 00:00:00+00:00,0.55,False,False
fcd538ba-19cd-4ab1-839e-0c5d17293706,cern-quantum-technology-initiative,hermes,arxiv,https://arxiv.org/html/2305.02881v2,publication,legitimacy,2026-07-24 05:15:30.348726+00:00,2026-03-16 00:00:00+00:00,0.95,True,False
d8f5eebd-0be7-4c5e-9d95-048647bc14c4,cern-quantum-technology-initiative,hermes,arxiv,https://arxiv.org/html/2602.09020v2,publication,legitimacy,2026-07-24 05:15:30.348726+00:00,2026-07-20 00:00:00+00:00,0.95,False,False
0ebcb0e8-ff03-4ddf-93d8-4f65ce305786,cern-quantum-technology-initiative,hermes,website,https://indico.cern.ch/event/1591956/,conference_role,community_ecosystem,2026-07-24 05:15:30.348726+00:00,2026-07-24 00:00:00+00:00,0.95,False,False
ebe9e76a-5b1b-4e99-9a53-05c3d342e91d,cern-quantum-technology-initiative,hermes,news,https://thequantuminsider.com/2025/09/24/single-quantum-and-qunnect-partner-with-cern-qti-to-launch-quantum-lab/,pilot_announcement,customer_cocreation,2026-07-24 05:15:30.348726+00:00,2025-09-24 00:00:00+00:00,0.85,False,False
ab05ec1f-e383-4ea0-9053-eaedbdd5dc4e,cern-quantum-technology-initiative,hermes,website,https://nextgentriggers.web.cern.ch/applications-open-for-the-cern-mpq-uibk-school-on-quantum-simulation-of-fundamental-physics-2026/,training_education,community_ecosystem,2026-07-24 05:15:30.348726+00:00,2026-02-11 00:00:00+00:00,0.9,False,False
679652e5-9b5a-4d64-97c8-904cbe53cdba,psi,hermes,website,https://www.psi.ch/de/news/medienmitteilungen/zusammenarbeit-metas-und-psi,certification,legitimacy,2026-07-24 05:19:33.606053+00:00,2026-06-30 00:00:00+00:00,0.85,False,False
cfe0b9d7-affd-4729-a505-251b142114b1,psi,hermes,news,https://www.fz-juelich.de/en/news/archive/press-release/2026/when-one-becomes-two-qubit-splitting-for-stable-computing,publication,legitimacy,2026-07-24 05:19:33.606053+00:00,2026-01-30 00:00:00+00:00,0.9,False,False
c3417013-6c71-43a7-bd7e-7a0b7035baf5,psi,hermes,website,https://www.psi.ch/en/news/media-releases/quantum-material-under-pressure,publication,legitimacy,2026-07-24 05:19:33.606053+00:00,2026-07-07 00:00:00+00:00,0.88,False,False
f636cc5d-fde0-4584-8400-c7a0ded07a9f,psi,hermes,news,https://scnat.ch/en/uuid/i/8cf1f99b-647e-5484-979a-96c80c76f23c-Four_Projects_Selected_in_the_Call_for_TRL-enhancing_initiatives,funding_event,future_trajectory,2026-07-24 05:19:33.606053+00:00,2026-04-10 00:00:00+00:00,0.85,False,False
1bc33853-e9c7-4a10-8986-01df90d478a2,psi,hermes,news,https://commercialisation.esa.int/event/esdi-deep-tech-x-space-summit-2026/,consortium_membership,community_ecosystem,2026-07-24 05:19:33.606053+00:00,2026-05-13 00:00:00+00:00,0.75,True,False
82bc21f4-58a0-4c5a-96ac-fc56b415a95e,psi,hermes,news,https://enamine.net/news-press-releases/press-releases/chemspace-enamine-and-paul-scherrer-institute-launch-a-joint-service-for-fragment-based-lead-discovery,partnership_announcement,customer_cocreation,2026-07-24 05:19:33.606053+00:00,2026-04-07 00:00:00+00:00,0.8,False,False
f6538aa2-632a-4e65-9e51-bbe9b85900ac,psi,hermes,arxiv,https://quantum-journal.org/papers/q-2026-06-08-2127/,publication,legitimacy,2026-07-24 05:19:33.606053+00:00,2026-06-08 00:00:00+00:00,0.7,False,False
c9560540-a338-4daf-b72b-b93c6a01595f,eth-psi-quantum-computing-hub,hermes,arxiv,https://arxiv.org/abs/2606.20238,publication,legitimacy,2026-07-24 05:26:54.962298+00:00,2026-06-19 00:00:00+00:00,0.8,False,False
76348c8d-344e-4c00-95e1-492ae0a83cd1,eth-psi-quantum-computing-hub,hermes,arxiv,https://arxiv.org/abs/2512.15330,publication,legitimacy,2026-07-24 05:26:54.962298+00:00,2026-01-13 00:00:00+00:00,0.85,False,False
2188c8cd-0bb2-46d5-bf8d-f867d94a41b4,eth-psi-quantum-computing-hub,hermes,arxiv,https://arxiv.org/abs/2602.05806,publication,legitimacy,2026-07-24 05:26:54.962298+00:00,2026-02-05 00:00:00+00:00,0.9,False,False
24c6196e-b0eb-42af-8423-9e931acbb5d6,eth-psi-quantum-computing-hub,hermes,arxiv,https://arxiv.org/abs/2601.22981,publication,legitimacy,2026-07-24 05:26:54.962298+00:00,2026-01-30 00:00:00+00:00,0.85,False,False
aee6a351-f221-4838-a7e7-accade449979,eth-psi-quantum-computing-hub,hermes,website,https://www.psi.ch/de/news/psi-stories/chirurgie-fuer-qubits,publication,legitimacy,2026-07-24 05:26:54.962298+00:00,2026-02-05 00:00:00+00:00,0.85,False,False
f1cbe345-5a35-451e-bae8-b6cd699c2eee,eth-psi-quantum-computing-hub,hermes,arxiv,https://arxiv.org/abs/2606.02440,publication,legitimacy,2026-07-24 05:26:54.962298+00:00,2026-06-01 00:00:00+00:00,0.9,False,False
e386016a-b2e7-4dea-b0fb-5f61b23fe34f,eth-psi-quantum-computing-hub,hermes,arxiv,https://arxiv.org/abs/2606.28199,publication,legitimacy,2026-07-24 05:26:54.962298+00:00,2026-06-26 00:00:00+00:00,0.8,False,False
447c58fb-af6f-43e3-9ed9-1d737dfca725,geneva-quantum-centre,hermes,arxiv,https://arxiv.org/abs/2605.26705,publication,legitimacy,2026-07-24 05:31:53.525065+00:00,2026-05-26 00:00:00+00:00,0.75,False,False
874d4f9a-299e-402e-9480-e5449ff15d20,geneva-quantum-centre,hermes,website,https://www.unige.ch/gap/qic/qtech/news/launch-geneva-quantum-network,consortium_membership,community_ecosystem,2026-07-24 05:31:53.525065+00:00,2025-10-14 00:00:00+00:00,0.85,False,False
ad6e2662-fb36-48a6-bd4e-2222464cd6ff,geneva-quantum-centre,hermes,news,https://bqc.unibas.ch/en/news/details/swiss-quantum-days-2026-in-engelberg/,conference_role,community_ecosystem,2026-07-24 05:31:53.525065+00:00,2026-02-02 00:00:00+00:00,0.8,False,False
07d5ec93-7000-4e0a-96de-bdaad9304cd3,geneva-quantum-centre,hermes,arxiv,https://arxiv.org/abs/2606.04947,publication,legitimacy,2026-07-24 05:31:53.525065+00:00,2026-06-03 00:00:00+00:00,0.75,False,False
5d77c8f6-3dbc-4305-94d1-779117e0aa11,geneva-quantum-centre,hermes,website,https://www.unige.ch/gap/qic/qtech/news,leadership_appointment,future_trajectory,2026-07-24 05:31:53.525065+00:00,2026-03-01 00:00:00+00:00,0.7,False,False
80503b19-16fe-4b7c-9325-a16239ca2348,gesda,hermes,news,https://genevasolutions.news/science-tech/gesda-reveals-plans-for-geneva-quantum-hub-and-science-diplomacy-curriculum,strategic_positioning,future_trajectory,2026-07-24 05:59:43.331280+00:00,2022-10-14 00:00:00+00:00,0.6,True,False
5c74e4bf-ed83-47ee-91e7-26023b3e8043,gesda,hermes,website,https://gesda.global/geneva-science-diplomacy-week-2024/,conference_hosting,community_ecosystem,2026-07-24 05:59:43.331280+00:00,2024-02-12 00:00:00+00:00,0.75,False,False
035725c3-3664-4846-af25-3811552b8ec6,gesda,hermes,website,https://gesda.global/gesda-news/,conference_hosting,community_ecosystem,2026-07-24 05:59:43.331280+00:00,2025-10-15 00:00:00+00:00,0.7,False,False
261d21cb-9b40-4672-a483-7225ed4ac3c7,gesda,hermes,website,https://gesda.global/gesda-news/,conference_hosting,community_ecosystem,2026-07-24 05:59:43.331280+00:00,2026-06-26 00:00:00+00:00,0.85,False,False
b3fb47fe-674d-4e6a-a0cf-b92a7c30cceb,gesda,hermes,website,https://gesda.global/where-we-are/,conference_announcement,community_ecosystem,2026-07-24 05:59:43.331280+00:00,2026-07-24 00:00:00+00:00,0.8,False,False
46833be0-a9ff-4d8b-b996-92565e1b94ec,id-quantique,hermes,website,https://www.idquantique.com/category/press-releases/,pilot_announcement,customer_cocreation,2026-07-24 06:17:29.676555+00:00,2026-02-27 00:00:00+00:00,0.75,False,False
4ec3f2ba-68c4-4c89-a6b0-95ac9148d0b7,id-quantique,hermes,website,https://www.idquantique.com/qci-days-2025/,consortium_funding,customer_cocreation,2026-07-24 06:17:29.676555+00:00,2025-04-30 00:00:00+00:00,0.7,False,False
e73897e1-1eff-4717-81b4-013c56729b78,id-quantique,hermes,website,https://www.idquantique.com/category/press-releases/,pilot_announcement,customer_cocreation,2026-07-24 06:17:29.676555+00:00,2025-03-20 00:00:00+00:00,0.75,False,False
dbf0e4c6-7696-42f4-88df-14d359beeee7,id-quantique,hermes,website,https://www.idquantique.com/category/press-releases/,customer_deployment,customer_cocreation,2026-07-24 06:17:29.676555+00:00,2025-03-07 00:00:00+00:00,0.75,True,False
bec453bf-f4bd-4201-9d7e-150aaf6334a9,id-quantique,hermes,website,https://www.idquantique.com/category/press-releases/,partnership_announcement,customer_cocreation,2026-07-24 06:17:29.676555+00:00,2025-06-12 00:00:00+00:00,0.75,False,False
9571c1cd-6e60-42bb-b402-de9b42c1343f,id-quantique,hermes,website,https://www.idquantique.com/category/press-releases/,pilot_announcement,customer_cocreation,2026-07-24 06:17:29.676555+00:00,2025-06-26 00:00:00+00:00,0.75,False,False
63f03448-d93f-4acd-9ee0-544c0cce5f0d,id-quantique,hermes,website,https://www.idquantique.com/qci-days-2025/,conference_participation,community_ecosystem,2026-07-24 06:17:29.676555+00:00,2025-04-30 00:00:00+00:00,0.7,False,False
467b02c6-f208-4f7e-8859-9be221a5c6e2,id-quantique,hermes,website,https://www.idquantique.com/category/press-releases/,consortium_membership,community_ecosystem,2026-07-24 06:17:29.676555+00:00,2025-10-17 00:00:00+00:00,0.75,False,False
9963b7e2-5972-45b6-a359-cce2943b426d,id-quantique,hermes,website,https://www.idquantique.com/category/press-releases/,certification,legitimacy,2026-07-24 06:17:29.676555+00:00,2026-03-03 00:00:00+00:00,0.75,False,False
cdf4b681-5732-4711-8d27-9ff054010d78,zurich-instruments,hermes,news,http://www.azom.com/news.aspx?newsID=62621,product_launch,future_trajectory,2026-07-24 06:21:01.205816+00:00,2026-07-14 00:00:00+00:00,0.65,False,False
de0c556e-c7d2-4533-b00a-38266a1eb1a0,zurich-instruments,hermes,news,http://www.azom.com/news.aspx?newsID=62663,strategic_partnership,community_ecosystem,2026-07-24 06:21:01.205816+00:00,2026-07-14 00:00:00+00:00,0.65,False,False
c9d96920-c7ad-43f9-bfdd-0f5934dbba4f,zurich-instruments,hermes,website,https://www.zhinst.com,conference_collaboration,community_ecosystem,2026-07-24 06:21:01.205816+00:00,,0.45,False,False
dcf1d2e8-0563-44a9-8a56-730a42200c9a,zurich-instruments,hermes,website,https://www.zhinst.com,consortium_collaboration,community_ecosystem,2026-07-24 06:21:01.205816+00:00,,0.5,False,False
a38e5665-aecd-47dd-9e5c-360d0d0140c9,ionq,hermes,website,https://ionq.com/blog/mind-the-gaps-quantum-optimization-for-efficient-electric-and-autonomous-freight-dispatch-with-ionq-and-einride,pilot_announcement,customer_cocreation,2026-07-24 06:43:41.063569+00:00,2026-04-30 00:00:00+00:00,0.8,False,False
dc5643cd-39da-4781-b6cd-8ec7ff25cbbb,ionq,hermes,website,https://ionq.co/quantum-systems/forte-enterprise,technological_advances,legitimacy,2026-07-24 06:43:41.063569+00:00,2026-06-01 00:00:00+00:00,0.8,False,False
a9c82bf7-b94d-4bc1-9be2-2614ba37f835,ionq,hermes,news,https://www.servethehome.com/ionq-quantum-computing-at-hot-chips-33/hc33-ionq-quantum-computing-ion-trap-qc-path-to-scale/,conference_presentation,community_ecosystem,2026-07-24 06:43:41.063569+00:00,2026-07-23 00:00:00+00:00,0.55,False,False
88062a72-596a-4800-bd5d-b8a2f038a9bd,ionq,hermes,website,https://ionq.com/blog/blueprint-for-fault-tolerant-trapped-ion-quantum-computing-the-walking-cat-architecture,strategic_roadmap,future_trajectory,2026-07-24 06:43:41.063569+00:00,2026-04-22 00:00:00+00:00,0.8,False,False
0a990231-6195-48e0-ade7-35b161c3553d,ionq,hermes,website,https://ionq.com/blog/why-quantum-fine-tuning-is-the-scalable-answer-to-ais-power-crisis,publication,legitimacy,2026-07-24 06:43:41.063569+00:00,2026-07-20 00:00:00+00:00,0.75,False,False
8b88cfab-a82d-4738-b201-99c7670a8039,ionq,hermes,website,https://ionq.com/blog/bypassing-the-horizon-how-space-based-laser-networks-are-rewriting-the-rules-of-satellite-intelligence,technological_advances,future_trajectory,2026-07-24 06:43:41.063569+00:00,2026-06-24 00:00:00+00:00,0.75,True,False
50cbe6d2-0e17-4bfd-bd7a-9ed8adee8944,ionq,hermes,website,https://investors.ionq.com/news/news-details/2026/IonQ-Introduces-Clavis-XG-Multiplex-Making-Quantum-Security-Deployable-at-Scale-in-Metro-Networks/default.aspx,technological_advances,legitimacy,2026-07-24 06:43:41.063569+00:00,2026-06-17 00:00:00+00:00,0.65,False,False
b468f223-dba8-4296-be42-2bf8c8f279d1,zuriq,hermes,website,https://zuriq.com/news/,partnership_announcement,customer_cocreation,2026-07-24 06:59:09.701303+00:00,2025-07-02 00:00:00+00:00,0.5,False,False
9564b296-f8c2-4327-a4c5-27e6d91ed659,zuriq,hermes,website,https://zuriq.com/news/,technological_advances,future_trajectory,2026-07-24 06:59:09.701303+00:00,2025-09-04 00:00:00+00:00,0.5,False,False
29a7efbe-7690-4bf5-b978-e76dcffda6c7,zuriq,hermes,website,https://zuriq.com/news/,thought_leadership,community_ecosystem,2026-07-24 06:59:09.701303+00:00,2026-03-02 00:00:00+00:00,0.5,False,False
57f72bfa-8fc5-4876-a347-3d97428a61bd,terra-quantum,masfactory,news,https://exbulletin.com/tech/2627858/,industry_partnerships,community_ecosystem,2026-07-25 03:06:50.181637+00:00,,0.95,False,False
2fc017c1-798a-4792-b6b1-4c9c996dbc4e,id-quantique,masfactory,news,http://www.bing.com/news/apiclick.aspx?ref=FexRss&aid=&tid=6a64197c566b4e08888e4b37610f1a4d&url=https%3a%2f%2fwww.finanzen.at%2fnachrichten%2faktien%2feqs-news-elmos-and-id-quantique-join-forces-to-develop-the-worlds-smallest-quantum-random-number-generator-qrng-solution-1034203904&c=6755841593728553227&mkt=de-de,industry_partnerships,community_ecosystem,2026-07-25 03:06:50.181637+00:00,,0.95,False,False
f8f0c317-ca45-4698-8fc5-46569014832f,nccr-spin,hermes,website,https://www.nccr-spin.ch/news/nccr-spin-annual-meeting-2026-science-innovation-and-collaboration-in-pontresina,conference_hosting,community_ecosystem,2026-07-25 05:05:39.872711+00:00,2026-06-18 00:00:00+00:00,0.9,False,False
1ef52323-c9ae-452d-adb3-045eeb93e675,nccr-spin,hermes,website,https://www.nccr-spin.ch/news/spinqubit7,conference_participation,community_ecosystem,2026-07-25 05:05:39.872711+00:00,2026-06-15 00:00:00+00:00,0.8,False,False
c05e0139-002a-4ca3-a2e9-67864641d4d0,nccr-spin,hermes,website,https://www.nccr-spin.ch/news,consortium_membership,community_ecosystem,2026-07-25 05:05:39.872711+00:00,2026-05-13 00:00:00+00:00,0.45,False,False
bf77c040-552d-41fa-8b49-7f5f5b0a2107,nccr-spin,hermes,website,https://www.nccr-spin.ch/news/nccr-spin-art-and-science-contest-2026,outreach_engagement,community_ecosystem,2026-07-25 05:05:39.872711+00:00,2026-04-02 00:00:00+00:00,0.85,False,False
79fd978b-ff36-4f9b-a844-fe79ac4434e3,nccr-spin,hermes,website,https://www.nccr-spin.ch/news/new-professor-of-theoretical-quantum-computing,leadership_appointment,legitimacy,2026-07-25 05:05:39.872711+00:00,2026-07-02 00:00:00+00:00,0.85,False,False
78adde90-3dd0-43ad-8ca3-a0b4ec39c6f7,metas,hermes,website,https://www.metas.ch/metas/en/home/fue/quantenkompetenzzentrum.html,strategic_infrastructure_launch,future_trajectory,2026-07-25 05:08:13.531120+00:00,2026-05-13 00:00:00+00:00,0.85,False,False
276b1267-68ab-4146-9e68-94fc999615cd,metas,hermes,website,https://www.metas.ch/metas/en/home.html,institutional_partnership,legitimacy,2026-07-25 05:08:13.531120+00:00,2026-01-01 00:00:00+00:00,0.65,False,False
7107308a-2fac-4e9f-b8a6-8de22a6c4464,metas,hermes,website,https://chemie.unibas.ch/en/news/details-524/university-of-basel-takes-co-lead-role-in-national-centre-of-competence-in-research-precision/,consortium_membership,community_ecosystem,2026-07-25 05:08:13.531120+00:00,2026-02-02 00:00:00+00:00,0.8,False,False
87a650db-5273-4f6e-a286-21e36a2853b1,metas,hermes,website,https://ggba.swiss/en/top-stories-from-western-switzerland-may-2026/,ecosystem_media_coverage,community_ecosystem,2026-07-25 05:08:13.531120+00:00,2026-05-27 00:00:00+00:00,0.75,False,False
64ec101f-8b52-4c3f-acbb-73a58386b4cb,eth-zurich-quantum-center,hermes,news,https://www.linkedin.com/posts/annette-oxenius-708268136_9-bridge-quantum-projects-approved-activity-7444657522860281856-HT4b,funding_event,future_trajectory,2026-07-25 05:11:37.203692+00:00,2026-03-31 00:00:00+00:00,0.55,False,False
804354f5-2037-43a3-8962-8d5aae6dbb15,eth-zurich-quantum-center,hermes,website,https://ethz.ch/staffnet/en/news-and-events/internal-news/archive/2026/07/news-from-the-executive-board-2026-5.html,accreditation,legitimacy,2026-07-25 05:11:37.203692+00:00,2026-07-21 00:00:00+00:00,0.75,False,False
ca0c0f88-48ea-42d2-8450-4ea55bf3c91d,eth-zurich-quantum-center,hermes,website,https://ethz-foundation.ch/en/spotlight/news-2026-annual-report-2025/,strategic_positioning,community_ecosystem,2026-07-25 05:11:37.203692+00:00,2026-04-02 00:00:00+00:00,0.6,False,False
a71ef962-2b88-4ce0-8413-a2eef9eb0bf8,eth-zurich-quantum-center,hermes,arxiv,https://arxiv.org/abs/2607.17872,publication,legitimacy,2026-07-25 05:11:37.203692+00:00,2026-07-20 00:00:00+00:00,0.7,False,False
a05fd83d-ab99-429e-afe7-f15cb9fb8f41,eth-zurich-quantum-center,hermes,website,https://www.qidis26.com/components/66518/pyVdE4BQyWsp,industry_engagement,community_ecosystem,2026-07-25 05:11:37.203692+00:00,2026-02-25 00:00:00+00:00,0.7,False,False
754d52c2-5319-4126-82da-3498bfc6c21b,eth-zurich-quantum-center,hermes,website,https://swissquantumdays.ch/swiss-quantum-days-2026/,conference_participation,community_ecosystem,2026-07-25 05:11:37.203692+00:00,2026-01-28 00:00:00+00:00,0.8,False,False
b2d7ca5a-4de4-4832-925a-5b8c7e39bf00,eth-zurich-quantum-center,hermes,website,https://ee.ethz.ch/news-and-events/d-itet-news-channel/2026/05/bright-minds-happy-faces-record-attendance-at-eth-quantum-hackathon-2026.html,talent_engagement,community_ecosystem,2026-07-25 05:11:37.203692+00:00,2026-05-12 00:00:00+00:00,0.85,False,False
e60ce9d4-22a4-4b6c-929b-08503f59e6cd,eth-zurich-quantum-center,hermes,website,https://www.phys.ethz.ch/news-and-events/d-phys-news/2026/05/best-of-two-worlds-superconducting-qubits-and-mechanical-resonators-for-quantum-computing.html,publication,legitimacy,2026-07-25 05:11:37.203692+00:00,2026-05-28 00:00:00+00:00,0.9,True,False
016ff14c-f51e-40bf-8e31-bf91988733f7,eth-zurich-quantum-center,hermes,website,https://ethz.ch/en/news-and-events/eth-news/news/2026/04/a-new-trick-brings-stability-to-quantum-operations.html,publication,legitimacy,2026-07-25 05:11:37.203692+00:00,2026-04-08 00:00:00+00:00,0.9,False,False
d16bc28c-33f0-4234-adef-2764ae14d1cc,eth-zurich-quantum-center,hermes,website,https://qc.ethz.ch/news-events/conferences---symposia/quantum-center-retreat/qc-retreat2026.html,community_event,community_ecosystem,2026-07-25 05:11:37.203692+00:00,2026-06-30 00:00:00+00:00,0.8,False,False
1be58c9c-c737-4a61-8962-6c6427bd1109,eth-zurich-quantum-center,hermes,news,https://newsroom.ibm.com/2026-03-31-IBM-and-ETH-Zurich-join-forces-to-shape-the-future-of-algorithms-for-the-AI-and-quantum-era,strategic_partnership,customer_cocreation,2026-07-25 05:11:37.203692+00:00,2026-03-31 00:00:00+00:00,0.85,True,False
d8b44f6b-fba4-4d71-a54b-2a96b6152344,swiss-nanoscience-institute,hermes,website,https://bqc.unibas.ch/en/news-events/,ecosystem_event,community_ecosystem,2026-07-25 05:13:32.862103+00:00,2026-04-24 00:00:00+00:00,0.65,False,False
94e007c7-62d9-4d3a-bdbf-051e04078b3a,swiss-nanoscience-institute,hermes,arxiv,https://arxiv.org/abs/2607.17414v1,publication,legitimacy,2026-07-25 05:13:32.862103+00:00,2026-07-19 00:00:00+00:00,0.7,False,False
6301c09c-dcf5-42a0-ae00-2d3b817fecce,swiss-nanoscience-institute,hermes,website,https://nanoscience.unibas.ch/de/news/details/acs-nano-impact-award-fuer-veroeffentlichung-ueber-steuerbare-quanteneffekte/,award,legitimacy,2026-07-25 05:13:32.862103+00:00,2026-06-09 00:00:00+00:00,0.85,False,False
94c4fe14-86dd-47e1-a070-5f1566236fb5,swiss-nanoscience-institute,hermes,arxiv,https://arxiv.org/abs/2607.15978v1,publication,legitimacy,2026-07-25 05:13:32.862103+00:00,2026-07-17 00:00:00+00:00,0.75,False,False
82e3bda8-67ea-4a53-a1b2-a56eab6e1244,swiss-nanoscience-institute,hermes,arxiv,https://arxiv.org/abs/2602.21896,publication,legitimacy,2026-07-25 05:13:32.862103+00:00,2026-02-25 00:00:00+00:00,0.75,False,False
da511ff9-6e0e-4506-b566-2b09714f5d0c,swiss-nanoscience-institute,hermes,website,https://bqc.unibas.ch/en/news-events/,ecosystem_event,community_ecosystem,2026-07-25 05:13:32.862103+00:00,2026-03-09 00:00:00+00:00,0.6,False,False
a8034a82-9b55-4be4-bf4a-ddb54685563b,swiss-nanoscience-institute,hermes,website,https://bqc.unibas.ch/en/news-events/,consortium_membership,community_ecosystem,2026-07-25 05:13:32.862103+00:00,2026-10-13 00:00:00+00:00,0.55,False,False
3a7a9e0f-8113-4f53-9875-aefe14d70322,swiss-nanoscience-institute,hermes,website,https://bqc.unibas.ch/en/news-events/,ecosystem_event,community_ecosystem,2026-07-25 05:13:32.862103+00:00,2026-10-22 00:00:00+00:00,0.55,False,False
efd520b2-6270-4854-bee7-90a6129ce6cc,cern-quantum-technology-initiative,hermes,website,https://quantum.cern/news/news/quantum-frontiers-exploring-quantum-technologies-cerns-qt4hep2025,conference_organization,community_ecosystem,2026-07-25 05:17:11.430418+00:00,2025-01-28 00:00:00+00:00,0.85,False,False
29e1526d-8736-40ec-a705-28825213ed87,cern-quantum-technology-initiative,hermes,website,https://open-quantum-institute.cern/oqis-educational-consortium-builds-global-capacity-throughout-2025/,ecosystem_building,community_ecosystem,2026-07-25 05:17:11.430418+00:00,2025-05-30 00:00:00+00:00,0.85,False,False
8b4754f7-3025-42fc-8751-e8fc971af4fe,cern-quantum-technology-initiative,hermes,website,https://quantum.cern/news/news/qt4hep2025-kicks-cern,conference_organization,community_ecosystem,2026-07-25 05:17:11.430418+00:00,2025-01-20 00:00:00+00:00,0.85,False,False
f5afdef1-792f-443d-9102-5467f84c5ae9,cern-quantum-technology-initiative,hermes,website,https://open-quantum-institute.cern/celebrating-one-year-of-oqis-pilot-phase-at-cern/,ecosystem_building,community_ecosystem,2026-07-25 05:17:11.430418+00:00,2025-03-05 00:00:00+00:00,0.85,True,False
b18b2152-37e0-4a67-8c19-66a69ede85ab,cern-quantum-technology-initiative,hermes,website,https://quantum.cern/news/news/quantum-computing-takes-center-stage-qt4hep2025-day-four-recap,industry_partnership,customer_cocreation,2026-07-25 05:17:11.430418+00:00,2025-01-23 00:00:00+00:00,0.8,False,False
2a71fbe4-b727-408e-be78-fe9e3545d864,geneva-quantum-centre,hermes,website,https://www.unige.ch/gap/qic/qtech/news,strategic_hiring,future_trajectory,2026-07-25 05:22:06.631771+00:00,2026-03-01 14:53:00+00:00,0.75,False,False
c5228161-4912-41cf-bfeb-882ca67e0567,geneva-quantum-centre,hermes,website,https://www.unige.ch/gap/qic/qtech/news,strategic_hiring,future_trajectory,2026-07-25 05:22:06.631771+00:00,2026-02-12 12:33:00+00:00,0.75,False,False
0fe7f3dc-e6da-4f02-ab9f-a9e2f39019c3,geneva-quantum-centre,hermes,website,https://www.unige.ch/gap/qic/qtech/news,strategic_hiring,future_trajectory,2026-07-25 05:22:06.631771+00:00,2025-05-12 09:33:00+00:00,0.75,False,False
dbd41a1a-420b-499c-a09d-9d3546383e57,geneva-quantum-centre,hermes,website,https://www.unige.ch/gap/qic/qtech/news,strategic_hiring,future_trajectory,2026-07-25 05:22:06.631771+00:00,2026-01-14 11:57:00+00:00,0.75,False,False
96d63e42-0ae8-4b54-b3d2-5799e54198c9,geneva-quantum-centre,hermes,website,https://www.unige.ch/gap/qic/qtech/news,consortium_membership,community_ecosystem,2026-07-25 05:22:06.631771+00:00,2025-10-14 14:40:00+00:00,0.85,False,False
1cfa292c-ac1e-4247-87d1-bb026472e6ff,geneva-quantum-centre,hermes,website,https://www.unige.ch/gap/qic/qtech/news,prestigious_award,legitimacy,2026-07-25 05:22:06.631771+00:00,2025-02-18 13:45:00+00:00,0.8,False,False
cd858510-d8f0-48ea-8188-51bc59b2eae4,geneva-quantum-centre,hermes,website,https://www.unige.ch/gap/qic/qtech/news,strategic_hiring,future_trajectory,2026-07-25 05:22:06.631771+00:00,2026-03-01 14:51:00+00:00,0.75,False,False
7524c956-7203-478a-af42-3a1f3ae90be7,quantumbasel,hermes,website,https://quantumbasel.com,publication,legitimacy,2026-07-25 05:43:21.580347+00:00,2025-12-02 00:00:00+00:00,0.5,False,False
11b12425-0737-4046-8985-27f0b9fb2373,quantumbasel,hermes,news,https://www.dwavesys.com/company/newsroom/press-release/vinci-energies-and-quantumbasel-launch-a-pilot-project-with-d-wave-s-quantum-technology/,pilot_announcement,customer_cocreation,2026-07-25 05:43:21.580347+00:00,2023-07-18 00:00:00+00:00,0.7,False,False
cab8108e-46fb-4ae7-a0e5-834dc59746e7,quantumbasel,hermes,website,https://quantumbasel.com,pilot_announcement,customer_cocreation,2026-07-25 05:43:21.580347+00:00,2026-03-16 00:00:00+00:00,0.6,False,False
fcfccb78-f5ef-4766-930f-c159318b3243,quantumbasel,hermes,website,https://quantumbasel.com,knowledge_sharing,community_ecosystem,2026-07-25 05:43:21.580347+00:00,2026-01-07 00:00:00+00:00,0.55,False,False
2f4749a1-f459-4613-a6fb-a4b5cb678038,quantumbasel,hermes,website,https://quantumbasel.com,pilot_announcement,customer_cocreation,2026-07-25 05:43:21.580347+00:00,2025-11-18 00:00:00+00:00,0.5,False,False
da3e5b96-2cfb-406e-9e85-ff45c70f6921,ibm-research-zurich,hermes,news,https://quantumzeitgeist.com/ibm-cuts-aerodynamic-simulation-time-from-hours-to-minutes-with-quantum-ai/,pilot_announcement,customer_cocreation,2026-07-25 05:57:29.773079+00:00,2026-05-01 00:00:00+00:00,0.75,True,False
256e4b80-3c06-4349-b26f-21572b35024a,ibm-research-zurich,hermes,website,https://www.zurich.ibm.com/news/,thought_leadership,legitimacy,2026-07-25 05:57:29.773079+00:00,2026-07-12 00:00:00+00:00,0.55,False,False
1905e382-5588-47b1-ae9f-e4a72e3af38b,ibm-research-zurich,hermes,news,https://www.bluewin.ch/en/news/ibm-switzerland-boss-expects-breakthrough-in-quantum-computing-in-li.3265162,roadmap_statement,future_trajectory,2026-07-25 05:57:29.773079+00:00,2026-06-05 00:00:00+00:00,0.7,False,False
9fad1031-6b6b-48d9-8cad-9cabc26f6d6e,zurich-instruments,hermes,news,http://www.azom.com/news.aspx?newsID=62663,partnership_announcement,customer_cocreation,2026-07-25 06:04:53.469969+00:00,2026-03-07 00:00:00+00:00,0.55,False,False
329be789-5308-4e90-839d-f8ac98ae67b5,miraex,hermes,website,https://www.miraex.com/,funding_event,legitimacy,2026-07-25 06:13:44.405569+00:00,2026-04-07 00:00:00+00:00,0.85,False,False
62fa76bf-29f0-4b3e-8acd-1f0ca58b7f9f,ionq,hermes,news,https://www.servethehome.com/ionq-quantum-computing-at-hot-chips-33/hc33-ionq-quantum-computing-atomic-quantum-computer-scaling/,conference_presentation,community_ecosystem,2026-07-25 06:23:52.132007+00:00,2026-07-24 00:00:00+00:00,0.65,False,False
d6c82186-f3ac-4cc5-bf37-2c83d06d2bd9,ligentec,hermes,website,https://www.ligentec.com/news/,partnership_announcement,customer_cocreation,2026-07-25 06:25:45.475903+00:00,2026-01-01 00:00:00+00:00,0.75,True,False
4139e3e5-d2dc-4227-b7c0-bbd9b2a7716b,geneva-quantum-centre,masfactory,website,https://www.unige.ch/gap/qic/qtech/news/welcome-fadri-grunenfelder,leadership_expertise,legitimacy,2026-07-26 03:05:22.768927+00:00,,0.6,False,False
c42359c6-6cfa-43ed-a903-b8f069d14c81,ionq,masfactory,news,https://cloud.google.com/blog/products/compute/ionq-quantum-computer-available-through-google-cloud,cloud_platform_listings,community_ecosystem,2026-07-26 03:05:22.768927+00:00,,0.95,False,False
446121c0-7737-4580-a731-c7bde807e629,nccr-spin,hermes,news,https://www.nccr-spin.ch/news,award,legitimacy,2026-07-26 05:06:40.545523+00:00,2025-11-20 00:00:00+00:00,0.55,False,False
24f35589-0aa9-4510-9d4c-fcccfe848d9b,nccr-spin,hermes,website,https://www.nccr-spin.ch/news/new-professor-of-theoretical-quantum-computing,leadership_appointment,legitimacy,2026-07-26 05:06:40.545523+00:00,2026-07-02 00:00:00+00:00,0.85,False,False
456ad840-2282-4cc0-9f48-aa01dc913047,nccr-spin,hermes,website,https://www.nccr-spin.ch/news/nccr-spin-qubits-winter-school-2026,training_event,community_ecosystem,2026-07-26 05:06:40.545523+00:00,2026-02-10 00:00:00+00:00,0.8,False,False
7ea3f5cd-3841-4b6d-b0c5-22be91f13f9c,nccr-spin,hermes,website,https://www.nccr-spin.ch/events/annual-meeting-2026,annual_meeting,community_ecosystem,2026-07-26 05:06:40.545523+00:00,2026-06-18 00:00:00+00:00,0.75,False,False
ba2a2414-a5ce-46a3-ae8d-19c5a02daf5c,nccr-spin,hermes,news,https://www.nccr-spin.ch/news,consortium_membership,community_ecosystem,2026-07-26 05:06:40.545523+00:00,2026-05-13 00:00:00+00:00,0.55,False,False
906dbdeb-22a5-49cd-bbb4-2c387e35c0bd,nccr-spin,hermes,news,https://www.nccr-spin.ch/news,industry_partnership,customer_cocreation,2026-07-26 05:06:40.545523+00:00,2026-02-16 00:00:00+00:00,0.55,False,False
4230960f-90c8-4c4f-9b7c-0a537dfeaf35,nccr-spin,hermes,news,https://www.nccr-spin.ch/news,talent_pipeline,future_trajectory,2026-07-26 05:06:40.545523+00:00,2026-02-09 00:00:00+00:00,0.55,False,False
834d5e1a-dfdb-45a9-9378-acd1903739d3,nccr-spin,hermes,arxiv,https://arxiv.org/html/2604.13644v1,publication,legitimacy,2026-07-26 05:06:40.545523+00:00,2026-04-15 00:00:00+00:00,0.85,False,False
5d9d6c30-620c-41bf-a4c7-8c21ac0877ff,nccr-spin,hermes,arxiv,https://arxiv.org/abs/2603.03051,publication,legitimacy,2026-07-26 05:06:40.545523+00:00,2026-03-03 00:00:00+00:00,0.8,False,False
f0cc628a-8190-4812-8864-df28ee883166,nccr-spin,hermes,news,https://www.bilanz.ch/digital-shapers/digitale-koepfe-der-schweiz-quantum-leapers-digital-shapers-2026/y3zs36f,prestigious_award,legitimacy,2026-07-26 05:06:40.545523+00:00,2026-03-24 00:00:00+00:00,0.75,False,False
a9e179af-9ace-42f8-b0b1-7961d2c8015c,nccr-spin,hermes,news,https://www.nccr-spin.ch/news,prestigious_award,legitimacy,2026-07-26 05:06:40.545523+00:00,2025-12-18 00:00:00+00:00,0.55,False,False
6403b0d3-3389-4add-bb7f-10647dce5d03,nccr-spin,hermes,news,https://www.nccr-spin.ch/news,academic_award,legitimacy,2026-07-26 05:06:40.545523+00:00,2025-12-17 00:00:00+00:00,0.55,False,False
68ce867c-fb05-4f06-9f84-df74242f0c2e,nccr-spin,hermes,news,https://www.nccr-spin.ch/news,public_engagement,community_ecosystem,2026-07-26 05:06:40.545523+00:00,2026-04-14 00:00:00+00:00,0.5,False,False
111402f5-3b00-4124-b121-21a61e7632a8,eth-zurich-quantum-center,hermes,arxiv,https://arxiv.org/html/2604.08655v1,publication,legitimacy,2026-07-26 05:12:05.247082+00:00,2026-04-09 00:00:00+00:00,0.6,True,False
abd8609d-185e-4c1f-8906-efcbb2154b82,eth-zurich-quantum-center,hermes,website,https://www.phys.ethz.ch/news-and-events/d-phys-news/2026/05/best-of-two-worlds-superconducting-qubits-and-mechanical-resonators-for-quantum-computing.html,technological_advances,future_trajectory,2026-07-26 05:12:05.247082+00:00,2026-05-28 00:00:00+00:00,0.8,True,False
9de785fa-1cd6-41c6-ae65-85ddd2333e00,eth-zurich-quantum-center,hermes,website,https://ethz.ch/en/news-and-events/eth-news/news/2026/04/a-new-trick-brings-stability-to-quantum-operations.html,technological_advances,future_trajectory,2026-07-26 05:12:05.247082+00:00,2026-04-08 00:00:00+00:00,0.8,False,False
5ade803c-640e-4bf7-a1de-70604a0ff694,eth-zurich-quantum-center,hermes,website,https://ethz.ch/en/news-and-events/eth-news/news/2026/06/twelve-top-research-projects-win-millions-in-european-funding.html,funding_event,legitimacy,2026-07-26 05:12:05.247082+00:00,2026-06-23 00:00:00+00:00,0.7,False,False
eb3860aa-b52c-4fbc-b73c-67a68dd15811,eth-zurich-quantum-center,hermes,website,https://swissquantumdays.ch/swiss-quantum-days-2026/,conference_organization,community_ecosystem,2026-07-26 05:12:05.247082+00:00,2026-01-28 00:00:00+00:00,0.7,False,False
2e09c03e-bcb0-4042-9a95-c2acff6c90a8,eth-zurich-quantum-center,hermes,website,https://qec.amiv.ethz.ch/qhack25/,community_event,community_ecosystem,2026-07-26 05:12:05.247082+00:00,2025-05-09 00:00:00+00:00,0.7,False,False
524d3f3e-20c6-4372-84df-9141d8b78640,eth-zurich-quantum-center,hermes,news,https://www.linkedin.com/posts/annette-oxenius-708268136_9-bridge-quantum-projects-approved-activity-7444657522860281856-HT4b,consortium_funding,customer_cocreation,2026-07-26 05:12:05.247082+00:00,2026-03-31 00:00:00+00:00,0.55,False,False
f9c19b3c-eb66-4965-94cf-8e00ad6495d0,eth-zurich-quantum-center,hermes,news,https://entangledfuture.com/company/ibm-quantum/,strategic_partnership,customer_cocreation,2026-07-26 05:12:05.247082+00:00,2026-04-01 00:00:00+00:00,0.55,True,False
db6a2fc0-3ec6-4495-949c-394ecc611013,eth-zurich-quantum-center,hermes,news,https://www.linkedin.com/posts/eth-quantum-center_erc-advanced-grants-for-two-quantum-center-activity-7476340428942970880-c6vc,funding_event,legitimacy,2026-07-26 05:12:05.247082+00:00,2026-06-26 00:00:00+00:00,0.55,False,False
56cc7113-f59a-4b47-b22a-9f4e7671c529,basel-quantum-center,hermes,website,https://bqc.unibas.ch/en/news-events/,conference_organization,community_ecosystem,2026-07-26 05:15:31.747937+00:00,2026-07-15 00:00:00+00:00,0.7,False,False
396cdb4d-aea0-427f-b1cb-07635544a85c,basel-quantum-center,hermes,website,https://bqc.unibas.ch/en/news-events/,publication,legitimacy,2026-07-26 05:15:31.747937+00:00,2026-07-15 00:00:00+00:00,0.65,False,False
26707a0f-3ad5-4c89-af2b-c3522d129ef3,basel-quantum-center,hermes,website,https://bqc.unibas.ch/en/news-events/,collaboration,community_ecosystem,2026-07-26 05:15:31.747937+00:00,2026-07-01 00:00:00+00:00,0.65,False,False
48d2de17-126c-46a8-88c3-22d291e7a6bb,basel-quantum-center,hermes,website,https://bqc.unibas.ch/en/news-events/,ecosystem_event,community_ecosystem,2026-07-26 05:15:31.747937+00:00,2026-04-24 00:00:00+00:00,0.65,False,False
e4afcc46-7303-428b-aa2e-35a9dc8a2f03,basel-quantum-center,hermes,arxiv,https://arxiv.org/abs/2603.29971,publication,legitimacy,2026-07-26 05:15:31.747937+00:00,2026-03-31 00:00:00+00:00,0.8,False,False
386d5f23-a4c5-42d0-aaa9-405a7e284b2d,basel-quantum-center,hermes,arxiv,https://arxiv.org/abs/2603.10553,publication,legitimacy,2026-07-26 05:15:31.747937+00:00,2026-03-11 00:00:00+00:00,0.8,False,False
0c65bd7e-b009-4630-a5a7-1ee43c22aaa6,basel-quantum-center,hermes,website,https://www.eucor-uni.org/en/research-and-transfer/networks-and-projects/projects/georg-h-endress-postdoc-cluster-quantum-science,funding_event,future_trajectory,2026-07-26 05:15:31.747937+00:00,2026-01-01 00:00:00+00:00,0.55,True,False
8dc913a2-bfab-4125-9f4a-38d42c45eb0b,basel-quantum-center,hermes,website,https://scnat.ch/de/uuid/i/263722c0-2019-55cd-b1d1-07eb97410997-Swiss_Quantum_Days_2026,consortium_membership,community_ecosystem,2026-07-26 05:15:31.747937+00:00,2026-01-28 00:00:00+00:00,0.75,False,False
eb2b8e39-1c5a-4bcc-86c1-3c7cd7431b90,cern-quantum-technology-initiative,hermes,website,https://nextgentriggers.web.cern.ch/applications-open-for-the-cern-mpq-uibk-school-on-quantum-simulation-of-fundamental-physics-2026/,education_training,community_ecosystem,2026-07-26 05:23:13.640041+00:00,2026-07-26 00:00:00+00:00,0.8,False,False
aa6e602e-e0d2-45db-b116-3131d48aeb4a,cern-quantum-technology-initiative,hermes,arxiv,https://arxiv.org/html/2509.07773v1,publication,legitimacy,2026-07-26 05:23:13.640041+00:00,2025-09-09 00:00:00+00:00,0.8,True,False
2e9e9be8-b2e8-4d0d-82c3-1c63ed3defda,cern-quantum-technology-initiative,hermes,website,https://indico.cern.ch/event/1687157/contributions/7091886/attachments/3293721/5890092/APR2025_FC.pdf,funding_event,legitimacy,2026-07-26 05:23:13.640041+00:00,2026-06-25 00:00:00+00:00,0.7,False,False
86e51da4-ffc9-461d-ac02-de22b9027ca1,cern-quantum-technology-initiative,hermes,website,https://home.cern/leaders-quantum-technology-connect-cern/,consortium_membership,community_ecosystem,2026-07-26 05:23:13.640041+00:00,2025-12-19 00:00:00+00:00,0.8,True,False
5752c720-bd53-4045-8966-80298aea9317,cern-quantum-technology-initiative,hermes,website,https://open-quantum-institute.cern/three-years-on-the-open-quantum-institutes-role-has-never-been-more-critical/,strategic_positioning,future_trajectory,2026-07-26 05:23:13.640041+00:00,2026-06-19 00:00:00+00:00,0.75,False,False
c934d906-b15b-421e-b2f3-398a31625489,cern-quantum-technology-initiative,hermes,website,https://home.cern/white-rabbit-meets-quantum-entanglement/,technological_advances,future_trajectory,2026-07-26 05:23:13.640041+00:00,2025-10-02 00:00:00+00:00,0.8,False,False
c65e5c6a-c4f5-4f97-b13e-3fa76a97f89d,cern-quantum-technology-initiative,hermes,arxiv,https://arxiv.org/html/2602.09020v2,publication,legitimacy,2026-07-26 05:23:13.640041+00:00,2026-07-20 00:00:00+00:00,0.85,False,False
20f56dc8-a85a-430d-9b3a-a61a60cb34ac,cern-quantum-technology-initiative,hermes,news,https://qt.eu/news/2026/2026-05-11_Quantum_Flagship_at_Q-Expo_Meet,conference_role,community_ecosystem,2026-07-26 05:23:13.640041+00:00,2026-05-12 00:00:00+00:00,0.7,True,False
9e136523-954f-4bf2-9cb1-fb9d0739690f,cern-quantum-technology-initiative,hermes,news,https://www.pasqal.com/blog/simulating-quantum-materials-via-the-cloud-at-cern-hackathon-2026/,consortium_membership,community_ecosystem,2026-07-26 05:23:13.640041+00:00,2026-07-24 00:00:00+00:00,0.75,False,False
0027e979-1908-409e-961f-19f2e039b3da,fhnw,hermes,website,https://digitaltrust-competence.ch/introduction-to-quantum-technologies-and-the-swiss-ecosystem/,thought_leadership,legitimacy,2026-07-26 05:39:59.718140+00:00,2026-05-22 00:00:00+00:00,0.8,False,False
ad4a14ac-1e7f-4ac7-b303-f08c7bea68b9,hslu,hermes,news,https://swissnex.org/app/uploads/2025/10/Switzerland_Hub_Quantum_Oct2025_web.pdf,strategic_positioning,community_ecosystem,2026-07-26 05:45:00.080964+00:00,2025-10-01 00:00:00+00:00,0.4,False,False
9a59af5b-218b-4405-b504-c9507de10e25,swissphotonics,hermes,website,https://www.swissphotonics.net/,award_recognition,legitimacy,2026-07-26 06:20:58.882920+00:00,,0.5,False,False
92f53d8b-0841-4aa7-812d-05c50bc88b42,swissphotonics,hermes,website,https://www.swissphotonics.net/,defense_funding_program,future_trajectory,2026-07-26 06:20:58.882920+00:00,,0.55,True,False
ce3362f5-840e-4e05-9f11-377c4c42eb80,swissphotonics,hermes,website,https://www.swissphotonics.net/,funding_event,legitimacy,2026-07-26 06:20:58.882920+00:00,,0.55,False,False
33b341d6-1a2b-41a2-b898-778903844ea5,swissphotonics,hermes,website,https://www.swissphotonics.net/,anniversary_event,community_ecosystem,2026-07-26 06:20:58.882920+00:00,2026-10-21 00:00:00+00:00,0.6,True,False
66da247d-4f13-480a-8289-fcf861d9273f,swissphotonics,hermes,website,https://www.swissphotonics.net/,strategic_positioning,community_ecosystem,2026-07-26 06:20:58.882920+00:00,,0.5,False,False
7663e567-34e8-48eb-9700-11de755992a1,qnami,hermes,website,https://qnami.ch/news/qnami-joins-quantum-design-to-accelerate-the-future-of-quantum-sensing,merger_acquisition,future_trajectory,2026-07-26 06:27:37.249634+00:00,2026-06-02 00:00:00+00:00,0.85,False,False
bcfd645c-42e7-43bd-98ab-588cab6ee406,ionq,hermes,website,https://ionq.co/quantum-systems/forte-enterprise,product_launch,future_trajectory,2026-07-26 06:35:00.028876+00:00,2026-01-15 00:00:00+00:00,0.7,False,False
e40cf7bc-030e-489a-8fd7-7aa56812d03e,ionq,hermes,news,https://en.wikipedia.org/wiki/Timeline_of_quantum_computing_and_communication,pilot_announcement,customer_cocreation,2026-07-26 06:35:00.028876+00:00,2026-02-27 00:00:00+00:00,0.55,True,False
97ce01df-e239-4f12-a37d-f960b6594048,ionq,hermes,website,https://ionq.co/blog/beyond-qubit-counts-introducing-ionqs-application-centric-benchmarking-framework,publication,legitimacy,2026-07-26 06:35:00.028876+00:00,2026-04-14 00:00:00+00:00,0.8,False,False
82321a16-9b04-42c9-a89e-9f6cea3e0ee6,ionq,hermes,website,https://ionq.co/quantum-systems/compare,roadmap_statement,future_trajectory,2026-07-26 06:35:00.028876+00:00,2026-03-01 00:00:00+00:00,0.65,False,False
f085bdfa-1e0e-4918-baa2-3df0a24aecf3,ionq,hermes,website,https://ionq.co/blog/why-quantum-fine-tuning-is-the-scalable-answer-to-ais-power-crisis,technological_advances,future_trajectory,2026-07-26 06:35:00.028876+00:00,2026-07-20 00:00:00+00:00,0.8,False,False
82ddf2c4-cdfe-4380-b0d6-b97aad482084,ionq,hermes,website,https://ionq.co/blog/bypassing-the-horizon-how-space-based-laser-networks-are-rewriting-the-rules-of-satellite-intelligence,strategic_positioning,community_ecosystem,2026-07-26 06:35:00.028876+00:00,2026-06-24 00:00:00+00:00,0.8,True,False
bfd8df87-32ce-45a6-8bac-d38f2eeff630,ionq,hermes,website,https://ionq.co/blog/blueprint-for-fault-tolerant-trapped-ion-quantum-computing-the-walking-cat-architecture,roadmap_statement,future_trajectory,2026-07-26 06:35:00.028876+00:00,2026-04-22 00:00:00+00:00,0.85,False,False
6abdae3e-7180-4a05-83b2-5a11d5b5c6b8,ionq,hermes,website,https://ionq.co/blog/mind-the-gaps-quantum-optimization-for-efficient-electric-and-autonomous-freight-dispatch-with-ionq-and-einride,pilot_announcement,customer_cocreation,2026-07-26 06:35:00.028876+00:00,2026-04-30 00:00:00+00:00,0.85,False,False
89a4ff05-74ff-415a-890d-b2440ba95995,ionq,hermes,website,https://investors.ionq.com/news/news-details/2026/IonQ-Introduces-Clavis-XG-Multiplex-Making-Quantum-Security-Deployable-at-Scale-in-Metro-Networks/default.aspx,product_launch,customer_cocreation,2026-07-26 06:35:00.028876+00:00,2026-06-17 00:00:00+00:00,0.85,False,False
1c4775a6-338f-4eb6-bb87-fb221bb0b659,zuriq,hermes,website,https://zuriq.com/news/,media_appearance,community_ecosystem,2026-07-26 06:47:52.116261+00:00,2026-03-02 00:00:00+00:00,0.55,False,False
980f7281-2194-463d-a056-adaa2bdce315,id-quantique,masfactory,news,http://savannah.gnu.org/news/?id=6018,technological_advances,future_trajectory,2026-07-27 03:11:05.123370+00:00,,0.7,False,False
eaf6e431-694c-4794-8c9f-163648bf4b93,terra-quantum,masfactory,website,https://terraquantum.swiss/news/terra-quantum-announces-strategic-partnership-with-siemens-unlocking-quantum-advantage-for-sovereign-automotive-and-drone-systems,industry_partnerships,community_ecosystem,2026-07-27 03:11:05.123370+00:00,,0.9,False,False
ebefeed6-3ccb-4b11-b962-868df6cd7652,terra-quantum,masfactory,news,https://thequantuminsider.com/2026/07/24/terra-quantum-apex-ai-post-quantum-cryptography/,pilots_pocs,customer_cocreation,2026-07-27 03:11:05.123370+00:00,,0.9,False,False
4dcfdd99-9168-4cb2-9525-0082afe2f42e,terra-quantum,masfactory,website,https://terraquantum.swiss/news/terra-quantum-evonik-successfully-complete-geometry-optimization-project,pilots_pocs,customer_cocreation,2026-07-27 03:11:05.123370+00:00,,0.85,False,False
a8e5beeb-9483-43c4-ac94-ec9db6e54262,psi,masfactory,news,https://phys.org/tags/storage+devices/,technological_advances,future_trajectory,2026-07-27 03:11:05.123370+00:00,,0.9,False,False
122c3bd9-890a-4534-a387-4d4dbc615831,nccr-spin,hermes,arxiv,https://arxiv.org/abs/2605.03056,publication,legitimacy,2026-07-27 05:08:34.535451+00:00,2026-05-04 00:00:00+00:00,0.95,False,False
f450e9bf-2dec-4ff2-b04e-a1037d962bc9,nccr-spin,hermes,website,https://www.nccr-spin.ch/events/nccr-spin-qubits-winter-school,training_education,community_ecosystem,2026-07-27 05:08:34.535451+00:00,2026-01-19 00:00:00+00:00,0.9,False,False
a67e539b-b820-4ca7-9935-2a76186149da,nccr-spin,hermes,website,https://www.nccr-spin.ch/news/new-mobility-grants-for-industry-internships-at-quantumbasel-open-to-nccr-spin-young-researchers,industry_partnership,customer_cocreation,2026-07-27 05:08:34.535451+00:00,2026-02-16 00:00:00+00:00,0.85,False,False
44f6a534-7fbe-4d48-a53d-105d0d001d7f,nccr-spin,hermes,website,https://www.nccr-spin.ch/news/new-communication-and-outreach-officer-joins-the-nccr-spin-office,leadership_appointment,future_trajectory,2026-07-27 05:08:34.535451+00:00,2026-03-13 00:00:00+00:00,0.85,False,False
7b6ce78d-cfc6-47bf-a0fa-afeabd1194b1,nccr-spin,hermes,website,https://www.dpg-physik.de/veroeffentlichungen/aktuell/2026/heike-riel-ist-neue-praesidentin-der-dpg,leadership_appointment,legitimacy,2026-07-27 05:08:34.535451+00:00,2026-03-27 00:00:00+00:00,0.85,False,False
d611bcb0-dace-450e-b398-3d3faa029630,nccr-spin,hermes,arxiv,https://arxiv.org/abs/2604.13644,publication,legitimacy,2026-07-27 05:08:34.535451+00:00,2026-04-15 00:00:00+00:00,0.95,False,False
193f069a-34c3-4e69-86cc-935a035e7c2c,nccr-spin,hermes,arxiv,https://arxiv.org/abs/2602.09179,publication,legitimacy,2026-07-27 05:08:34.535451+00:00,2026-02-09 00:00:00+00:00,0.95,False,False
307ad8d4-44b7-4878-a210-54282c069877,nccr-spin,hermes,website,https://www.nccr-spin.ch/events,strategic_positioning,community_ecosystem,2026-07-27 05:08:34.535451+00:00,2025-06-11 00:00:00+00:00,0.6,False,False
5e841dcc-d2fe-4fb1-8bd7-33f4369c6efe,nccr-spin,hermes,website,https://www.nccr-spin.ch/maria-longobardi,award_recognition,legitimacy,2026-07-27 05:08:34.535451+00:00,2025-12-19 00:00:00+00:00,0.75,False,False
43403128-b2fa-4a99-965b-8c8919da1363,eth-zurich-quantum-center,hermes,website,https://ethz.ch/en/news-and-events/eth-news/news/2026/06/twelve-top-research-projects-win-millions-in-european-funding.html,funding_event,legitimacy,2026-07-27 05:14:50.085792+00:00,2026-06-23 00:00:00+00:00,0.85,False,False
fc7dfa0f-449f-41d6-9aa6-0d8d77e42143,eth-zurich-quantum-center,hermes,website,https://ee.ethz.ch/de/news-und-veranstaltungen/d-itet-news-channel/2026/03/maria-schnuck-gewinnt-inspire-potentials-quantum-center-master-award.html,talent_development,legitimacy,2026-07-27 05:14:50.085792+00:00,2026-03-31 00:00:00+00:00,0.8,False,False
b47e2f05-2c2c-448e-9b2c-fe75338e61b3,eth-zurich-quantum-center,hermes,website,https://www.phys.ethz.ch/news-and-events/d-phys-news/2026/01/surgery-for-quantum-bits.html,technological_advances,future_trajectory,2026-07-27 05:14:50.085792+00:00,2026-01-30 00:00:00+00:00,0.85,False,False
ba7b8b96-446b-4084-91bf-65962b458696,eth-zurich-quantum-center,hermes,arxiv,https://arxiv.org/html/2607.17872v1,publication,legitimacy,2026-07-27 05:14:50.085792+00:00,2026-07-20 00:00:00+00:00,0.75,False,False
1d0bbef6-62a8-42d9-977a-ed98bf81303c,eth-zurich-quantum-center,hermes,news,https://newsroom.ibm.com/2026-03-31-IBM-and-ETH-Zurich-join-forces-to-shape-the-future-of-algorithms-for-the-AI-and-quantum-era,strategic_partnership,customer_cocreation,2026-07-27 05:14:50.085792+00:00,2026-03-31 00:00:00+00:00,0.85,True,False
07ed91af-48de-4530-abc5-35de774ada85,eth-zurich-quantum-center,hermes,website,https://www.phys.ethz.ch/news-and-events/d-phys-news/2026/05/best-of-two-worlds-superconducting-qubits-and-mechanical-resonators-for-quantum-computing.html,technological_advances,future_trajectory,2026-07-27 05:14:50.085792+00:00,2026-05-28 00:00:00+00:00,0.9,True,False
48c8e71d-94ef-4f43-b23e-1d0bc590ce49,eth-zurich-quantum-center,hermes,website,https://ethz.ch/en/news-and-events/eth-news/news/2026/04/a-new-trick-brings-stability-to-quantum-operations.html,technological_advances,future_trajectory,2026-07-27 05:14:50.085792+00:00,2026-04-08 00:00:00+00:00,0.9,False,False
25bceee2-bce8-487f-90ea-d4bd32726a72,eth-zurich-quantum-center,hermes,website,https://ethz.ch/en/news-and-events/eth-news/news/2026/05/perfect-randomness-realised-for-the-first-time.html,publication,legitimacy,2026-07-27 05:14:50.085792+00:00,2026-05-27 00:00:00+00:00,0.9,True,False
cc606270-b308-4525-8a81-f182bb2bb322,eth-zurich-quantum-center,hermes,website,https://ethz.ch/staffnet/en/news-and-events/internal-news/archive/2026/07/news-from-the-executive-board-2026-5.html,strategic_positioning,future_trajectory,2026-07-27 05:14:50.085792+00:00,2026-07-21 00:00:00+00:00,0.7,False,False
8624d0f1-e0d3-4dc7-9073-bc58582fc228,cern-quantum-technology-initiative,hermes,website,https://www.singlequantum.com/single-quantum-and-qunnect-partner-with-cern-qti-on-quantum-networking-experiments-at-newly-inaugurated-quantum-lab/,partnership_announcement,customer_cocreation,2026-07-27 05:24:58.991926+00:00,2026-02-24 00:00:00+00:00,0.6,False,False
f479a80c-e030-4ddd-a531-df28be86a902,cern-quantum-technology-initiative,hermes,news,https://www.pasqal.com/blog/simulating-quantum-materials-via-the-cloud-at-cern-hackathon-2026/,consortium_membership,community_ecosystem,2026-07-27 05:24:58.991926+00:00,2026-07-24 00:00:00+00:00,0.65,False,False
83ec2daf-e1cb-4c96-adf2-5fb7242e3603,cern-quantum-technology-initiative,hermes,news,https://geant.org/join-the-first-sig-quantum-face-to-face-meeting-at-cern/,consortium_membership,community_ecosystem,2026-07-27 05:24:58.991926+00:00,2026-04-09 00:00:00+00:00,0.4,False,False
c603f66e-92b6-4812-93be-0353a2413850,cern-quantum-technology-initiative,hermes,news,https://qt.eu/news/2026/2026-05-11_Quantum_Flagship_at_Q-Expo_Meet,strategic_positioning,community_ecosystem,2026-07-27 05:24:58.991926+00:00,2026-05-12 00:00:00+00:00,0.6,True,False
aeb67f6a-0467-4b1c-a434-ae99afbea107,cern-quantum-technology-initiative,hermes,website,https://nextgentriggers.web.cern.ch/applications-open-for-the-cern-mpq-uibk-school-on-quantum-simulation-of-fundamental-physics-2026/,talent_development,community_ecosystem,2026-07-27 05:24:58.991926+00:00,2026-02-11 00:00:00+00:00,0.65,False,False
232b298c-e3e1-479f-bff4-9b8a33b5e6c2,cern-quantum-technology-initiative,hermes,website,https://home.cern/leaders-quantum-technology-connect-cern/,strategic_positioning,community_ecosystem,2026-07-27 05:24:58.991926+00:00,2025-12-19 00:00:00+00:00,0.65,True,False
a6c722c9-3984-45c6-86cf-11e98b2e2aad,cern-quantum-technology-initiative,hermes,arxiv,https://arxiv.org/html/2602.09020v2,publication,legitimacy,2026-07-27 05:24:58.991926+00:00,2026-07-20 00:00:00+00:00,0.85,False,False
ece3f8b6-7598-460b-852b-6ce6a104971c,cern-quantum-technology-initiative,hermes,arxiv,https://arxiv.org/html/2604.07448,publication,legitimacy,2026-07-27 05:24:58.991926+00:00,2026-04-08 00:00:00+00:00,0.85,False,False
655a25c2-9ecd-4fe9-9eea-1522b6ccf78d,cern-quantum-technology-initiative,hermes,arxiv,https://arxiv.org/html/2603.24206v1,publication,legitimacy,2026-07-27 05:24:58.991926+00:00,2026-03-25 00:00:00+00:00,0.85,False,False
8e628251-d8be-48c8-be3d-9515d71b5a56,cern-quantum-technology-initiative,hermes,website,https://indico.cern.ch/event/1591956/,strategic_positioning,community_ecosystem,2026-07-27 05:24:58.991926+00:00,2026-07-27 00:00:00+00:00,0.7,False,False
8ffd143e-b4f4-47b4-a720-3f4f8bb4ff5e,cscs,hermes,website,http://ethz.ch/,strategic_positioning,community_ecosystem,2026-07-27 05:33:06.426668+00:00,2026-07-24 00:00:00+00:00,0.65,False,False
d8a77542-f06d-4743-ace3-f909b8c7318c,switzerland-innovation-parks,hermes,website,https://www.switzerland-innovation.com/,consortium_membership,community_ecosystem,2026-07-27 05:49:11.849879+00:00,,0.55,False,False
e71bfe7d-82e8-45eb-843c-deaa113bb47e,gesda,hermes,website,https://gesda.global/gesda-news/,publication,legitimacy,2026-07-27 05:56:18.042450+00:00,2026-07-15 00:00:00+00:00,0.3,False,False
d707438b-f873-4f4d-8370-bf9e42cb0033,gesda,hermes,website,https://gesda.global/gesda-news/,conference_role,community_ecosystem,2026-07-27 05:56:18.042450+00:00,2026-06-26 00:00:00+00:00,0.35,False,False
7a4f8054-6711-46a2-8e96-8124e99c3cce,gesda,hermes,website,https://gesda.global/gesda-news/,conference_role,community_ecosystem,2026-07-27 05:56:18.042450+00:00,2026-06-25 00:00:00+00:00,0.35,False,False
63183ed5-b687-4def-8313-7719ae291257,id-quantique,hermes,website,https://www.idquantique.com/category/press-releases/,partnership_announcement,community_ecosystem,2026-07-27 06:10:57.783973+00:00,2026-06-17 00:00:00+00:00,0.6,False,False
e2508567-81f4-4d40-987c-aea2c900cee6,id-quantique,hermes,website,https://www.idquantique.com/category/press-releases/,consortium_deployment,community_ecosystem,2026-07-27 06:10:57.783973+00:00,2026-02-27 00:00:00+00:00,0.6,False,False
a007e02e-c35e-4b0b-9b94-77d266e1755d,basel-precision-instruments,hermes,arxiv,https://arxiv.org/abs/2603.03166,publication,community_ecosystem,2026-07-27 06:21:54.366041+00:00,2026-03-03 00:00:00+00:00,0.55,False,False
22c10f97-010a-4087-9fd7-78b7a75f1411,basel-precision-instruments,hermes,website,https://baspi.ch,conference_participation,community_ecosystem,2026-07-27 06:21:54.366041+00:00,2026-06-01 00:00:00+00:00,0.6,False,False
54b5c30d-83fd-4c07-aaed-7ebc712de177,basel-precision-instruments,hermes,website,https://baspi.ch,leadership_recognition,legitimacy,2026-07-27 06:21:54.366041+00:00,2025-11-01 00:00:00+00:00,0.7,False,False
cb042636-2218-4908-ba64-0c1e6ba66764,basel-precision-instruments,hermes,website,https://baspi.ch,publication,community_ecosystem,2026-07-27 06:21:54.366041+00:00,2025-05-01 00:00:00+00:00,0.6,False,False
32864182-fc0f-4345-b81e-ccb71ad4b117,basel-precision-instruments,hermes,website,https://baspi.ch,conference_participation,community_ecosystem,2026-07-27 06:21:54.366041+00:00,2025-06-01 00:00:00+00:00,0.6,False,False
18ebfbe4-b72d-4062-8844-0d93ca6bab5e,basel-precision-instruments,hermes,website,https://baspi.ch,conference_participation,community_ecosystem,2026-07-27 06:21:54.366041+00:00,2026-03-01 00:00:00+00:00,0.7,False,False
4caa1b3a-f6a7-4e7a-a097-e3155f0371aa,basel-precision-instruments,hermes,website,https://baspi.ch,speaking_engagement,community_ecosystem,2026-07-27 06:21:54.366041+00:00,2025-09-01 00:00:00+00:00,0.65,False,False
77c1bd21-603f-4937-9213-930c4154dd43,basel-precision-instruments,hermes,website,https://baspi.ch,consortium_membership,community_ecosystem,2026-07-27 06:21:54.366041+00:00,2025-04-01 00:00:00+00:00,0.6,False,False
7e8d6e4c-979c-457e-9bd6-66005733da95,basel-precision-instruments,hermes,website,https://baspi.ch,funding_event,legitimacy,2026-07-27 06:21:54.366041+00:00,2025-01-15 00:00:00+00:00,0.75,False,False
d1c30de9-00fc-4744-a92f-f5f56539570e,basel-precision-instruments,hermes,website,https://baspi.ch,product_integration,customer_cocreation,2026-07-27 06:21:54.366041+00:00,2025-03-01 00:00:00+00:00,0.65,False,False
424ef297-c378-4cdc-a616-cc3128283a32,basel-precision-instruments,hermes,website,https://baspi.ch,publication,community_ecosystem,2026-07-27 06:21:54.366041+00:00,2025-06-15 00:00:00+00:00,0.65,False,False
6ffc7b60-9f06-4a8c-a504-72d250177027,basel-precision-instruments,hermes,website,https://baspi.ch,strategic_partnership,community_ecosystem,2026-07-27 06:21:54.366041+00:00,2025-02-01 00:00:00+00:00,0.7,False,False
03b3b397-d81f-4cad-ada6-f88b3245c6ff,basel-precision-instruments,hermes,website,https://baspi.ch,hiring,future_trajectory,2026-07-27 06:21:54.366041+00:00,2025-08-01 00:00:00+00:00,0.65,False,False
8bc3dcb5-3582-4df7-8d45-0a24dae0db8b,qzabre,hermes,website,https://www.linkedin.com/posts/qzabre-llc_qzabre-qsm-paleomagnetism-activity-7478112478158299136-OA9e?utm_source=share&utm_medium=member_desktop&rcm=ACoAADPFoNgBlHtFncAqTELC16L7slMGlUW3Nns,technological_advances,future_trajectory,2026-07-27 06:49:47.386284+00:00,2025-07-18 00:00:00+00:00,0.35,False,False
103572c2-40e2-41db-92ac-074068e0e276,qzabre,hermes,website,https://www.linkedin.com/posts/qzabre-llc_qzabre-quantumedukit-reddotaward-activity-7476565527394705408-TvpH?utm_source=share&utm_medium=member_desktop&rcm=ACoAADPFoNgBlHtFncAqTELC16L7slMGlUW3Nns,award_certification,legitimacy,2026-07-27 06:49:47.386284+00:00,2025-07-15 00:00:00+00:00,0.35,False,False
e8a4f68f-7217-486c-89a0-1f95fbf9431f,swiss-quantum-initiative,hermes,news,https://swissnex.org/our-impact/quantum/quantum-week-2026/,ecosystem_event,community_ecosystem,2026-07-28 05:03:33.388850+00:00,2026-07-28 00:00:00+00:00,0.7,False,False
9077f35b-b5c4-4900-9612-f3c906530fee,swiss-quantum-initiative,hermes,news,https://swissnex.org/news/swiss-quantum-strategy-released/,strategic_positioning,community_ecosystem,2026-07-28 05:03:33.388850+00:00,2026-03-06 00:00:00+00:00,0.75,False,False
00cb12d6-1b21-420a-a2a7-625dfd6991ef,swiss-quantum-initiative,hermes,website,https://www.snf.ch/en/N01wa8jzDaYFaPca/news/swiss-quantum-call-2026,funding_event,legitimacy,2026-07-28 05:03:33.388850+00:00,2026-06-01 00:00:00+00:00,0.85,False,False
4161741c-1bc7-4caa-8608-a2ac2f81e746,swiss-quantum-initiative,hermes,website,https://qc.ethz.ch/community-and-initiatives/network/swiss-quantum-initiative.html,leadership_appointment,legitimacy,2026-07-28 05:03:33.388850+00:00,2026-01-01 00:00:00+00:00,0.65,False,False
ac11d767-13e1-4871-8cd0-fe350453dc2f,swiss-quantum-initiative,hermes,news,https://swissnex.org/our-impact/quantum/quantum-week-2026/,international_collaboration,community_ecosystem,2026-07-28 05:03:33.388850+00:00,2024-01-01 00:00:00+00:00,0.45,False,False
856b33a7-7844-4393-8a42-b4cbaf227920,swiss-quantum-initiative,hermes,news,https://thequantuminsider.com/2026/03/05/switzerland-unveils-national-quantum-strategy-to-strengthen-global-tech-position/,media_coverage,community_ecosystem,2026-07-28 05:03:33.388850+00:00,2026-03-05 00:00:00+00:00,0.7,False,False
aca18f23-0f35-40c1-8c1a-711a7bab7b39,nccr-spin,hermes,news,https://physik.unibas.ch/de/event/details/quantum-industry-chat-and-upquantval-conference-1/,industry_engagement,customer_cocreation,2026-07-28 05:05:55.539391+00:00,2026-09-10 00:00:00+00:00,0.6,False,False
f35c868c-e11e-4c32-83da-ebc8da65e44f,nccr-spin,hermes,website,https://www.nccr-spin.ch/news/silicon-quantum-electronics-workshop-siqew-2026,conference_role,community_ecosystem,2026-07-28 05:05:55.539391+00:00,2026-06-11 00:00:00+00:00,0.85,False,False
42e42c5e-ed62-418a-b514-7308e3408a8c,nccr-spin,hermes,news,https://www.nature.com/articles/s41534-026-01297-w,publication,legitimacy,2026-07-28 05:05:55.539391+00:00,2026-06-11 00:00:00+00:00,0.75,True,False
96341058-4829-4048-bdfe-b75796159fd3,nccr-spin,hermes,arxiv,https://arxiv.org/html/2604.13644v1,publication,legitimacy,2026-07-28 05:05:55.539391+00:00,2026-04-15 00:00:00+00:00,0.85,False,False
93381285-f8c1-4204-bc1e-6abbb02170d8,nccr-spin,hermes,arxiv,https://arxiv.org/pdf/2604.19687,publication,legitimacy,2026-07-28 05:05:55.539391+00:00,2026-04-22 00:00:00+00:00,0.75,False,False
07c826a7-877a-416e-84e0-a5537374aba5,nccr-spin,hermes,news,https://www.instagram.com/p/DXrSMEVF7Cr/,sponsorship,community_ecosystem,2026-07-28 05:05:55.539391+00:00,2026-04-28 00:00:00+00:00,0.55,False,False
4d16161c-251d-461e-b7f4-f426d9e7c6da,nccr-spin,hermes,website,https://www.nccr-spin.ch/news/nccr-spin-annual-meeting-2026-science-innovation-and-collaboration-in-pontresina,consortium_membership,community_ecosystem,2026-07-28 05:05:55.539391+00:00,2026-06-18 00:00:00+00:00,0.85,False,False
0b3f4607-36ce-4074-8b46-88609cb9b1f2,metas,hermes,website,https://www.esdi.ch/quantum-2/,consortium_funding,customer_cocreation,2026-07-28 05:08:16.545800+00:00,2026-02-20 00:00:00+00:00,0.75,False,False
750a5e82-70ea-431e-9bd3-9eec5c42e82a,metas,hermes,website,https://www.euramet.org/research-innovation/search-research-projects/details/project/cryogenic-rf-measurements-for-quantum-and-semiconductor-technologies,consortium_membership,community_ecosystem,2026-07-28 05:08:16.545800+00:00,2026-01-01 00:00:00+00:00,0.8,False,False
a16d0730-3522-404b-8c4c-a2cc0e6cee50,metas,hermes,news,https://ggba.swiss/en/switzerlands-guardian-of-measurement-steps-into-the-quantum-era/,strategic_positioning,community_ecosystem,2026-07-28 05:08:16.545800+00:00,2026-03-01 00:00:00+00:00,0.7,False,False
58ec793c-fa1a-4ed6-92ba-b13319ea5f33,metas,hermes,arxiv,https://arxiv.org/abs/2603.10553,publication,legitimacy,2026-07-28 05:08:16.545800+00:00,2026-03-11 00:00:00+00:00,0.85,False,False
4012cf7b-6496-419a-b50d-a2d762507e8c,metas,hermes,website,https://www.psi.ch/en/news/media-releases/collaboration-between-metas-and-psi,certification,legitimacy,2026-07-28 05:08:16.545800+00:00,2026-06-30 00:00:00+00:00,0.9,True,False
8a0d80b8-5c63-474c-bacb-c3121554ee0c,eth-zurich-quantum-center,hermes,website,https://ethz.ch/en/news-and-events/eth-news/news/2026/05/perfect-randomness-realised-for-the-first-time.html,technological_advances,future_trajectory,2026-07-28 05:12:34.960007+00:00,2026-05-27 00:00:00+00:00,0.85,True,False
c6f2a638-19e5-4ac9-a6fc-20dc0b280cd2,eth-zurich-quantum-center,hermes,website,https://qc.ethz.ch/news-events/conferences---symposia/swiss-quantum-days.html,conference_organization,community_ecosystem,2026-07-28 05:12:34.960007+00:00,2026-01-28 00:00:00+00:00,0.8,False,False
a77492d8-f741-41f8-9504-ac550e7d76f5,eth-zurich-quantum-center,hermes,arxiv,https://arxiv.org/html/2606.28199v1,publication,legitimacy,2026-07-28 05:12:34.960007+00:00,2026-06-26 00:00:00+00:00,0.9,False,False
75549883-496a-4fa5-8e39-f47fce1304d8,eth-zurich-quantum-center,hermes,arxiv,https://arxiv.org/html/2606.02440v1,publication,legitimacy,2026-07-28 05:12:34.960007+00:00,2026-06-01 00:00:00+00:00,0.9,False,False
1ea48736-c993-4f74-ad3d-e403af315be6,eth-zurich-quantum-center,hermes,website,https://ethz.ch/staffnet/en/news-and-events/internal-news/archive/2026/06/torsten-hoefler-erc-proof-of-concept-grant.html,funding_event,legitimacy,2026-07-28 05:12:34.960007+00:00,2026-06-30 00:00:00+00:00,0.8,False,False
cc5fa162-d360-4208-a108-34091754babb,eth-zurich-quantum-center,hermes,website,https://www.phys.ethz.ch/news-and-events/d-phys-news/2026/05/best-of-two-worlds-superconducting-qubits-and-mechanical-resonators-for-quantum-computing.html,technological_advances,future_trajectory,2026-07-28 05:12:34.960007+00:00,2026-05-28 00:00:00+00:00,0.85,True,False
0cf42dbd-7e6a-4417-a8a2-73ec150f90eb,eth-zurich-quantum-center,hermes,website,https://ethz.ch/en/news-and-events/eth-news/news/2026/04/a-new-trick-brings-stability-to-quantum-operations.html,technological_advances,future_trajectory,2026-07-28 05:12:34.960007+00:00,2026-04-08 00:00:00+00:00,0.85,False,False
6a8180b8-2bd1-48cb-b405-96f48fc39fc5,eth-zurich-quantum-center,hermes,news,https://research.ibm.com/blog/building-the-future-of-computing-together,strategic_partnership,customer_cocreation,2026-07-28 05:12:34.960007+00:00,2026-04-29 00:00:00+00:00,0.8,True,False
efa6da05-da76-449f-a2fd-2efebf59452d,basel-quantum-center,hermes,news,https://phys.org/news/2026-01-entangled-atomic-clouds-enable-precise.html,publication,legitimacy,2026-07-28 05:16:13.195269+00:00,2026-01-22 00:00:00+00:00,0.8,False,False
dce718b1-b3a7-484d-a71b-a0b12df247eb,basel-quantum-center,hermes,website,https://bqc.unibas.ch/en/news/details/swiss-quantum-days-2026-in-engelberg/,conference_organization,community_ecosystem,2026-07-28 05:16:13.195269+00:00,2026-02-02 00:00:00+00:00,0.85,False,False
134977dc-621c-489a-9252-d850fedb71f1,basel-quantum-center,hermes,website,https://physik.unibas.ch/en/news/details/the-basel-quantum-center-has-released-its-bqc-mission-clip/,strategic_positioning,community_ecosystem,2026-07-28 05:16:13.195269+00:00,2026-03-03 00:00:00+00:00,0.75,False,False
0e1c56f6-c454-471c-92e3-127de67b6c06,basel-quantum-center,hermes,website,https://bqc.unibas.ch/en/news-events/,industry_engagement,customer_cocreation,2026-07-28 05:16:13.195269+00:00,2026-04-24 00:00:00+00:00,0.7,False,False
cf3bb6cd-6afb-4674-8641-bc4ac01919c2,basel-quantum-center,hermes,website,https://bqc.unibas.ch/en/news-events/,award,legitimacy,2026-07-28 05:16:13.195269+00:00,2026-06-09 00:00:00+00:00,0.8,True,False
510ac009-4cda-4446-b77c-b9cd992e70f9,basel-quantum-center,hermes,news,https://phys.org/news/2026-07-schrdingerlike-sixmolecule-clusters-quantum-components.html,publication,legitimacy,2026-07-28 05:16:13.195269+00:00,2026-07-16 00:00:00+00:00,0.8,False,False
045b0741-34a0-46bb-a1b3-4c9d4c3f694f,basel-quantum-center,hermes,website,https://zumbuhllab.unibas.ch/en/news/details/published-in-nature-electronics-fully-autonomous-tuning-of-a-spin-qubit/,publication,legitimacy,2026-07-28 05:16:13.195269+00:00,2026-02-02 00:00:00+00:00,0.85,False,False
86819e77-ee3f-425c-8f57-59e171cd7873,basel-quantum-center,hermes,website,https://physik.unibas.ch/en/event/details/quantum-industry-chat-and-upquantval-conference-1/,industry_engagement,customer_cocreation,2026-07-28 05:16:13.195269+00:00,2026-09-10 00:00:00+00:00,0.75,False,False
a849994c-9648-4b3f-b52c-4c8b6f7365a2,basel-quantum-center,hermes,website,https://quantera.eu/strategic-conference-impact-of-quantera-2016-2026/,consortium_membership,community_ecosystem,2026-07-28 05:16:13.195269+00:00,2026-09-28 00:00:00+00:00,0.8,False,False
381179c0-322b-48fd-9d16-9e9cea29d7f9,basel-quantum-center,hermes,website,https://www.nccr-spin.ch/events/spinqubit7,conference_organization,community_ecosystem,2026-07-28 05:16:13.195269+00:00,2026-07-13 00:00:00+00:00,0.75,False,False
b8ea23a8-e77c-48ca-baae-0e452bebc670,basel-quantum-center,hermes,arxiv,https://arxiv.org/abs/2604.13644,publication,legitimacy,2026-07-28 05:16:13.195269+00:00,2026-04-15 00:00:00+00:00,0.9,False,False
3499d3d5-076e-452d-bd8e-353571f61606,swiss-nanoscience-institute,hermes,website,https://nanoscience.unibas.ch/en/news/details/universitaet-basel-uebernimmt-co-leitung-im-neuen-nationalen-forschungsschwerpunkt-precision/,funding_event,legitimacy,2026-07-28 05:18:52.680974+00:00,2026-02-02 00:00:00+00:00,0.9,False,False
277d8221-4303-4a3b-ae4c-cda0c6feedb8,swiss-nanoscience-institute,hermes,news,https://www.unibas.ch/en/News-Events/Awards-Honors/Article/Quantum-startup-YQuantum-receives-seed-funding.html,spinout_funding,customer_cocreation,2026-07-28 05:18:52.680974+00:00,2025-11-10 00:00:00+00:00,0.85,False,False
1235161d-a1db-40c7-b1be-5c361c59fe6e,swiss-nanoscience-institute,hermes,news,https://www.unibas.ch/en/News-Events/News/Uni-Info/University-of-Basel-and-QuantumBasel-join--forces-for-quantum-computing-innovations-in-Switzerland.html,strategic_partnership,community_ecosystem,2026-07-28 05:18:52.680974+00:00,2024-10-22 00:00:00+00:00,0.8,False,False
3924349b-3c13-4bde-bf32-69eb0c8d59fb,swiss-nanoscience-institute,hermes,website,https://nanoscience.unibas.ch/en/,publication,legitimacy,2026-07-28 05:18:52.680974+00:00,2026-07-15 00:00:00+00:00,0.75,False,False
d26b3f28-352c-478c-ac18-bbadd4490eb8,swiss-nanoscience-institute,hermes,news,https://www.psi.ch/en/lnq/scientific-highlights,talent_hiring,future_trajectory,2026-07-28 05:18:52.680974+00:00,2025-09-08 00:00:00+00:00,0.7,True,False
44b3d3eb-ef15-478b-b09c-14ef7e6acd04,swiss-nanoscience-institute,hermes,website,https://nanoscience.unibas.ch/de/news/details/acs-nano-impact-award-fuer-veroeffentlichung-ueber-steuerbare-quanteneffekte/,award_recognition,legitimacy,2026-07-28 05:18:52.680974+00:00,2026-06-09 00:00:00+00:00,0.85,False,False
df684209-1318-406c-9480-f45ba2f7d4d5,swiss-nanoscience-institute,hermes,arxiv,https://arxiv.org/abs/2607.15978,publication,legitimacy,2026-07-28 05:18:52.680974+00:00,2026-07-17 00:00:00+00:00,0.8,False,False
f6a3a91a-8f87-4818-9a4d-c8375e0f275f,epfl-qse,hermes,website,https://actu.epfl.ch/news/epfl-launches-cloud-access-to-real-quantum-compu-3,strategic_partnership,customer_cocreation,2026-07-28 05:22:44.531420+00:00,2026-05-29 00:00:00+00:00,0.85,False,False
c1643422-5339-4047-b0ac-7eed6e96ecd5,epfl-qse,hermes,website,https://www.epfl.ch/research/domains/quantum-center/funding/nyuad-quantum-hackathon/,consortium_membership,community_ecosystem,2026-07-28 05:22:44.531420+00:00,2026-02-06 00:00:00+00:00,0.8,False,False
400dfdc0-82fa-4b98-8290-7dc966dd5c16,epfl-qse,hermes,arxiv,https://arxiv.org/html/2604.23565,publication,legitimacy,2026-07-28 05:22:44.531420+00:00,2026-04-26 00:00:00+00:00,0.75,False,False
9d592d88-6656-4de9-99ea-f2c9adc03288,epfl-qse,hermes,website,https://www.epfl.ch/research/domains/quantum-center/events/,conference_role,community_ecosystem,2026-07-28 05:22:44.531420+00:00,2026-07-29 00:00:00+00:00,0.7,True,False
02f073ff-36ba-4033-b7ad-4bb66c54b97b,epfl-qse,hermes,arxiv,https://arxiv.org/html/2607.06547v1,publication,legitimacy,2026-07-28 05:22:44.531420+00:00,2026-07-07 00:00:00+00:00,0.85,False,False
1d94ad25-398a-4bd3-b062-2591d9114757,epfl-qse,hermes,news,https://swissquantumdays.ch/wp-content/uploads/2026/01/SQD2026_Program-Booklet_online-version_28.01.26.pdf,conference_role,community_ecosystem,2026-07-28 05:22:44.531420+00:00,2026-01-28 00:00:00+00:00,0.65,False,False
d6c0c81a-fc7a-4e6f-be11-3706aa585d1e,epfl-qse,hermes,website,https://www.epfl.ch/research/domains/quantum-center/events/,pilot_announcement,customer_cocreation,2026-07-28 05:22:44.531420+00:00,2026-07-17 00:00:00+00:00,0.8,False,False
cd2ccabb-55a6-458b-b7a4-c1a8e48d2674,epfl-qse,hermes,website,https://www.epfl.ch/research/domains/quantum-center/events/,talent_pipeline,community_ecosystem,2026-07-28 05:22:44.531420+00:00,2026-07-06 00:00:00+00:00,0.75,False,False
26695e4b-db55-45e5-80fc-ee5c96ab6017,epfl-qse,hermes,arxiv,https://arxiv.org/html/2607.14217v1,publication,legitimacy,2026-07-28 05:22:44.531420+00:00,2026-07-15 00:00:00+00:00,0.85,False,False
54fcfd7c-209f-4e04-b999-761ad1d92cc9,epfl-qse,hermes,website,https://www.epfl.ch/research/domains/quantum-center/events/,funding_event,future_trajectory,2026-07-28 05:22:44.531420+00:00,2026-07-07 00:00:00+00:00,0.75,False,False
d792fd40-8bae-4186-8aed-b2695e029846,epfl-qse,hermes,website,https://actu.epfl.ch/news/quantum-and-molecular-plumbing-2/,new_lab_opening,future_trajectory,2026-07-28 05:22:44.531420+00:00,2026-06-22 00:00:00+00:00,0.8,False,False
d5649a46-4170-4735-b552-b6e482dd125c,zuriq,masfactory,news,http://www.bing.com/news/apiclick.aspx?ref=FexRss&aid=&tid=6a695f5cf15c46e0a9f92a3c3f645f82&url=https%3a%2f%2fwww.elektroniknet.de%2finternational%2fzuriq-raises-255-million-to-scale-new-2d-quantum-architecture.cc182429-b648-430a-be41-f88d691f025d.html&c=15471821470672254026&mkt=de-de,funding_event,legitimacy,2026-07-29 03:00:20.689538+00:00,,0.95,False,False
5fb2988a-f805-437d-a689-4754066c4489,swiss-quantum-initiative,hermes,website,https://quantum.scnat.ch/en,strategic_positioning,future_trajectory,2026-07-29 05:05:37.650932+00:00,2026-03-03 00:00:00+00:00,0.7,False,False
a08faa75-be4a-4e9d-950e-8f09c3299f17,swiss-quantum-initiative,hermes,website,https://quantum.scnat.ch/en,leadership_appointment,legitimacy,2026-07-29 05:05:37.650932+00:00,2026-07-07 00:00:00+00:00,0.75,False,False
c241237b-6f7b-4083-8ab4-507a891f0795,swiss-quantum-initiative,hermes,website,https://quantum.scnat.ch/en,funding_event,legitimacy,2026-07-29 05:05:37.650932+00:00,2026-06-01 00:00:00+00:00,0.7,False,False
87577ee2-6089-49b6-a495-7354c200176d,swiss-quantum-initiative,hermes,website,https://quantum.scnat.ch/en,funding_event,legitimacy,2026-07-29 05:05:37.650932+00:00,2026-05-26 00:00:00+00:00,0.75,False,False
c27ee20f-7d7c-4aa8-845e-d4923852f956,swiss-quantum-initiative,hermes,website,https://quantum.scnat.ch/en,project_selection,legitimacy,2026-07-29 05:05:37.650932+00:00,2026-04-10 00:00:00+00:00,0.7,False,False
04411bd9-2349-4c5a-8b7a-bedec61fd6ff,swiss-quantum-initiative,hermes,website,https://quantum.scnat.ch/en,pilot_announcement,customer_cocreation,2026-07-29 05:05:37.650932+00:00,2026-01-01 00:00:00+00:00,0.7,False,False
14ff5560-c51d-44d1-8a2b-ec638d41339d,swiss-quantum-initiative,hermes,news,https://www.swissinfo.ch/eng/research-frontiers/strategy-urges-switzerland-to-create-international-quantum-technology-hub/91035319,strategic_positioning,community_ecosystem,2026-07-29 05:05:37.650932+00:00,2026-07-29 00:00:00+00:00,0.45,False,False
c14559c7-9252-48ea-9ecc-73da8fa0fe11,eth-zurich-quantum-center,hermes,website,https://www.snf.ch/en/m1BuKkhqcSedG8Ix/funding/programmes/bridge,funding_event,legitimacy,2026-07-29 05:12:25.343780+00:00,2026-03-30 00:00:00+00:00,0.6,False,False
4fed9b37-3c48-4377-a7ba-2224d51e15cb,eth-zurich-quantum-center,hermes,news,https://newsroom.ibm.com/2026-03-31-IBM-and-ETH-Zurich-join-forces-to-shape-the-future-of-algorithms-for-the-AI-and-quantum-era,partnership_announcement,customer_cocreation,2026-07-29 05:12:25.343780+00:00,2026-03-31 00:00:00+00:00,0.55,True,False
b4ab5c71-15bf-4091-8b99-907d028e62d2,eth-zurich-quantum-center,hermes,website,https://ethz.ch/en/news-and-events/eth-news/news/2026/06/twelve-top-research-projects-win-millions-in-european-funding.html,funding_event,legitimacy,2026-07-29 05:12:25.343780+00:00,2026-06-23 00:00:00+00:00,0.7,False,False
b6276405-40a5-4b44-a7ba-3975e5543528,eth-zurich-quantum-center,hermes,website,https://www.phys.ethz.ch/news-and-events/d-phys-news/2026/05/best-of-two-worlds-superconducting-qubits-and-mechanical-resonators-for-quantum-computing.html,technological_advances,future_trajectory,2026-07-29 05:12:25.343780+00:00,2026-05-28 00:00:00+00:00,0.85,True,False
1c7fa5bd-5a53-4082-85dc-610dc46ca395,eth-zurich-quantum-center,hermes,website,https://ethz.ch/en/news-and-events/eth-news/news/2026/04/a-new-trick-brings-stability-to-quantum-operations.html,technological_advances,future_trajectory,2026-07-29 05:12:25.343780+00:00,2026-04-08 00:00:00+00:00,0.85,False,False
5cad0371-45e5-452d-9456-e833f20af973,eth-zurich-quantum-center,hermes,arxiv,https://hyqu.ethz.ch/news/2026/07/our-work-on-two-mode-squeezing-between-hbar-devices-appeared-on-the-arxiv.html,publication,legitimacy,2026-07-29 05:12:25.343780+00:00,2026-07-20 00:00:00+00:00,0.75,False,False
069d57c7-83ef-46b8-84cc-2a1523d06e12,eth-zurich-quantum-center,hermes,arxiv,https://arxiv.org/html/2606.02440v1,publication,legitimacy,2026-07-29 05:12:25.343780+00:00,2026-06-01 00:00:00+00:00,0.8,False,False
a4a0cc1e-95fc-4363-abf7-e50929316fc3,basel-quantum-center,hermes,website,https://bqc.unibas.ch/en/research/highlights/,funding_event,legitimacy,2026-07-29 05:15:47.846319+00:00,2026-01-30 00:00:00+00:00,0.75,False,False
3ce03edf-3b0b-4204-b046-d541165f0525,basel-quantum-center,hermes,website,https://bqc.unibas.ch/en/research/highlights/,certification,legitimacy,2026-07-29 05:15:47.846319+00:00,2026-06-09 00:00:00+00:00,0.7,True,False
3b2c3b2b-0075-4da9-8a82-99f64b236569,basel-quantum-center,hermes,website,https://bqc.unibas.ch/en/news-events/,publication,legitimacy,2026-07-29 05:15:47.846319+00:00,2026-07-01 00:00:00+00:00,0.7,False,False
ce5f1a56-5666-4626-9c7f-f9a0ec0f33cb,basel-quantum-center,hermes,website,https://bqc.unibas.ch/en/research/highlights/,conference_role,community_ecosystem,2026-07-29 05:15:47.846319+00:00,2026-02-02 00:00:00+00:00,0.7,True,False
61b49efc-d459-4323-adea-8b91e3a35cd0,basel-quantum-center,hermes,website,https://bqc.unibas.ch/en/news-events/,publication,legitimacy,2026-07-29 05:15:47.846319+00:00,2026-07-15 00:00:00+00:00,0.7,False,False
69ed025a-f8c3-47cc-b2fe-4e7a51e195b6,basel-quantum-center,hermes,website,https://bqc.unibas.ch/en/news-events/,conference_role,community_ecosystem,2026-07-29 05:15:47.846319+00:00,2026-09-10 00:00:00+00:00,0.65,False,False
5bb706b3-577b-4700-9a0d-80930ddfa548,basel-quantum-center,hermes,website,https://bqc.unibas.ch/en/research/highlights/,commercialization_spinout,future_trajectory,2026-07-29 05:15:47.846319+00:00,2026-01-01 00:00:00+00:00,0.6,False,False
204db36a-3d5f-4b67-846e-5347bb0709f4,basel-quantum-center,hermes,arxiv,https://arxiv.org/html/2604.13644v1,publication,legitimacy,2026-07-29 05:15:47.846319+00:00,2026-04-15 00:00:00+00:00,0.85,False,False
fbb6010d-58be-47e8-b350-261c4362597b,basel-quantum-center,hermes,arxiv,https://arxiv.org/html/2607.06219v3,technological_advances,future_trajectory,2026-07-29 05:15:47.846319+00:00,2026-07-20 00:00:00+00:00,0.85,False,False
4a921571-455a-45cf-8516-9fdedf6b43a2,basel-quantum-center,hermes,website,https://bqc.unibas.ch/en/network/qc2-center/,consortium_membership,community_ecosystem,2026-07-29 05:15:47.846319+00:00,,0.7,False,False
62c6db0a-d379-4a16-a003-e0e606ea20c2,basel-quantum-center,hermes,news,https://www.linkedin.com/posts/basel-quantum-center-bqc_we-welcome-prof-daniel-malz-from-the-department-activity-7430587039885975552-jtqS,leadership_appointment,future_trajectory,2026-07-29 05:15:47.846319+00:00,2026-02-20 00:00:00+00:00,0.55,False,False
7f8546fa-7e8e-463c-99d2-be4f051abcba,swiss-nanoscience-institute,hermes,website,https://nanoscience.unibas.ch/de/news/details/acs-nano-impact-award-fuer-veroeffentlichung-ueber-steuerbare-quanteneffekte/,award_certification,legitimacy,2026-07-29 05:18:03.217538+00:00,2026-06-09 00:00:00+00:00,0.85,False,False
8576f6f3-3241-47e5-83e5-311751bf19f0,swiss-nanoscience-institute,hermes,news,https://swissnex.org/app/uploads/2025/10/Switzerland_Hub_Quantum_Oct2025_web.pdf,strategic_positioning,community_ecosystem,2026-07-29 05:18:03.217538+00:00,2025-10-01 00:00:00+00:00,0.55,False,False
22adbb3b-ae7d-4ba4-885e-123b0ed034f7,swiss-nanoscience-institute,hermes,website,https://nanoscience.unibas.ch/en/news/details/ungepaarte-elektronen-in-molekuelclustern-neue-erkenntnisse-fuer-quantenbauelemente/,publication,legitimacy,2026-07-29 05:18:03.217538+00:00,2026-07-15 00:00:00+00:00,0.85,False,False
2ee36ca3-4dd2-4b3f-8a00-78b8c3ae8333,swiss-nanoscience-institute,hermes,arxiv,https://arxiv.org/abs/2602.21896,publication,legitimacy,2026-07-29 05:18:03.217538+00:00,2026-03-03 00:00:00+00:00,0.9,False,False
249d4baa-f9f1-4513-a3fa-183b055daa4a,swiss-nanoscience-institute,hermes,arxiv,https://arxiv.org/abs/2607.15978,publication,legitimacy,2026-07-29 05:18:03.217538+00:00,2026-07-17 00:00:00+00:00,0.9,False,False
e75bb08a-ced3-4dcb-a5d4-e03351fac71c,swiss-nanoscience-institute,hermes,website,https://www.psi.ch/en/lnq/scientific-highlights,funding_event,future_trajectory,2026-07-29 05:18:03.217538+00:00,2025-09-08 00:00:00+00:00,0.75,True,False
3061eb7b-9836-48a5-ac8d-bc11b67fc4a7,swiss-nanoscience-institute,hermes,website,https://nanoscience.unibas.ch/en/techtransfer/erfolgsgeschichten/,funding_event,future_trajectory,2026-07-29 05:18:03.217538+00:00,2025-11-10 00:00:00+00:00,0.8,False,False
e3080615-a52d-4a5e-ad6a-8007d1b2b009,epfl-qse,hermes,news,https://actu.epfl.ch/news/epfl-launches-cloud-access-to-real-quantum-compu-3/,consortium_funding,customer_cocreation,2026-07-29 05:23:31.651321+00:00,2026-05-29 00:00:00+00:00,0.85,False,False
93223f8e-830d-443e-9527-dfba17d3ee6b,epfl-qse,hermes,news,https://thequbitreport.com/academia-workforce/2026/07/28/epfl-partners-with-quantinuum-for-first-swiss-academic-cloud-access-to-trapped-ion-quantum-computers-via-scitas-platform/,consortium_funding,customer_cocreation,2026-07-29 05:23:31.651321+00:00,2026-07-28 00:00:00+00:00,0.85,False,False
5f34816f-9279-467c-a177-8384410e1935,epfl-qse,hermes,news,https://actu.epfl.ch/news/tobias-kippenberg-receives-nomis-award/,award_recognition,legitimacy,2026-07-29 05:23:31.651321+00:00,2026-07-23 00:00:00+00:00,0.95,False,False
9f841a15-ca93-4dd3-bee1-c85abd3b426e,epfl-qse,hermes,news,https://www.epfl.ch/research/domains/quantum-center/center-for-quantum-science-and-engineering/news/,strategic_positioning,community_ecosystem,2026-07-29 05:23:31.651321+00:00,2026-06-01 00:00:00+00:00,0.75,False,False
e1bb7360-04e0-4e2c-bb22-dfd6c0c8721c,zhaw,hermes,website,https://www.zhaw.ch/en/engineering/institutes-centres/init/news/news/event-news/neue-plattform-buendelt-expertise-in-der-quantenforschung,strategic_positioning,community_ecosystem,2026-07-29 05:41:40.246846+00:00,2026-05-27 00:00:00+00:00,0.85,False,False
629c749f-6953-4b49-819c-881d835307a5,zhaw,hermes,website,https://www.zhaw.ch/en/engineering/institutes-centres/init/news/,conference_role,legitimacy,2026-07-29 05:41:40.246846+00:00,2026-06-01 00:00:00+00:00,0.65,False,False
891ce830-c2bc-4d05-992d-54696f092990,zhaw,hermes,website,https://www.zhaw.ch/en/engineering/institutes-centres/init/news/,publication,legitimacy,2026-07-29 05:41:40.246846+00:00,2026-03-26 00:00:00+00:00,0.6,False,False
bc8ed5e5-a45f-4795-b1d5-fa5818734d2e,fhnw,hermes,website,https://digitaltrust-competence.ch/introduction-to-quantum-technologies-and-the-swiss-ecosystem/,strategic_positioning,community_ecosystem,2026-07-29 05:43:52.783574+00:00,2026-05-22 00:00:00+00:00,0.65,False,False
9aac2d23-861a-4dc0-927f-e4050d1641f1,fhnw,hermes,website,https://www.fhnw.ch/de/technik-umwelt/aktuelles/news-storys/alle/quantentechnologie-bridge-quantum-projekte,funding_event,future_trajectory,2026-07-29 05:43:52.783574+00:00,2026-04-21 00:00:00+00:00,0.75,True,False
d8c94878-e26c-4bd6-9c95-65e75f110354,qai-ventures,hermes,website,https://qai-ventures.com/news,industry_partnership,customer_cocreation,2026-07-29 06:00:12.296137+00:00,2026-04-13 00:00:00+00:00,0.8,False,False
30be933b-37b4-408b-b8c1-78c76e32914b,qai-ventures,hermes,website,https://qai-ventures.com/news,portfolio_validation,legitimacy,2026-07-29 06:00:12.296137+00:00,2026-07-27 00:00:00+00:00,0.75,False,False
af332e67-730f-418c-af23-7eeb5a48fe05,qai-ventures,hermes,website,https://qai-ventures.com/news,strategic_partnership,community_ecosystem,2026-07-29 06:00:12.296137+00:00,2026-02-25 00:00:00+00:00,0.8,False,False
67de4f6b-7ec9-40f9-a1f7-0cfcef0eebf7,qai-ventures,hermes,website,https://qai-ventures.com,fundraising_announcement,future_trajectory,2026-07-29 06:00:12.296137+00:00,2026-01-01 00:00:00+00:00,0.6,False,False
b94ebdfb-0336-45de-b978-fe635dc73f69,qai-ventures,hermes,website,https://qai-ventures.com,portfolio_metrics,legitimacy,2026-07-29 06:00:12.296137+00:00,2026-01-01 00:00:00+00:00,0.65,False,False
e2915e7e-d3c6-4678-89fe-ac7cc191228f,qai-ventures,hermes,website,https://qai-ventures.com,fund_performance_validation,legitimacy,2026-07-29 06:00:12.296137+00:00,2026-01-01 00:00:00+00:00,0.65,False,False
a997499b-c079-4942-91c4-9a068afa6220,qai-ventures,hermes,website,https://qai-ventures.com/news,accelerator_launch,future_trajectory,2026-07-29 06:00:12.296137+00:00,2026-07-09 00:00:00+00:00,0.8,False,False
fa074e10-48cf-41b4-a21f-bfe53f3fcd70,basel-precision-instruments,hermes,website,https://www.baspi.ch,conference_keynote,community_ecosystem,2026-07-29 06:28:33.759026+00:00,2025-07-29 00:00:00+00:00,0.7,False,False
da6ec893-f39d-47da-87bf-2b1be1a16267,basel-precision-instruments,hermes,website,https://www.baspi.ch,strategic_partnership,community_ecosystem,2026-07-29 06:28:33.759026+00:00,2025-07-29 00:00:00+00:00,0.85,False,False
2c90ec3f-bd5d-4100-894c-5d36040a858f,basel-precision-instruments,hermes,arxiv,https://arxiv.org/abs/2603.03166,joint_publication,customer_cocreation,2026-07-29 06:28:33.759026+00:00,2026-03-03 00:00:00+00:00,0.9,False,False
1dbe62cf-b338-4bc1-b37e-4361ac002c24,basel-precision-instruments,hermes,website,https://www.baspi.ch,conference_participation,community_ecosystem,2026-07-29 06:28:33.759026+00:00,2026-03-15 00:00:00+00:00,0.7,False,False
3d793199-b8e1-4504-a781-469fe806e0fd,basel-precision-instruments,hermes,website,https://www.baspi.ch,product_launch,future_trajectory,2026-07-29 06:28:33.759026+00:00,2025-07-29 00:00:00+00:00,0.7,False,False
d99bd4f4-9cc5-4f1f-9aa3-ff78b061007f,basel-precision-instruments,hermes,website,https://www.baspi.ch,ecosystem_event_participation,community_ecosystem,2026-07-29 06:28:33.759026+00:00,2025-07-29 00:00:00+00:00,0.7,False,False
f5a6b1d2-f6e4-4ae2-86fc-e325dd45069d,basel-precision-instruments,hermes,website,https://www.baspi.ch,conference_participation,community_ecosystem,2026-07-29 06:28:33.759026+00:00,2025-07-29 00:00:00+00:00,0.65,False,False
5a587308-515b-49e0-b6e4-a40207614077,miraex,hermes,website,https://www.miraex.com/,funding_event,legitimacy,2026-07-29 06:36:52.640060+00:00,2026-04-07 00:00:00+00:00,0.75,False,False
0d379301-2361-4535-8ff1-6207a9e260f6,miraex,hermes,website,https://www.miraex.com/,ma_acquisition,future_trajectory,2026-07-29 06:36:52.640060+00:00,2026-04-07 00:00:00+00:00,0.7,False,False
975e1537-4cdb-4934-b3e9-57da92c24ddb,swissnex,hermes,website,https://swissnex.org/news/swissnex-quantum-summit-2025-key-insights/,consortium_membership,community_ecosystem,2026-07-29 07:12:16.016806+00:00,2025-11-10 00:00:00+00:00,0.75,False,False
aa3a6540-c4eb-468f-ad97-9bfbd78456fc,swissnex,hermes,website,https://swissnex.org/news/swiss-quantum-strategy-released/,strategic_positioning,community_ecosystem,2026-07-29 07:12:16.016806+00:00,2026-03-06 00:00:00+00:00,0.7,False,False
fa956679-c547-4721-8240-6b731839c9c2,zuriq,masfactory,news,http://www.bing.com/news/apiclick.aspx?ref=FexRss&aid=&tid=6a6ab0a7a78346e1aa0d232da4b513f7&url=https%3a%2f%2fwww.elektroniknet.de%2finternational%2fzuriq-raises-255-million-to-scale-new-2d-quantum-architecture.cc182429-b648-430a-be41-f88d691f025d.html&c=15471821470672254026&mkt=de-de,funding_event,legitimacy,2026-07-30 03:16:49.672038+00:00,,0.95,False,False
55cde4f1-86a0-4842-8b16-1c4ac777a356,swiss-quantum-initiative,hermes,website,https://quantum.scnat.ch/en/news_and_events,pilot_announcement,customer_cocreation,2026-07-30 05:04:09.905945+00:00,2026-01-01 00:00:00+00:00,0.7,False,False
bc668315-f163-45c6-85fa-e113765fcc8f,swiss-quantum-initiative,hermes,news,https://swissnex.org/news/swiss-quantum-strategy-released/,strategic_positioning,future_trajectory,2026-07-30 05:04:09.905945+00:00,2026-03-06 00:00:00+00:00,0.85,False,False
c4de2cf3-1917-46cf-8d39-56c161316aa1,swiss-quantum-initiative,hermes,website,https://www.snf.ch/en/N01wa8jzDaYFaPca/news/swiss-quantum-call-2026,funding_event,future_trajectory,2026-07-30 05:04:09.905945+00:00,2026-06-01 00:00:00+00:00,0.9,False,False
5a4af17c-ac42-45d2-91d0-c29a12d7435f,swiss-quantum-initiative,hermes,website,https://quantum.scnat.ch/en/uuid/i/263722c0-2019-55cd-b1d1-07eb97410997-Swiss_Quantum_Days_2026,conference_role,community_ecosystem,2026-07-30 05:04:09.905945+00:00,2026-01-28 00:00:00+00:00,0.9,False,False
ce6a4a2e-44b3-4cdf-abda-09a6a7693e20,swiss-quantum-initiative,hermes,website,https://quantum.scnat.ch/en/news_and_events,funding_event,future_trajectory,2026-07-30 05:04:09.905945+00:00,2026-05-26 00:00:00+00:00,0.9,False,False
b8c8ce0b-6693-454b-bbf5-fb300c5067b1,swiss-quantum-initiative,hermes,website,https://quantum.scnat.ch/,project_selection,legitimacy,2026-07-30 05:04:09.905945+00:00,2026-04-10 00:00:00+00:00,0.75,False,False
23540695-6489-4630-aed9-c7e31171b582,metas,hermes,website,https://www.psi.ch/de/news/medienmitteilungen/zusammenarbeit-metas-und-psi,leadership_appointment,legitimacy,2026-07-30 05:13:21.208699+00:00,2026-06-30 00:00:00+00:00,0.85,False,False
af990faf-4234-4be2-9636-91c47b4e96ed,metas,hermes,website,https://www.esdi.ch/quantum-2/,consortium_funding,customer_cocreation,2026-07-30 05:13:21.208699+00:00,2026-01-01 00:00:00+00:00,0.6,False,False
4bda3f11-6f8e-46b2-8775-c5550845eec4,metas,hermes,website,https://www.euramet.org/research-innovation/search-research-projects/details/project/quantum-anomalous-hall-effect-materials-and-devices-for-metrology,consortium_membership,community_ecosystem,2026-07-30 05:13:21.208699+00:00,2024-01-01 00:00:00+00:00,0.75,False,False
0bb3b218-1473-445d-a96a-6b2956d7b367,metas,hermes,website,https://www.metas.ch/metas/en/home/metas/institut/strategie_metas.html,strategic_positioning,future_trajectory,2026-07-30 05:13:21.208699+00:00,2026-03-13 00:00:00+00:00,0.75,False,False
7cba7a50-e2b7-4c38-b92a-0c38b0e58f55,metas,hermes,news,https://ggba.swiss/en/switzerlands-guardian-of-measurement-steps-into-the-quantum-era/,media_coverage,community_ecosystem,2026-07-30 05:13:21.208699+00:00,2026-05-27 00:00:00+00:00,0.65,False,False
1d1e5fcb-5672-4fd1-b3bd-8f2637d247fe,metas,hermes,news,https://thequbitreport.com/the-qubit-report-week-ending-5-16-2026/,media_coverage,community_ecosystem,2026-07-30 05:13:21.208699+00:00,2026-05-16 00:00:00+00:00,0.45,False,False
6ef042af-1c6e-4a53-8138-ac967b4e2dbf,eth-zurich-quantum-center,hermes,arxiv,https://arxiv.org/abs/2606.02440,technological_advances,future_trajectory,2026-07-30 05:17:23.554372+00:00,2026-06-01 00:00:00+00:00,0.8,False,False
547b9ba9-b5b1-4283-8b16-c16b182d3fa8,eth-zurich-quantum-center,hermes,website,https://www.phys.ethz.ch/news-and-events/d-phys-news/2026/05/best-of-two-worlds-superconducting-qubits-and-mechanical-resonators-for-quantum-computing.html,publication,legitimacy,2026-07-30 05:17:23.554372+00:00,2026-05-28 00:00:00+00:00,0.85,True,False
ddefb26e-5216-405b-9ac2-63216419a78e,eth-zurich-quantum-center,hermes,website,https://ethz.ch/en/news-and-events/eth-news/news/2026/04/a-new-trick-brings-stability-to-quantum-operations.html,publication,legitimacy,2026-07-30 05:17:23.554372+00:00,2026-04-08 00:00:00+00:00,0.85,False,False
3cab63fb-e8dd-4966-9b8e-471d918bbc44,eth-zurich-quantum-center,hermes,website,https://www.phys.ethz.ch/news-and-events/d-phys-news/2026/01/surgery-for-quantum-bits.html,publication,legitimacy,2026-07-30 05:17:23.554372+00:00,2026-01-30 00:00:00+00:00,0.85,False,False
45bf93d2-d708-4189-a32c-2888b34910b0,eth-zurich-quantum-center,hermes,website,https://www.snf.ch/en/N01wa8jzDaYFaPca/news/swiss-quantum-call-2026,funding_event,legitimacy,2026-07-30 05:17:23.554372+00:00,2026-06-01 00:00:00+00:00,0.75,False,False
72da56ae-b42f-446f-9a04-d03f2833aa14,eth-zurich-quantum-center,hermes,website,https://www.linkedin.com/posts/eth-quantum-center_erc-advanced-grants-for-two-quantum-center-activity-7476340428942970880-c6vc,leadership_appointment,legitimacy,2026-07-30 05:17:23.554372+00:00,2026-06-26 00:00:00+00:00,0.6,False,False
a698b278-59c6-465a-9ac2-397bea85fa04,eth-zurich-quantum-center,hermes,website,https://qc.ethz.ch/news-events/conferences---symposia/quantum-center-retreat/qc-retreat2026.html,conference_event,community_ecosystem,2026-07-30 05:17:23.554372+00:00,2026-06-30 00:00:00+00:00,0.8,False,False
e305f4c4-964e-4268-9289-661d7eb3d1cf,eth-zurich-quantum-center,hermes,arxiv,https://arxiv.org/abs/2604.08655,technological_advances,future_trajectory,2026-07-30 05:17:23.554372+00:00,2026-04-09 00:00:00+00:00,0.8,True,False
01c0e108-9208-48d7-bab6-2f5f7d641d2e,eth-zurich-quantum-center,hermes,news,https://ideas.repec.org/a/nat/nature/v653y2026i8116d10.1038_s41586-026-10521-8.html,publication,legitimacy,2026-07-30 05:17:23.554372+00:00,2026-05-01 00:00:00+00:00,0.7,False,False
5cd708cd-b0e8-4b0a-a95a-5941e51e5978,swiss-nanoscience-institute,hermes,website,https://smolenski-lab.com/news,funding_event,legitimacy,2026-07-30 05:24:44.608223+00:00,2025-09-01 00:00:00+00:00,0.65,False,False
d328ea49-9ff0-46f4-a63a-57a7d806d922,swiss-nanoscience-institute,hermes,website,https://nanoscience.unibas.ch/en/news/details/ungepaarte-elektronen-in-molekuelclustern-neue-erkenntnisse-fuer-quantenbauelemente/,publication,legitimacy,2026-07-30 05:24:44.608223+00:00,2026-07-15 00:00:00+00:00,0.8,False,False
23dae995-4fd8-4611-900a-b6d3aacec79e,swiss-nanoscience-institute,hermes,website,https://nanoscience.unibas.ch/en/news/details/universitaet-basel-uebernimmt-co-leitung-im-neuen-nationalen-forschungsschwerpunkt-precision/,funding_event,legitimacy,2026-07-30 05:24:44.608223+00:00,2026-02-02 00:00:00+00:00,0.8,False,False
b1e1328f-3d1b-43c1-87ed-2a82d48d3dc8,swiss-nanoscience-institute,hermes,website,https://smolenski-lab.com/news,consortium_membership,community_ecosystem,2026-07-30 05:24:44.608223+00:00,2025-09-01 00:00:00+00:00,0.65,False,False
855d8ebd-73e1-4cb6-aefb-ccd253a7faf5,swiss-nanoscience-institute,hermes,news,https://www.instagram.com/reel/DXtqt5jk5UV/,ecosystem_event,community_ecosystem,2026-07-30 05:24:44.608223+00:00,2026-04-24 00:00:00+00:00,0.45,False,False
6df0339c-329d-427b-8608-1d9ccb69e180,swiss-nanoscience-institute,hermes,website,https://smolenski-lab.com/news,publication,legitimacy,2026-07-30 05:24:44.608223+00:00,2026-01-01 00:00:00+00:00,0.65,False,False
38eeb727-1460-4d6a-9694-8ecd7e6563d9,cern-quantum-technology-initiative,hermes,website,https://indico.cern.ch/event/1687157/contributions/7091886/attachments/3293721/5890093/APR2025_Appendices_FC.pdf,consortium_membership,community_ecosystem,2026-07-30 05:36:29.656702+00:00,2026-06-26 00:00:00+00:00,0.8,False,False
6be5a45d-e4f6-45ee-a5bd-d2869913783f,cern-quantum-technology-initiative,hermes,website,https://indico.global/event/16939/,conference_participation,community_ecosystem,2026-07-30 05:36:29.656702+00:00,2026-07-13 00:00:00+00:00,0.9,True,False
eaf90a3c-9d70-4b6a-a3e2-1bbd8ed38179,cern-quantum-technology-initiative,hermes,arxiv,https://arxiv.org/html/2602.09020v2,industry_partnership,customer_cocreation,2026-07-30 05:36:29.656702+00:00,2026-07-20 00:00:00+00:00,0.9,True,False
66243e93-d59e-4ce4-bef6-c0e6266b528b,cern-quantum-technology-initiative,hermes,arxiv,https://arxiv.org/html/2607.24258v1,publication,legitimacy,2026-07-30 05:36:29.656702+00:00,2026-07-27 00:00:00+00:00,0.9,True,False
662d3a30-796f-4347-88a0-a6c37f17b76f,cern-quantum-technology-initiative,hermes,website,https://nextgentriggers.web.cern.ch/applications-open-for-the-cern-mpq-uibk-school-on-quantum-simulation-of-fundamental-physics-2026/,education_training,community_ecosystem,2026-07-30 05:36:29.656702+00:00,2026-02-11 00:00:00+00:00,0.85,False,False
673dfd95-e211-4fee-949b-4737d283121d,cern-quantum-technology-initiative,hermes,website,https://qt.eu/news/2026/2026-05-11_Quantum_Flagship_at_Q-Expo_Meet,strategic_positioning,community_ecosystem,2026-07-30 05:36:29.656702+00:00,2026-05-12 00:00:00+00:00,0.75,True,False
561c06b2-3932-44a2-8704-01afcfb6455c,cern-quantum-technology-initiative,hermes,website,https://connect.geant.org/2025/10/20/join-the-first-sig-quantum-face-to-face-meeting-at-cern/,consortium_membership,community_ecosystem,2026-07-30 05:36:29.656702+00:00,2025-10-20 00:00:00+00:00,0.7,False,False
9f151a56-4b38-44e9-9ed8-dd9b3e79896b,cern-quantum-technology-initiative,hermes,website,https://indico.cern.ch/event/1591956/,workshop_organization,community_ecosystem,2026-07-30 05:36:29.656702+00:00,2026-07-01 00:00:00+00:00,0.85,False,False
da245dc1-06be-4ece-8089-b50444fe5ebf,cern-quantum-technology-initiative,hermes,website,https://indico.cern.ch/event/1687157/contributions/7091886/attachments/3293721/5890092/APR2025_FC.pdf,progress_reporting,legitimacy,2026-07-30 05:36:29.656702+00:00,2026-06-25 00:00:00+00:00,0.8,False,False
11022eea-7fb7-4c3e-b153-2e8904fa3e31,psi,hermes,website,https://www.psi.ch/de/lnq/scientific-highlights,strategic_positioning,community_ecosystem,2026-07-30 05:43:27.055386+00:00,2026-04-20 00:00:00+00:00,0.55,False,False
a89671c5-832c-42ae-9710-acdf21b51b5d,psi,hermes,website,https://www.psi.ch/de/quantum-technologies-collaboration,technological_advances,future_trajectory,2026-07-30 05:43:27.055386+00:00,2026-02-05 00:00:00+00:00,0.75,False,False
0b45797e-0c56-4176-87dc-968deb059c9a,psi,hermes,news,https://www.fz-juelich.de/en/news/archive/press-release/2026/when-one-becomes-two-qubit-splitting-for-stable-computing,publication,community_ecosystem,2026-07-30 05:43:27.055386+00:00,2026-01-30 00:00:00+00:00,0.85,False,False
8c1b2fc9-8b2b-4ba5-a974-3dfcb8ea8cc7,psi,hermes,website,https://www.psi.ch/de/quantum-technologies-collaboration,strategic_positioning,community_ecosystem,2026-07-30 05:43:27.055386+00:00,2026-07-07 00:00:00+00:00,0.8,False,False
9d444148-79cf-4867-bc0a-294b06be3b8a,psi,hermes,website,https://www.psi.ch/de/news/science-features/leaps-aisbl-in-bruessel-als-rechtlich-selbststaendige-einheit-gegruendet,consortium_membership,community_ecosystem,2026-07-30 05:43:27.055386+00:00,2026-05-01 00:00:00+00:00,0.7,False,False
43bb6678-e1bb-4b88-9a4f-a2b223124d0c,psi,hermes,arxiv,https://arxiv.org/abs/2603.15534,publication,legitimacy,2026-07-30 05:43:27.055386+00:00,2026-03-16 00:00:00+00:00,0.8,False,False
3dd75765-a8bc-406c-97c7-76d619f8c22f,psi,hermes,website,https://www.psi.ch/de/quantum-technologies-collaboration,award,legitimacy,2026-07-30 05:43:27.055386+00:00,2026-03-18 00:00:00+00:00,0.7,False,False
df11663e-1cce-4d3b-8684-0371e692fda6,psi,hermes,website,https://www.psi.ch/de/visit/public-tours/quantentechnologie,strategic_positioning,community_ecosystem,2026-07-30 05:43:27.055386+00:00,2026-03-10 00:00:00+00:00,0.65,False,False
5fabcf09-dd26-44f8-8307-951550fe5f62,psi,hermes,website,https://scnat.ch/de/uuid/i/8cf1f99b-647e-5484-979a-96c80c76f23c-Vier_Projekte_im_Rahmen_der_Ausschreibung_f%C3%BCr_%C2%ABTRL-enhancing_initiatives%C2%BB_ausgew%C3%A4hlt,funding_event,legitimacy,2026-07-30 05:43:27.055386+00:00,2026-04-10 00:00:00+00:00,0.9,False,False
a60a19c9-a01c-4cc7-ab5c-282d0d92d98a,geneva-quantum-centre,hermes,website,https://www.unige.ch/gap/qic/qtech/news,award,legitimacy,2026-07-30 05:50:28.536674+00:00,2025-02-18 00:00:00+00:00,0.8,False,False
a7aaf61d-8ccd-41c9-ab14-cd0da4e3f204,geneva-quantum-centre,hermes,website,https://www.unige.ch/gap/qic/qtech/news,hiring,future_trajectory,2026-07-30 05:50:28.536674+00:00,2026-03-01 00:00:00+00:00,0.75,False,False
348b94e2-859f-4064-9159-c04f07693137,geneva-quantum-centre,hermes,website,https://www.unige.ch/gap/qic/qtech/news,pilot_announcement,customer_cocreation,2026-07-30 05:50:28.536674+00:00,2026-02-12 00:00:00+00:00,0.7,False,False
9c3c3fd2-9b5e-4eb7-b9b6-59efd8d21910,switzerland-innovation-parks,hermes,website,https://www.switzerland-innovation.com,consortium_membership,community_ecosystem,2026-07-30 06:18:09.693978+00:00,,0.55,False,False
b9ecbbac-8f1c-4638-bd95-4c2c47111019,gesda,hermes,website,https://gesda.global/news/,conference_role,community_ecosystem,2026-07-30 06:30:37.269805+00:00,2026-06-22 00:00:00+00:00,0.65,False,False
c30d539b-e826-419f-bb9f-89e43525eee3,gesda,hermes,website,https://gesda.global/news/,strategic_positioning,community_ecosystem,2026-07-30 06:30:37.269805+00:00,2026-05-06 00:00:00+00:00,0.6,False,False
8aa3dfcb-a3f9-4612-8279-3cb5092d69b7,gesda,hermes,website,https://gesda.global/what-we-do/open-quantum-institute/,roadmap_statement,future_trajectory,2026-07-30 06:30:37.269805+00:00,2026-01-01 00:00:00+00:00,0.75,False,False
c6b99a96-2867-43e3-a5bc-f22c22e841d9,gesda,hermes,website,https://radar.gesda.global/,publication,legitimacy,2026-07-30 06:30:37.269805+00:00,2026-01-01 00:00:00+00:00,0.7,True,False
3987a5b4-2a7e-44be-b510-ec5d2f85d83d,id-quantique,hermes,website,https://www.idquantique.com,merger_acquisition,future_trajectory,2026-07-30 06:46:15.619189+00:00,2025-08-01 00:00:00+00:00,0.7,False,False
0279a064-342e-451c-a556-f9c013fd967f,id-quantique,hermes,website,https://www.idquantique.com/etsi-unveils-first-ever-qkd-protection-profile/,certification,legitimacy,2026-07-30 06:46:15.619189+00:00,2025-03-01 00:00:00+00:00,0.65,False,False
1c9138ad-80fd-448b-a3cd-15ce3466196e,id-quantique,hermes,website,https://www.idquantique.com/idq-launches-quantum-safe-communication-ecosystem/,consortium_membership,community_ecosystem,2026-07-30 06:46:15.619189+00:00,2025-07-01 00:00:00+00:00,0.75,False,False
44c2fd7d-a435-4ec8-82a7-e53b1d12c100,id-quantique,hermes,website,https://www.idquantique.com/id-quantique-launches-clarion-kx/,product_launch,future_trajectory,2026-07-30 06:46:15.619189+00:00,2025-06-15 00:00:00+00:00,0.8,False,False
a274b1ba-91b8-4471-ab86-25d55fd1d99c,id-quantique,hermes,website,https://www.idquantique.com/id-quantique-joins-eagle-1/,consortium_membership,community_ecosystem,2026-07-30 06:46:15.619189+00:00,2025-05-01 00:00:00+00:00,0.8,True,False
4a70ea98-e8e1-480e-a1ce-8aeca7e7b816,id-quantique,hermes,website,https://www.idquantique.com/two-approaches-to-pnr-and-ultrafast-detection-with-snspds/,technological_advances,future_trajectory,2026-07-30 06:46:15.619189+00:00,2025-04-15 00:00:00+00:00,0.6,False,False
82762c44-0f4e-4cd3-9166-c8aaf382b73e,basel-precision-instruments,hermes,website,https://baspi.ch,conference_presence,community_ecosystem,2026-07-30 06:56:20.593536+00:00,2026-06-25 00:00:00+00:00,0.65,False,False
1d7ab6da-4096-430d-b7f9-a81c84a1d094,basel-precision-instruments,hermes,website,https://baspi.ch,strategic_hire,future_trajectory,2026-07-30 06:56:20.593536+00:00,2026-06-01 00:00:00+00:00,0.65,False,False
95880232-23f8-401f-b3d0-3da3cb2df3f5,basel-precision-instruments,hermes,website,https://www.baspi.ch/publications,publication,community_ecosystem,2026-07-30 06:56:20.593536+00:00,2026-04-15 00:00:00+00:00,0.8,False,False
0147b094-3b64-4c24-ada7-bc005086dbae,basel-precision-instruments,hermes,website,https://baspi.ch,customer_testimonial,customer_cocreation,2026-07-30 06:56:20.593536+00:00,2026-05-01 00:00:00+00:00,0.6,False,False
51f88a54-27aa-4c6b-89d7-9522cabdaea0,basel-precision-instruments,hermes,website,https://www.baspi.ch/publications,publication,community_ecosystem,2026-07-30 06:56:20.593536+00:00,2026-03-03 00:00:00+00:00,0.8,False,False
fd771893-098e-42e7-b436-5e1325ffab7d,basel-precision-instruments,hermes,website,https://baspi.ch,product_launch,future_trajectory,2026-07-30 06:56:20.593536+00:00,2026-06-20 00:00:00+00:00,0.7,False,False
ee580abc-3ee8-4842-b71f-065bb5e5415f,basel-precision-instruments,hermes,website,https://baspi.ch,conference_presence,community_ecosystem,2026-07-30 06:56:20.593536+00:00,2026-03-15 00:00:00+00:00,0.7,False,False
6ad3f923-84cb-4799-bb63-a4f129c93bbe,basel-precision-instruments,hermes,website,https://baspi.ch,funding_event,legitimacy,2026-07-30 06:56:20.593536+00:00,2026-06-15 00:00:00+00:00,0.75,False,False
829e59d2-0d10-41b7-a5d2-b0869e268302,basel-precision-instruments,hermes,website,https://baspi.ch,partnership_announcement,customer_cocreation,2026-07-30 06:56:20.593536+00:00,2026-06-01 00:00:00+00:00,0.75,False,False
0232f5c4-8873-4670-bbbc-5a3d0122515b,basel-precision-instruments,hermes,website,https://baspi.ch,integration_design_win,customer_cocreation,2026-07-30 06:56:20.593536+00:00,2026-05-20 00:00:00+00:00,0.75,False,False
aac197f9-04a1-49ae-a4a8-3e81cde8897c,basel-precision-instruments,hermes,website,https://baspi.ch,publication,community_ecosystem,2026-07-30 06:56:20.593536+00:00,2026-03-03 00:00:00+00:00,0.8,False,False
91f494b6-3263-4600-af94-4605b35c0f86,miraex,hermes,website,https://miraex.com/q-modus-snsf-bridge-quantum-call/,consortium_membership,community_ecosystem,2026-07-30 07:00:19.389893+00:00,2026-04-07 00:00:00+00:00,0.8,False,False
d8a9605d-bd25-4b42-861d-e16fdfd59f88,miraex,hermes,website,https://miraex.com/miraex-and-seal-sq-sign-a-letter-of-intent-to-acquire-100-of-miraex/,merger_acquisition,future_trajectory,2026-07-30 07:00:19.389893+00:00,2026-04-07 00:00:00+00:00,0.8,False,False
72df0f54-ad1d-4935-8daf-9fe7ab9b3dc1,terra-quantum,hermes,website,https://terraquantum.swiss/news,pilot_announcement,customer_cocreation,2026-07-30 07:12:25.234733+00:00,2026-05-08 00:00:00+00:00,0.5,True,False
0af979d6-3dbf-43cf-b2c5-07bf97e4a7f2,terra-quantum,hermes,website,https://terraquantum.swiss/news,product_launch,future_trajectory,2026-07-30 07:12:25.234733+00:00,2026-06-15 00:00:00+00:00,0.5,False,False
759c70cb-98c4-4d2f-90d6-82a7e5cedb90,terra-quantum,hermes,website,https://terraquantum.swiss/news/tqrouting-at-the-cvrplib-bks-challenge,benchmark_performance,legitimacy,2026-07-30 07:12:25.234733+00:00,2026-03-27 00:00:00+00:00,0.9,False,False
430b7ae4-3ef5-4806-9d45-00651fd4186a,terra-quantum,hermes,website,https://terraquantum.swiss/news,funding_event,future_trajectory,2026-07-30 07:12:25.234733+00:00,2026-05-26 00:00:00+00:00,0.55,False,False
84ddfabc-36f2-4e33-b02b-bf1790da78b2,terra-quantum,hermes,website,https://terraquantum.swiss/news/terra-quantum-ag-to-go-public-in-3-25-billion-spac-deal,funding_event,future_trajectory,2026-07-30 07:12:25.234733+00:00,2026-04-09 00:00:00+00:00,0.85,False,False
f0db66a7-73f8-43f0-9bac-876bfbd2c3a9,terra-quantum,hermes,website,https://terraquantum.swiss/news/terra-quantum-deploys-quantum-secure-network-link-in-malta,pilot_announcement,customer_cocreation,2026-07-30 07:12:25.234733+00:00,2026-05-10 00:00:00+00:00,0.9,False,False
a9a82301-7cb6-42af-b6eb-cb768aeca1a8,terra-quantum,hermes,website,https://terraquantum.swiss/news,consortium_membership,community_ecosystem,2026-07-30 07:12:25.234733+00:00,2026-06-04 00:00:00+00:00,0.5,False,False
039db045-5fe5-4a58-a76f-95427f07caee,ionq,hermes,website,https://investors.ionq.com/news/news-details/2026/IonQ-Introduces-Clavis-XG-Multiplex-Making-Quantum-Security-Deployable-at-Scale-in-Metro-Networks/default.aspx,product_portfolio_expansion,future_trajectory,2026-07-30 07:14:09.049779+00:00,2026-06-17 00:00:00+00:00,0.75,False,False
3575d230-038d-464b-a180-f320ed2d2278,zuriq,hermes,website,https://zuriq.com/news,funding_event,future_trajectory,2026-07-30 07:33:09.322158+00:00,2026-07-28 00:00:00+00:00,0.55,False,False
2d27ef2f-27b3-4e85-8d5b-19accdc02cc2,zuriq,hermes,website,https://zuriq.com/news/zuriq-founding-team-drives-breakthrough-in-single-ion-electromagnetic-field-detection/,publication,legitimacy,2026-07-30 07:33:09.322158+00:00,2026-07-08 00:00:00+00:00,0.75,False,False
a8b22683-cb14-43a6-a864-3f28299f7c6f,zuriq,hermes,website,https://zuriq.com/news/pavel-hrmo-on-the-quantum-economy-podcast/,conference_presentation,community_ecosystem,2026-07-30 07:33:09.322158+00:00,2026-03-02 00:00:00+00:00,0.7,False,False
a3b31567-3682-45e3-b30a-ba4821c7a6b5,usi,masfactory,news,https://swissnex.org/app/uploads/2024/12/Factsheet_quantum_2024_Dec.pdf,regulatory_recognition,legitimacy,2026-07-31 03:44:45.716455+00:00,,0.8,False,False
ec1f55d3-ea6f-4347-a7c3-6e12e6b23f25,cern-quantum-technology-initiative,masfactory,news,https://ch.linkedin.com/showcase/cern-quantum-technology-initiative-cern-qti/,regulatory_recognition,legitimacy,2026-07-31 03:44:45.716455+00:00,,0.7,False,False
a05ea732-bb37-4b93-8ae1-1a06d7160a08,csem,masfactory,news,https://www.csem.ch/en/technical-focus/quantum-technologies/,technological_advances,future_trajectory,2026-07-31 03:44:45.716455+00:00,,0.75,False,False
cf2900d5-9714-4e30-a3d3-838ff1558b70,id-quantique,masfactory,news,http://www.bing.com/news/apiclick.aspx?ref=FexRss&aid=&tid=6a6c0266d9e14f259a406d0945f42b7a&url=https%3a%2f%2fwww.finanzen.at%2fnachrichten%2faktien%2feqs-news-elmos-and-id-quantique-join-forces-to-develop-the-worlds-smallest-quantum-random-number-generator-qrng-solution-1034203904&c=6755841593728553227&mkt=de-de,industry_partnerships,community_ecosystem,2026-07-31 03:44:45.716455+00:00,,0.85,False,False
aa817c5d-0c6f-4bfb-8477-2ee48c00f2ae,ligentec,masfactory,news,https://www.ligentec.com/ligentec-qpic1550-quantum-photonics/?srsltid=AfmBOoo93E1uYA0kIu6zE-u9DuVoaO28h8GAwAU7l3vCgy-N4C1nfDzF,technological_advances,future_trajectory,2026-07-31 03:44:45.716455+00:00,,0.85,False,False
d05403ae-62d9-4fe1-a63f-6df14a5681f1,metas,masfactory,news,https://ui.adsabs.harvard.edu/abs/2025MeasS..3801857L/abstract,publications,legitimacy,2026-07-31 03:44:45.716455+00:00,,0.9,False,False
fb0a754e-8756-4858-8324-27102d540fde,metas,masfactory,news,https://www.researchgate.net/scientific-contributions/Blaise-Jeanneret-5862986,technological_advances,future_trajectory,2026-07-31 03:44:45.716455+00:00,,0.85,False,False
88e86bb6-5df4-4dcb-92c8-06ffba4c256d,miraex,masfactory,news,https://app.dealroom.co/news/feed/sealsq-acquires-swiss-photonics-firm-miraex-to-complete-quantum-sovereign-stack-deploys-over-65m-from-200m-quantum-fund,funding_event,legitimacy,2026-07-31 03:44:45.716455+00:00,,0.95,False,False
71610fbb-36d4-4163-bb8c-ceaf05f3e2c2,miraex,masfactory,news,https://miraex.com/,technological_advances,future_trajectory,2026-07-31 03:44:45.716455+00:00,,0.8,False,False
1240079f-5635-4655-b65b-f2e336709d34,miraex,masfactory,news,https://x.com/CreusMoreira/status/2081111739156861012,testimonials,legitimacy,2026-07-31 03:44:45.716455+00:00,,0.75,False,False
88bd1983-6d56-4965-a9da-f53f0d819c5b,qnami,masfactory,news,https://qd-europe.com/de/de/neuigkeiten/aktuelles/newsdetails/quantum-design-completes-acquisition-of-qnami--2608/,funding_event,legitimacy,2026-07-31 03:44:45.716455+00:00,,0.95,False,False
b01aeb09-4cfb-46a0-a441-76457ff9bed6,qzabre,masfactory,news,https://www.qzabre.com/team,leadership_expertise,legitimacy,2026-07-31 03:44:45.716455+00:00,,0.95,False,False
6479347b-ed40-4f64-804d-a1fa7561b6f4,switzerland-innovation-parks,masfactory,news,https://www.baden.ch/en/skilled-workers/research/switzerland-innovation-park-innovaare.html/3540,long_horizon_claims,future_trajectory,2026-07-31 03:44:45.716455+00:00,,0.7,False,False
a4df16f3-356b-480f-a693-22605c4e096f,usi,masfactory,news,https://www.cecam.org/workshop-details/quantum-monte-carlo-meets-quantum-chemistry-new-approaches-for-electron-correlation-836,academic_partnerships,community_ecosystem,2026-07-31 03:44:45.716455+00:00,,0.85,False,False
c8a13be2-1b84-463c-b1f5-e4a4dbcc7936,usi,masfactory,news,https://www.usi.ch/en/feeds/31385,academic_partnerships,community_ecosystem,2026-07-31 03:44:45.716455+00:00,,0.85,False,False
8e11871b-801c-4c2e-96d2-f77b93cadbf4,usi,masfactory,news,https://ch.linkedin.com/in/william-schober-8918a0112,educational_outreach,legitimacy,2026-07-31 03:44:45.716455+00:00,,0.6,False,False
7aa2ee1e-7e71-452e-85e9-5ec0634d67ae,verve-ventures,masfactory,news,https://thequantuminsider.com/2026/04/30/groove-quantum-spin-qubit-processor-funding/,funding_event,legitimacy,2026-07-31 03:44:45.716455+00:00,,0.95,False,False
0e4a58cf-4358-4016-b1a5-db328696738c,zhaw,masfactory,news,https://ch.linkedin.com/jobs/view/phd-position-in-quantum-machine-learning-jointly-with-university-of-zurich-at-zhaw-zurich-university-of-applied-sciences-4340957482,academic_partnerships,community_ecosystem,2026-07-31 03:44:45.716455+00:00,,0.9,False,False
62b76bea-ef60-4909-8c1f-185be4a6f4e3,zuriq,masfactory,news,https://zuriq.com/fundraise/zuriq-raises-25-5-million/,technological_advances,future_trajectory,2026-07-31 03:44:45.716455+00:00,,0.9,False,False
1ef812dc-629a-4bd5-baab-ae51efa5982d,zuriq,masfactory,news,http://www.bing.com/news/apiclick.aspx?ref=FexRss&aid=&tid=6a6c027aee4843328c417cddff57145f&url=https%3a%2f%2fwww.forbes.com%2fsites%2fdavidprosser%2f2026%2f07%2f28%2fmeet-the-swiss-start-up-hoping-to-power-the-worlds-quantum-revolution%2f&c=4934794561832145418&mkt=de-de,funding_event,legitimacy,2026-07-31 03:44:45.716455+00:00,,0.95,False,False
7e107ed0-ff30-452a-8940-af6feb09b5b5,csem,masfactory,news,https://qdisystems.com/news-item/csem-and-qdi-systems-unveil-quantum-dot-cmos-image-sensor/,industry_partnerships,community_ecosystem,2026-07-31 03:44:45.716455+00:00,,0.9,False,False
58d7bdf2-33d4-4e8f-8db6-773bff9a070f,femtoprint,masfactory,news,https://www.femtoprint.ch/applications/quantum/printed-circuit-board.html,technological_advances,future_trajectory,2026-07-31 03:44:45.716455+00:00,,0.9,False,False
63ae93c6-9744-474a-8123-f0b590ae1947,femtoprint,masfactory,news,https://www.youtube.com/watch?v=jbTizVoqy3g,technological_advances,future_trajectory,2026-07-31 03:44:45.716455+00:00,,0.95,False,False
08746d20-fc15-4c24-b403-f1e6a5503a83,swiss-quantum-initiative,hermes,website,https://quantum.scnat.ch/en/news_and_events,pilot_announcement,customer_cocreation,2026-07-31 05:09:05.310817+00:00,2026-07-07 00:00:00+00:00,0.7,False,False
cc3dbabd-ffb6-4dcc-83e5-2b04fd31bbc7,swiss-quantum-initiative,hermes,arxiv,https://arxiv.org/abs/2605.05347,publication,legitimacy,2026-07-31 05:09:05.310817+00:00,2026-05-06 00:00:00+00:00,0.95,False,False
0994d8b9-8585-407b-a1c0-d26e478ec2b1,swiss-quantum-initiative,hermes,arxiv,https://arxiv.org/abs/2607.12044,publication,legitimacy,2026-07-31 05:09:05.310817+00:00,2026-07-13 00:00:00+00:00,0.95,False,False
717ea99e-c12f-41c1-9fbe-6a770c56efd7,swiss-quantum-initiative,hermes,news,https://bqc.unibas.ch/en/network/swiss-quantum-initiative/,conference_role,community_ecosystem,2026-07-31 05:09:05.310817+00:00,2026-02-02 00:00:00+00:00,0.6,False,False
cee1b971-87b0-409d-9556-65efbffb7a86,swiss-quantum-initiative,hermes,website,https://www.snf.ch/en/N01wa8jzDaYFaPca/news/swiss-quantum-call-2026,funding_event,legitimacy,2026-07-31 05:09:05.310817+00:00,2026-07-31 00:00:00+00:00,0.85,False,False
d98ebea6-367f-4051-92e8-fa9173b15468,swiss-quantum-initiative,hermes,news,https://swissnex.org/news/swiss-quantum-strategy-released/,strategic_positioning,future_trajectory,2026-07-31 05:09:05.310817+00:00,2026-03-04 00:00:00+00:00,0.9,False,False
9e02db37-5a3a-4a94-8c03-6ebd4f1c318c,swiss-quantum-initiative,hermes,website,https://www.bridge.ch/en/Z4n14npZV0xK4Yxg/news/bridge-quantum-call-2025-9-projects-approved,consortium_funding,customer_cocreation,2026-07-31 05:09:05.310817+00:00,2026-03-27 00:00:00+00:00,0.9,False,False
38350ea2-d642-478a-94c2-98592414cd11,swiss-quantum-initiative,hermes,website,https://www.sbfi.admin.ch/en/swiss-quantum-initiative-en,funding_event,future_trajectory,2026-07-31 05:09:05.310817+00:00,2026-07-31 00:00:00+00:00,0.85,False,False
2eb30f0c-c402-423d-8e65-58c018d682ac,swiss-quantum-initiative,hermes,website,https://quantum.scnat.ch/en/news_and_events,pilot_announcement,community_ecosystem,2026-07-31 05:09:05.310817+00:00,2026-05-26 00:00:00+00:00,0.85,False,False
2f9ec059-20c5-4228-a5f3-cbf196b3a953,nccr-spin,hermes,arxiv,https://arxiv.org/abs/2505.02449v3,publication,legitimacy,2026-07-31 05:16:31.526554+00:00,2026-07-28 00:00:00+00:00,0.7,False,False
a902fb8c-e79c-4c1a-8bdc-2ca628f22465,nccr-spin,hermes,news,https://www.usi.ch/en/feeds/28908,talent_development,future_trajectory,2026-07-31 05:16:31.526554+00:00,2026-07-31 00:00:00+00:00,0.75,False,False
deaef74c-b2cd-40f3-82d7-1c380bbc46fc,nccr-spin,hermes,website,https://www.nccr-spin.ch/events,review_audit,legitimacy,2026-07-31 05:16:31.526554+00:00,2026-11-12 00:00:00+00:00,0.65,False,False
2e3deea1-7597-4a3b-a1de-785f3f0e567c,nccr-spin,hermes,news,https://hightechzentrum.ch/event/nccr-spin-upquantval-quantum-industry-chat,industry_engagement,community_ecosystem,2026-07-31 05:16:31.526554+00:00,2026-09-10 00:00:00+00:00,0.75,False,False
fe595e52-bd45-4f58-8c14-db5238437f09,nccr-spin,hermes,arxiv,https://arxiv.org/abs/2604.13644v1,publication,legitimacy,2026-07-31 05:16:31.526554+00:00,2026-04-15 00:00:00+00:00,0.7,False,False
621688fc-65cd-4b7a-b810-31ad061be5d6,nccr-spin,hermes,website,https://www.nccr-spin.ch/news/spinqubit7,conference_organization,community_ecosystem,2026-07-31 05:16:31.526554+00:00,2026-06-15 00:00:00+00:00,0.8,False,False
66820caa-7c63-4488-a053-fb5ea0c0d440,nccr-spin,hermes,website,https://www.nccr-spin.ch/news/silicon-quantum-electronics-workshop-siqew-2026,conference_organization,community_ecosystem,2026-07-31 05:16:31.526554+00:00,2026-06-11 00:00:00+00:00,0.8,False,False
f99f8663-c69b-4b24-8f0d-1c1eb27adc95,nccr-spin,hermes,arxiv,https://arxiv.org/abs/2604.19687,publication,legitimacy,2026-07-31 05:16:31.526554+00:00,2026-04-21 00:00:00+00:00,0.7,False,False
f44bd2a5-6442-4999-be32-4fc2d5eb2e31,fhnw,hermes,website,https://www.fhnw.ch/de/technik-umwelt/aktuelles/news-storys/alle/quantentechnologie-bridge-quantum-projekte,funding_event,legitimacy,2026-07-31 05:58:37.316826+00:00,2026-04-21 00:00:00+00:00,0.85,False,False
7476f7af-688a-4f49-891b-f81350633756,fhnw,hermes,website,https://digitaltrust-competence.ch/introduction-to-quantum-technologies-and-the-swiss-ecosystem/,strategic_positioning,community_ecosystem,2026-07-31 05:58:37.316826+00:00,2026-05-22 00:00:00+00:00,0.8,False,False
412af193-96e5-42ec-a01f-24aae922214b,switzerland-innovation-parks,hermes,website,https://www.switzerland-innovation.com,consortium_membership,community_ecosystem,2026-07-31 06:08:59.233767+00:00,2024-04-25 00:00:00+00:00,0.65,False,False
a06672a3-ef37-4815-a136-ddf1bee1c462,gesda,hermes,website,https://gesda.global/gesda-news/,publication,community_ecosystem,2026-07-31 06:18:40.115078+00:00,2025-09-01 00:00:00+00:00,0.5,False,False
fcc0f5c7-e55c-46a2-b746-2201813d7a73,gesda,hermes,website,https://gesda.global/gesda-news/,conference_event,community_ecosystem,2026-07-31 06:18:40.115078+00:00,2025-10-15 00:00:00+00:00,0.65,False,False
f2335f25-8b68-4c65-a429-232daa52c5d5,gesda,hermes,website,https://radar.gesda.global/,publication,legitimacy,2026-07-31 06:18:40.115078+00:00,2026-01-01 00:00:00+00:00,0.7,True,False
995cc691-20ae-45b5-938e-d9801aa624dd,gesda,hermes,website,https://gesda.global/gesda-news/,conference_event,community_ecosystem,2026-07-31 06:18:40.115078+00:00,2026-06-26 00:00:00+00:00,0.65,False,False
2d1ce843-91a6-4b4b-8da3-847af966b970,gesda,hermes,news,https://en.wikipedia.org/wiki/Villars_Institute,strategic_positioning,future_trajectory,2026-07-31 06:18:40.115078+00:00,2023-10-02 00:00:00+00:00,0.35,False,False
d82dd4e7-8161-4828-a73b-99e47b2909fb,open-quantum-institute-cern,hermes,news,https://home.cern/news/news/computing/open-quantum-institute-launches-its-pilot-phase-cern,pilot_announcement,future_trajectory,2026-07-31 06:21:11.209016+00:00,,0.35,False,False
0ff4a7cd-6be3-42d7-b5aa-6249a4248cd5,id-quantique,hermes,website,https://www.idquantique.com/ernie-5-goes-quantum/,customer_win,customer_cocreation,2026-07-31 06:29:41.933567+00:00,2025-01-01 00:00:00+00:00,0.65,False,False
3ebfe8c0-5fdd-4c13-8964-3f5fbe3fc5ee,id-quantique,hermes,website,https://www.idquantique.com/qci-days-2025/,consortium_membership,community_ecosystem,2026-07-31 06:29:41.933567+00:00,2025-04-28 00:00:00+00:00,0.7,False,False
ef496851-7f52-4049-9689-9f9b743b6170,basel-precision-instruments,hermes,website,https://www.baspi.ch,partnership_announcement,customer_cocreation,2026-07-31 06:41:31.830958+00:00,2026-06-10 00:00:00+00:00,0.7,False,False
dcd7af65-b4d1-4528-b404-df703f817505,basel-precision-instruments,hermes,website,https://www.baspi.ch,conference_presence,community_ecosystem,2026-07-31 06:41:31.830958+00:00,2026-03-15 00:00:00+00:00,0.7,False,False
6aef665c-05ea-415e-a6cc-9500968af496,basel-precision-instruments,hermes,website,https://www.baspi.ch,consortium_membership,community_ecosystem,2026-07-31 06:41:31.830958+00:00,2026-06-30 00:00:00+00:00,0.75,True,False
3ef6e41e-1125-4449-94b4-1252abec7b63,basel-precision-instruments,hermes,website,https://www.baspi.ch,strategic_positioning,future_trajectory,2026-07-31 06:41:31.830958+00:00,2026-05-01 00:00:00+00:00,0.65,False,False
74f8a353-6bcc-406c-81af-75908cdc08e9,basel-precision-instruments,hermes,website,https://www.baspi.ch,publication,legitimacy,2026-07-31 06:41:31.830958+00:00,2026-03-03 00:00:00+00:00,0.65,False,False
6f66e5bb-6b19-4a39-a64f-db6ee7e5dfdf,basel-precision-instruments,hermes,website,https://www.baspi.ch,product_integration,customer_cocreation,2026-07-31 06:41:31.830958+00:00,2026-05-20 00:00:00+00:00,0.7,False,False
e3eace8e-64f3-4f20-b957-3cc0cff20ef3,swissphotonics,hermes,website,http://www.swissphotonics.net/,strategic_positioning,community_ecosystem,2026-07-31 06:44:25.363392+00:00,2026-07-01 00:00:00+00:00,0.45,False,False
298fce36-1899-4faf-8c7c-e5e967ef93b4,swissphotonics,hermes,website,http://www.swissphotonics.net/,certification,legitimacy,2026-07-31 06:44:25.363392+00:00,2026-07-01 00:00:00+00:00,0.4,False,False
bed4b71f-fd6f-4863-8ae2-0271440d9316,swissphotonics,hermes,website,http://www.swissphotonics.net/,funding_event,future_trajectory,2026-07-31 06:44:25.363392+00:00,2026-07-01 00:00:00+00:00,0.4,True,False
504346b4-e13c-40c0-b55e-6463d395ad51,swissphotonics,hermes,website,http://www.swissphotonics.net/,funding_event,legitimacy,2026-07-31 06:44:25.363392+00:00,2026-07-01 00:00:00+00:00,0.45,False,False
b54b35f9-4209-4c0d-92ae-5fb0bcdc2450,swissphotonics,hermes,website,https://www.swissphotonics.net/swiss_1001,consortium_membership,community_ecosystem,2026-07-31 06:44:25.363392+00:00,2026-04-25 00:00:00+00:00,0.6,False,False
4913985e-e3c2-4f32-96e4-fa858c289cb9,miraex,hermes,website,https://www.miraex.com/news/miraex-and-seal-sq-sign-a-letter-of-intent-to-acquire-100-of-miraex/,merger_acquisition,future_trajectory,2026-07-31 06:46:52.595923+00:00,2026-03-24 00:00:00+00:00,0.9,False,False
6a11d405-0270-4860-a988-5337bbfa5de3,miraex,hermes,website,https://www.miraex.com/news/q-modus-snsf-bridge-quantum-call/,consortium_membership,community_ecosystem,2026-07-31 06:46:52.595923+00:00,2026-04-07 00:00:00+00:00,0.85,False,False
59702ecb-fb2e-4fc0-96e3-414e55640124,qnami,hermes,website,https://qnami.ch/news/qnami-joins-quantum-design-to-accelerate-the-future-of-quantum-sensing/,acquisition,future_trajectory,2026-07-31 06:50:40.849513+00:00,2026-06-02 00:00:00+00:00,0.85,False,False
cb749c39-a93f-4097-88dd-2e0d20865277,ionq,hermes,website,https://ionq.co/blog/bypassing-the-horizon-how-space-based-laser-networks-are-rewriting-the-rules-of-satellite-intelligence,technological_advances,future_trajectory,2026-07-31 06:57:33.392453+00:00,2026-06-24 00:00:00+00:00,0.75,True,False
942d300e-5398-4a57-9431-f7c7366a2aa8,ionq,hermes,website,https://ionq.co/blog/beyond-qubit-counts-introducing-ionqs-application-centric-benchmarking-framework,publication,legitimacy,2026-07-31 06:57:33.392453+00:00,2026-04-14 00:00:00+00:00,0.75,False,False
bb56944e-517e-4d3b-a798-ddd86e4bbef7,ionq,hermes,website,https://ionq.co/blog/blueprint-for-fault-tolerant-trapped-ion-quantum-computing-the-walking-cat-architecture,roadmap,future_trajectory,2026-07-31 06:57:33.392453+00:00,2026-04-22 00:00:00+00:00,0.75,False,False
7f07947e-0d7a-44dc-8c28-5fe51d3027d3,ionq,hermes,website,https://ionq.co/blog/why-quantum-fine-tuning-is-the-scalable-answer-to-ais-power-crisis,technological_advances,future_trajectory,2026-07-31 06:57:33.392453+00:00,2026-07-20 00:00:00+00:00,0.75,False,False
cee5964e-3749-4748-a83a-a5a3a8111d29,ionq,hermes,website,https://ionq.co/blog/mind-the-gaps-quantum-optimization-for-efficient-electric-and-autonomous-freight-dispatch-with-ionq-and-einride,pilot_announcement,customer_cocreation,2026-07-31 06:57:33.392453+00:00,2026-04-30 00:00:00+00:00,0.75,False,False
2d4fc3a1-e8ab-4bee-81c3-1675e63e1956,zuriq,hermes,website,https://zuriq.com/scientific-publication/zuriq-founding-team-drives-breakthrough-in-single-ion-electromagnetic-field-detection/,publication,legitimacy,2026-07-31 07:12:31.167809+00:00,2026-07-08 00:00:00+00:00,0.9,False,False
1adc51f5-0d4b-4395-bf8b-ea750a149bae,zuriq,hermes,website,https://zuriq.com/fundraise/zuriq-raises-25-5-million/,funding_event,future_trajectory,2026-07-31 07:12:31.167809+00:00,2026-07-28 00:00:00+00:00,0.95,False,False
feea0566-e9d2-43f9-a6ea-bc36c6c42c9c,swissnex,hermes,website,https://swissnex.org/news/swiss-quantum-strategy-released/,strategic_positioning,community_ecosystem,2026-07-31 07:17:52.515064+00:00,2026-03-06 00:00:00+00:00,0.85,False,False
d3c58adc-ef90-4167-91db-117a7244a9d4,swissnex,hermes,website,https://swissnex.org/news/swissnex-quantum-summit-2025-key-insights/,conference_event,community_ecosystem,2026-07-31 07:17:52.515064+00:00,2025-11-10 00:00:00+00:00,0.8,False,False
